Macro-categoria,Sottosezione,Fonte,URL,RSS Feed,Lingua,Paese / Area,Accesso,Note
📰 Media & Testate Giornalistiche,Globali & Internazionali,ABC News (USA),https://abcnews.go.com,,EN,US,,TV USA
📰 Media & Testate Giornalistiche,Globali & Internazionali,Acento DR,https://acento.com.do,,ES,DO,,Online
📰 Media & Testate Giornalistiche,Globali & Internazionali,AdWeek,https://www.adweek.com,https://www.adweek.com/feed/,EN,US,,Advertising
📰 Media & Testate Giornalistiche,Globali & Internazionali,AFP Fact Check,https://factcheck.afp.com,,,Globale,,Fact-checking AFP
📰 Media & Testate Giornalistiche,Globali & Internazionali,AFP News,https://www.afp.com,https://www.afp.com/en/rss,EN,FR,,Wire globale — Wire service Europa
📰 Media & Testate Giornalistiche,Globali & Internazionali,Africa Check,https://africacheck.org,,,Pan-Africa,,Fact-checking africano — Africa
📰 Media & Testate Giornalistiche,Globali & Internazionali,Agenda Digitale,https://www.agendadigitale.eu,https://www.agendadigitale.eu/feed/,IT,IT,,PA digitale — Tech
📰 Media & Testate Giornalistiche,Globali & Internazionali,AllSides,https://www.allsides.com,,EN,US,,Bias comparazione — USA
📰 Media & Testate Giornalistiche,Globali & Internazionali,Amandala Belize,https://www.amandala.com.bz,https://amandala.com.bz/news/feed/,,BZ,,Belize
📰 Media & Testate Giornalistiche,Globali & Internazionali,Anchorage Daily News,https://www.adn.com,,EN,US,,Alaska
📰 Media & Testate Giornalistiche,Globali & Internazionali,AP Fact Check,https://apnews.com/hub/ap-fact-check,https://apnews.com/ap-fact-check.rss,EN,US,,Fact-checking AP — USA
📰 Media & Testate Giornalistiche,Globali & Internazionali,Arizona Republic,https://www.azcentral.com,,EN,US,,Arizona
📰 Media & Testate Giornalistiche,Globali & Internazionali,Associated Press,https://apnews.com,https://apnews.com/index.rss,EN,US,,Wire service USA
📰 Media & Testate Giornalistiche,Globali & Internazionali,Axios,https://www.axios.com,,EN,US,,News concise
📰 Media & Testate Giornalistiche,Globali & Internazionali,Axios Future,https://www.axios.com/future,https://www.axios.com/rss,EN,US,,Tech/Future
📰 Media & Testate Giornalistiche,Globali & Internazionali,Barbados Today,https://barbadostoday.bb,https://barbadostoday.bb/feed/,EN,BB,,Barbados
📰 Media & Testate Giornalistiche,Globali & Internazionali,BBC News,https://www.bbc.com/news,,EN,GB,,Copertura globale — homepage
📰 Media & Testate Giornalistiche,Globali & Internazionali,BBC News World,https://www.bbc.com/news/world,,EN,GB,,Copertura globale
📰 Media & Testate Giornalistiche,Globali & Internazionali,BIRN Balkan,https://birn.eu.com,https://birn.eu.com/feed/,,Balcani,,Network
📰 Media & Testate Giornalistiche,Globali & Internazionali,Boston Globe,https://www.bostonglobe.com,,EN,US,,Boston
📰 Media & Testate Giornalistiche,Globali & Internazionali,Breaking Defense,https://breakingdefense.com,https://breakingdefense.com/feed/,EN,US,,Difesa globale
📰 Media & Testate Giornalistiche,Globali & Internazionali,Bridge Michigan,https://www.bridgemi.com,,EN,US,,Michigan investigativo
📰 Media & Testate Giornalistiche,Globali & Internazionali,Bulletin of Atomic Scientists,https://thebulletin.org,,EN,US,,Sicurezza nucleare — USA
📰 Media & Testate Giornalistiche,Globali & Internazionali,BuzzFeed News,https://www.buzzfeednews.com,,EN,US,,Investigativo + viral
📰 Media & Testate Giornalistiche,Globali & Internazionali,CalMatters,https://calmatters.org,https://calmatters.org/feed/,EN,US,,California Policy
📰 Media & Testate Giornalistiche,Globali & Internazionali,Canary Media,https://www.canarymedia.com,https://www.canarymedia.com/rss.rss,EN,US,,Energia pulita — USA — News
📰 Media & Testate Giornalistiche,Globali & Internazionali,CBC News,https://www.cbc.ca/news,,EN,CA,,Canada
📰 Media & Testate Giornalistiche,Globali & Internazionali,CBS News,https://www.cbsnews.com,,EN,US,,TV USA
📰 Media & Testate Giornalistiche,Globali & Internazionali,Chalkbeat,https://www.chalkbeat.org,https://www.chalkbeat.org/arc/outboundfeeds/rss/,EN,US,,Educazione USA
📰 Media & Testate Giornalistiche,Globali & Internazionali,Chicago Tribune,https://www.chicagotribune.com,,EN,US,,Chicago
📰 Media & Testate Giornalistiche,Globali & Internazionali,Climate Signals,https://www.climatesignals.org,,EN,US,,Scienza clima — USA
📰 Media & Testate Giornalistiche,Globali & Internazionali,CNET,https://www.cnet.com,https://www.cnet.com/rss/news/,EN,US,,Tech Consumer
📰 Media & Testate Giornalistiche,Globali & Internazionali,CNN International,https://edition.cnn.com,,EN,US,,Breaking news USA
📰 Media & Testate Giornalistiche,Globali & Internazionali,Colorado Sun,https://coloradosun.com,,EN,US,,Colorado investigativo
📰 Media & Testate Giornalistiche,Globali & Internazionali,CoronaVirusFacts Alliance,https://www.poynter.org/ifcn/covid-19-misinformation,,,Globale,,FC COVID
📰 Media & Testate Giornalistiche,Globali & Internazionali,Current Affairs,https://www.currentaffairs.org,,EN,US,,Analisi critica
📰 Media & Testate Giornalistiche,Globali & Internazionali,Daily Sabah,https://www.dailysabah.com,,EN,TR,,Turchia pro-gov
📰 Media & Testate Giornalistiche,Globali & Internazionali,DataJournalism.com,https://datajournalism.com,https://datajournalism.com/read/rss/longreads.xml,,Globale,,Risorse data journalism
📰 Media & Testate Giornalistiche,Globali & Internazionali,Deadline,https://deadline.com,https://deadline.com/feed/,EN,US,,Entertainment
📰 Media & Testate Giornalistiche,Globali & Internazionali,Defense News,https://www.defensenews.com,https://www.defensenews.com/rss/,EN,US,,Difesa USA
📰 Media & Testate Giornalistiche,Globali & Internazionali,Defense One,https://www.defenseone.com,,EN,US,,Difesa USA
📰 Media & Testate Giornalistiche,Globali & Internazionali,Demagog,https://demagog.org,,PL,PL,,Fact-checking PL — Polonia
📰 Media & Testate Giornalistiche,Globali & Internazionali,Demagog CZ,https://demagog.cz,,CS,CZ,,Fact-checking CZ — Rep. Ceca
📰 Media & Testate Giornalistiche,Globali & Internazionali,Denver Post,https://www.denverpost.com,https://www.denverpost.com/feed/,EN,US,,Colorado
📰 Media & Testate Giornalistiche,Globali & Internazionali,Detroit Free Press,https://www.freep.com,,EN,US,,Michigan
📰 Media & Testate Giornalistiche,Globali & Internazionali,Diario Libre DR,https://www.diariolibre.com,https://www.diariolibre.com/rss/portada.xml,ES,DO,,Quotidiano generalista — Repubblica Dominicana
📰 Media & Testate Giornalistiche,Globali & Internazionali,Digital4Biz,https://www.digital4.biz,https://www.digital4.biz/feed/,IT,IT,,B2B IT
📰 Media & Testate Giornalistiche,Globali & Internazionali,DKAN,https://getdkan.org,,,,,Alternativa open source a CKAN basata su Drupal — Gratuito — Software/portale
📰 Media & Testate Giornalistiche,Globali & Internazionali,Documented NY,https://documentedny.com,,EN,US,,Immigrazione USA
📰 Media & Testate Giornalistiche,Globali & Internazionali,Dropsite News,https://www.dropsitenews.com,https://www.dropsitenews.com/feed,EN,US,,Investigativo USA
📰 Media & Testate Giornalistiche,Globali & Internazionali,DW News,https://www.dw.com,https://rss.dw.com/xml/rss-en-all,EN,DE,,Prospettiva tedesca
📰 Media & Testate Giornalistiche,Globali & Internazionali,El Nacional DR,https://elnacional.com.do,https://elnacional.com.do/rss/home.xml,ES,DO,,Quotidiano generalista — Repubblica Dominicana
📰 Media & Testate Giornalistiche,Globali & Internazionali,Emeequis,https://www.m-x.com.mx,,ES,MX,,Inv. — Messico
📰 Media & Testate Giornalistiche,Globali & Internazionali,Energymonitor.ai,https://energymonitor.ai,https://www.energymonitor.ai/feed/,,Globale,,Energia e transizione
📰 Media & Testate Giornalistiche,Globali & Internazionali,Engadget,https://www.engadget.com,https://www.engadget.com/rss.xml,EN,US,,Tech Gadget
📰 Media & Testate Giornalistiche,Globali & Internazionali,EU vs Disinfo,https://euvsdisinfo.eu,,,EU,,Disinformazione pro-Kremlin
📰 Media & Testate Giornalistiche,Globali & Internazionali,EUfactcheck,https://eufactcheck.eu,https://eufactcheck.eu/feed/,,EU,,Fact-checking universitario (EJTA) — UE
📰 Media & Testate Giornalistiche,Globali & Internazionali,Euractiv,https://www.euractiv.com,,EN,BE,,UE policy
📰 Media & Testate Giornalistiche,Globali & Internazionali,Eurasia Group,https://www.eurasiagroup.net,,EN,US,,Rischio politico — USA
📰 Media & Testate Giornalistiche,Globali & Internazionali,Euronews,https://www.euronews.com,https://www.euronews.com/rss,EN/IT,FR,,Prospettiva europea
📰 Media & Testate Giornalistiche,Globali & Internazionali,Expansión política MX,https://politica.expansion.mx,https://politica.expansion.mx/index.rss,ES,MX,,Messico
📰 Media & Testate Giornalistiche,Globali & Internazionali,FactCheck.org,https://www.factcheck.org,https://www.factcheck.org/feed/,EN,US,,Fact-checking USA
📰 Media & Testate Giornalistiche,Globali & Internazionali,FinanzaOnline,https://www.finanzaonline.com,https://www.finanzaonline.com/feed,IT,IT,,Community — Finanza
📰 Media & Testate Giornalistiche,Globali & Internazionali,First Draft,https://firstdraftnews.org,https://firstdraftnews.org/feed/,,Globale,,Verifica e media literacy
📰 Media & Testate Giornalistiche,Globali & Internazionali,FiveThirtyEight,https://fivethirtyeight.com,,EN,US,,Data e statistiche — USA
📰 Media & Testate Giornalistiche,Globali & Internazionali,Floodlight News,https://floodlightnews.org,https://floodlightnews.org/rss/,EN,US,,Investigativo USA
📰 Media & Testate Giornalistiche,Globali & Internazionali,Foreign Affairs,https://www.foreignaffairs.com,https://www.foreignaffairs.com/rss.xml,EN,US,,Policy internazionale
📰 Media & Testate Giornalistiche,Globali & Internazionali,Foreign Policy,https://foreignpolicy.com,,EN,US,,Geopolitica
📰 Media & Testate Giornalistiche,Globali & Internazionali,FPRI,https://www.fpri.org,,EN,US,,Policy — USA
📰 Media & Testate Giornalistiche,Globali & Internazionali,Full Fact,https://fullfact.org,https://fullfact.org/feed/,UK,GB,,Fact-checking britannico
📰 Media & Testate Giornalistiche,Globali & Internazionali,Gatopardo MX,https://gatopardo.com,,ES,MX,,Long-form — Messico
📰 Media & Testate Giornalistiche,Globali & Internazionali,Gizmodo,https://gizmodo.com,https://gizmodo.com/rss,EN,US,,Tech Culture
📰 Media & Testate Giornalistiche,Globali & Internazionali,Global Fishing Watch,https://globalfishingwatch.org,https://globalfishingwatch.org/feed/,,Globale,,Pesca illegale
📰 Media & Testate Giornalistiche,Globali & Internazionali,Global Health Expenditure DB,https://apps.who.int/nha/database,,,,,Gratuito — Spesa sanitaria
📰 Media & Testate Giornalistiche,Globali & Internazionali,Globe and Mail,https://www.theglobeandmail.com,,EN,CA,,Canada premium
📰 Media & Testate Giornalistiche,Globali & Internazionali,Google Dataset Search,https://datasetsearch.research.google.com,,EN,US,,Motore di ricerca dedicato ai dataset da tutto il web — Gratuito — Motore ricerca
📰 Media & Testate Giornalistiche,Globali & Internazionali,Google Open Images,https://storage.googleapis.com/openimages/web,,EN,US,,9 milioni immagini annotate (Google) — Gratuito — Dataset
📰 Media & Testate Giornalistiche,Globali & Internazionali,Gothamist,https://gothamist.com,https://gothamist.com/feed,EN,US,,New York
📰 Media & Testate Giornalistiche,Globali & Internazionali,Grid News,https://gridnews.com,,EN,US,,Contesto news
📰 Media & Testate Giornalistiche,Globali & Internazionali,Guyana Chronicle,https://www.guyanachronicle.com,,,GY,,Guyana
📰 Media & Testate Giornalistiche,Globali & Internazionali,Harper's Magazine,https://harpers.org,,EN,US,,USA — mensile storico
📰 Media & Testate Giornalistiche,Globali & Internazionali,Heatmap News,https://heatmap.news,https://heatmap.news/feeds/feed.rss,EN,US,,Clima e politica — USA — News
📰 Media & Testate Giornalistiche,Globali & Internazionali,Hollywood Reporter,https://www.hollywoodreporter.com,https://www.hollywoodreporter.com/feed/,EN,US,,Entertainment
📰 Media & Testate Giornalistiche,Globali & Internazionali,Honolulu Civil Beat,https://www.civilbeat.org,,EN,US,,Hawaii investigativo
📰 Media & Testate Giornalistiche,Globali & Internazionali,Houston Chronicle,https://www.houstonchronicle.com,,EN,US,,Texas
📰 Media & Testate Giornalistiche,Globali & Internazionali,Hoy Digital DR,https://hoy.com.do,https://hoy.com.do/rss/home.xml,ES,DO,,"Quotidiano generalista, Santo Domingo — Repubblica Dominicana"
📰 Media & Testate Giornalistiche,Globali & Internazionali,HuffPost,https://www.huffpost.com,,EN,US,,USA progressista
📰 Media & Testate Giornalistiche,Globali & Internazionali,Humanitarian Data Exchange,https://data.humdata.org,,,Globale,,Dataset crisi umanitarie OCHA/ONU — Gratuito — Repository
📰 Media & Testate Giornalistiche,Globali & Internazionali,Hurriyet Daily News,https://www.hurriyetdailynews.com,,EN,TR,,Turchia
📰 Media & Testate Giornalistiche,Globali & Internazionali,IEA – Agenzia Int. Energia,https://www.iea.org/data-and-statistics,,FR,FR,,"Energia globale, CO2, rinnovabili dal 1973 — Freemium — Portale ufficiale"
📰 Media & Testate Giornalistiche,Globali & Internazionali,IFCN,https://ifcncodeofprinciples.poynter.org,,,Globale,,Network fact-checkers
📰 Media & Testate Giornalistiche,Globali & Internazionali,IPCC Data Distribution Centre,https://www.ipcc-data.org,,,,,Dati climatici per i report IPCC — Gratuito — Repository
📰 Media & Testate Giornalistiche,Globali & Internazionali,IRE (Investigative Reporters),https://www.ire.org,https://www.ire.org/feed/,EN,US,,Associazione — USA
📰 Media & Testate Giornalistiche,Globali & Internazionali,IRL North Macedonia,https://irl.mk,https://irl.mk/mk/feed/,,MK,,Inv. — Macedonia N.
📰 Media & Testate Giornalistiche,Globali & Internazionali,Jacobin,https://jacobin.com,https://jacobin.com/feed,EN,US,,Sinistra radicale
📰 Media & Testate Giornalistiche,Globali & Internazionali,Jacques Delors Centre,https://www.delorscentre.eu,,,EU,,Berlino
📰 Media & Testate Giornalistiche,Globali & Internazionali,Janes Defence,https://www.janes.com,,EN,GB,,Difesa (Paywall)
📰 Media & Testate Giornalistiche,Globali & Internazionali,Kansas City Star,https://www.kansascity.com,,EN,US,,Kansas/Missouri
📰 Media & Testate Giornalistiche,Globali & Internazionali,Knight Center,https://knightcenter.utexas.edu,,EN,US,,Giornalismo — USA
📰 Media & Testate Giornalistiche,Globali & Internazionali,L'Usine Nouvelle,https://www.usinenouvelle.com,https://www.usinenouvelle.com/rss,FR,FR,,Industria FR
📰 Media & Testate Giornalistiche,Globali & Internazionali,La Croix,https://www.la-croix.com,https://www.la-croix.com/rss,FR,FR,,Cattolico FR
📰 Media & Testate Giornalistiche,Globali & Internazionali,La Jornada Maya,https://www.lajornadamaya.mx,,ES,MX,,Regionale — Messico
📰 Media & Testate Giornalistiche,Globali & Internazionali,LA Times,https://www.latimes.com,https://www.latimes.com/rss2.0.xml,EN,US,,California
📰 Media & Testate Giornalistiche,Globali & Internazionali,La Tribune,https://www.latribune.fr,,FR,FR,,Francia economia
📰 Media & Testate Giornalistiche,Globali & Internazionali,LAION Datasets,https://laion.ai/projects,,DE,DE,,Dataset immagini-testo per AI generativa — Gratuito — Repository
📰 Media & Testate Giornalistiche,Globali & Internazionali,Les Echos,https://www.lesechos.fr,,FR,FR,,Francia economia
📰 Media & Testate Giornalistiche,Globali & Internazionali,Maclean's,https://macleans.ca,,EN,CA,,Canada — newsmagazine nazionale
📰 Media & Testate Giornalistiche,Globali & Internazionali,Maldita.es,https://maldita.es,https://maldita.es/feed,ES,ES,,Fact-checking ES — Spagna
📰 Media & Testate Giornalistiche,Globali & Internazionali,Mashable,https://mashable.com,https://mashable.com/feed/,EN,US,,Digital Culture
📰 Media & Testate Giornalistiche,Globali & Internazionali,Media Bias/Fact Check,https://mediabiasfactcheck.com,,,Globale,,Bias dei media
📰 Media & Testate Giornalistiche,Globali & Internazionali,Meta.mk (N. Macedonia),https://meta.mk,https://meta.mk/feed/,,MK,,Online — Macedonia N.
📰 Media & Testate Giornalistiche,Globali & Internazionali,Miami Herald,https://www.miamiherald.com,,EN,US,,Florida USA
📰 Media & Testate Giornalistiche,Globali & Internazionali,Milenio,https://www.milenio.com,,ES,MX,,Messico
📰 Media & Testate Giornalistiche,Globali & Internazionali,Minneapolis Star Tribune,https://www.startribune.com,,EN,US,,Minnesota
📰 Media & Testate Giornalistiche,Globali & Internazionali,Misbar,https://misbar.com,,,MENA,,Fact-checking arabo — Medio Oriente
📰 Media & Testate Giornalistiche,Globali & Internazionali,Mississippi Today,https://mississippitoday.org,https://mississippitoday.org/feed/,EN,US,,Mississippi investigativo
📰 Media & Testate Giornalistiche,Globali & Internazionali,MIT Technology Review,https://www.technologyreview.com,,EN,US,,Tech e innovazione
📰 Media & Testate Giornalistiche,Globali & Internazionali,Monocle,https://monocle.com,https://monocle.com/feed/,EN,GB,,Globale — affari e cultura
📰 Media & Testate Giornalistiche,Globali & Internazionali,Mother Jones,https://www.motherjones.com,https://www.motherjones.com/feed/,EN,US,,Investigativo progressista
📰 Media & Testate Giornalistiche,Globali & Internazionali,Nation,https://www.thenation.com,https://www.thenation.com/feed/,EN,US,,Sinistra USA
📰 Media & Testate Giornalistiche,Globali & Internazionali,National Interest,https://nationalinterest.org,,EN,US,,Politica estera USA
📰 Media & Testate Giornalistiche,Globali & Internazionali,National Review,https://www.nationalreview.com,https://www.nationalreview.com/feed/,EN,US,,USA — conservatore
📰 Media & Testate Giornalistiche,Globali & Internazionali,NBC News,https://www.nbcnews.com,,EN,US,,TV USA
📰 Media & Testate Giornalistiche,Globali & Internazionali,New Orleans Times-Picayune,https://www.nola.com,http://www.nola.com/search/?f=rss&amp;t=article&amp;l=50&amp;s=start_time&amp;sd=desc&amp;k%5B%5D=%23topstory,EN,US,,Louisiana
📰 Media & Testate Giornalistiche,Globali & Internazionali,New York Times World,https://www.nytimes.com/section/world,https://www.nytimes.com/svc/collections/v1/publish/https://www.nytimes.com/section/world/rss.xml,EN,US,,USA premium
📰 Media & Testate Giornalistiche,Globali & Internazionali,New Yorker,https://www.newyorker.com,https://www.newyorker.com/feed/rss,EN,US,,Long-form USA
📰 Media & Testate Giornalistiche,Globali & Internazionali,NewsGuard,https://www.newsguardtech.com,https://www.newsguardtech.com/feed/,,Globale,,Rating affidabilità media
📰 Media & Testate Giornalistiche,Globali & Internazionali,Newsweek,https://www.newsweek.com,https://www.newsweek.com/rss,EN,US,,USA settimanale
📰 Media & Testate Giornalistiche,Globali & Internazionali,NPR News,https://www.npr.org,https://feeds.npr.org/1002/rss.xml,EN,US,,Radio USA pubblico
📰 Media & Testate Giornalistiche,Globali & Internazionali,OCSE iLibrary Statistics,https://www.oecd-ilibrary.org/statistics,,,Globale,Gratuito,"Statistiche OCSE su economia, finanza, migrazione — Gratuito"
📰 Media & Testate Giornalistiche,Globali & Internazionali,Open.canada.ca,https://open.canada.ca/en/open-data,,,CA,,Gratuito
📰 Media & Testate Giornalistiche,Globali & Internazionali,OpenML,https://www.openml.org,,,,,Piattaforma open per esperimenti ML — Gratuito
📰 Media & Testate Giornalistiche,Globali & Internazionali,OpenRailwayMap,https://www.openrailwaymap.org,https://blog.openrailwaymap.org/de.rss,,,,Gratuito — Ferrovie
📰 Media & Testate Giornalistiche,Globali & Internazionali,OpenSecrets,https://www.opensecrets.org,http://opensecrets.org/news/feed,EN,US,Pubblico,Finanziamenti politici USA — Database
📰 Media & Testate Giornalistiche,Globali & Internazionali,PBS NewsHour,https://www.pbs.org/newshour,,EN,US,,USA pubblico
📰 Media & Testate Giornalistiche,Globali & Internazionali,PesaCheck,https://pesacheck.org,,,Africa Or.,,Fact-checking finanza — Africa orientale
📰 Media & Testate Giornalistiche,Globali & Internazionali,Philadelphia Inquirer,https://www.inquirer.com,,EN,US,,Philadelphia
📰 Media & Testate Giornalistiche,Globali & Internazionali,Ploughshares Fund,https://www.ploughshares.org,https://ploughshares.org/feed/,EN,US,,Non-proliferazione — USA
📰 Media & Testate Giornalistiche,Globali & Internazionali,Politico (USA),https://www.politico.com,,EN,US,,Politica USA
📰 Media & Testate Giornalistiche,Globali & Internazionali,Politico Europe,https://www.politico.eu,https://www.politico.eu/feed/,EN,BE,,Policy e UE
📰 Media & Testate Giornalistiche,Globali & Internazionali,PolitiFact,https://www.politifact.com,https://politifact.com/feed/,EN,US,,Fact-checking politico USA
📰 Media & Testate Giornalistiche,Globali & Internazionali,Portal do Governo BR,https://www.gov.br/governoaberto,,PT,BR,,Gratuito
📰 Media & Testate Giornalistiche,Globali & Internazionali,Poynter,https://www.poynter.org,,EN,US,,Risorse per giornalisti — USA
📰 Media & Testate Giornalistiche,Globali & Internazionali,Puck News,https://puck.news,,EN,US,,Power USA
📰 Media & Testate Giornalistiche,Globali & Internazionali,PyTorch Datasets,https://pytorch.org/vision/stable/datasets.html,,EN,US,,Dataset ufficiali PyTorch — Gratuito — Repository
📰 Media & Testate Giornalistiche,Globali & Internazionali,Quartz,https://qz.com,,EN,US,,Business globale
📰 Media & Testate Giornalistiche,Globali & Internazionali,Quotidiano Nazionale,https://www.quotidiano.net,https://www.quotidiano.net/rss,IT,IT,,QN/Carlino/Nazione — Quotidiano — Gruppo
📰 Media & Testate Giornalistiche,Globali & Internazionali,Radio 24,https://www.radio24.ilsole24ore.com,https://www.radio24.ilsole24ore.com/rss,IT,IT,,Business Radio — Radio
📰 Media & Testate Giornalistiche,Globali & Internazionali,Radio Free Europe,https://www.rferl.org,,EN,,,"Europa orientale — non-profit finanziato dal Congresso USA tramite USAGM, con indipendenza editoriale statutaria"
📰 Media & Testate Giornalistiche,Globali & Internazionali,Radio Free Europe Balkans,https://www.slobodnaevropa.org,,,Balcani,,RFE/RL
📰 Media & Testate Giornalistiche,Globali & Internazionali,Reason,https://reason.com,https://reason.com/feed/,EN,US,,Libertarismo USA
📰 Media & Testate Giornalistiche,Globali & Internazionali,Reuters,https://www.reuters.com,,EN,GB,,Wire service primario
📰 Media & Testate Giornalistiche,Globali & Internazionali,Reuters Climate,https://www.reuters.com/sustainability,,EN,GB,,Reuters clima — Globale — News
📰 Media & Testate Giornalistiche,Globali & Internazionali,Reuters Fact Check,https://www.reuters.com/fact-check,,,Globale,,Fact-checking Reuters
📰 Media & Testate Giornalistiche,Globali & Internazionali,RFI,https://www.rfi.fr,,FR,FR,,Francia — radio pubblica internazionale (France Médias Monde)
📰 Media & Testate Giornalistiche,Globali & Internazionali,Rivista AI,https://www.rivista.ai,https://www.rivista.ai/feed/,IT,IT,,IA — Tech
📰 Media & Testate Giornalistiche,Globali & Internazionali,RNZ (Radio NZ),https://www.rnz.co.nz,,EN,NZ,,NZ radio pubblica
📰 Media & Testate Giornalistiche,Globali & Internazionali,Rolling Stone (news),https://www.rollingstone.com,,EN,US,,Cultura e politica
📰 Media & Testate Giornalistiche,Globali & Internazionali,Salon,https://www.salon.com,,EN,US,,USA sinistra
📰 Media & Testate Giornalistiche,Globali & Internazionali,Salt Lake Tribune,https://www.sltrib.com,https://www.sltrib.com/arc/outboundfeeds/rss/?outputType=xml,EN,US,,Utah investigativo
📰 Media & Testate Giornalistiche,Globali & Internazionali,Salud con Lupa,https://saludconlupa.com,,ES,PE,,Salute — Perù
📰 Media & Testate Giornalistiche,Globali & Internazionali,San Francisco Chronicle,https://www.sfchronicle.com,,EN,US,,San Francisco
📰 Media & Testate Giornalistiche,Globali & Internazionali,Sbilanciamoci,https://sbilanciamoci.info,https://sbilanciamoci.info/feed/,IT,IT,,Economia critica — Economia e sociale
📰 Media & Testate Giornalistiche,Globali & Internazionali,Seattle Times,https://www.seattletimes.com,https://www.seattletimes.com/feed/,EN,US,,Seattle
📰 Media & Testate Giornalistiche,Globali & Internazionali,Semanario Universidad CR,https://semanariouniversidad.com,,ES,CR,,Universitario
📰 Media & Testate Giornalistiche,Globali & Internazionali,SF Gate,https://www.sfgate.com,https://www.sfgate.com/rss/,EN,US,,Bay Area
📰 Media & Testate Giornalistiche,Globali & Internazionali,Sigma Awards,https://sigmaawards.org,https://www.sigmaawards.org/rss/,,Globale,,Data journalism awards
📰 Media & Testate Giornalistiche,Globali & Internazionali,Snopes,https://www.snopes.com,,EN,US,,Fact-checking globale — USA
📰 Media & Testate Giornalistiche,Globali & Internazionali,SPJ (Society Prof. Journalists),https://www.spj.org,,EN,US,,Associazione — USA
📰 Media & Testate Giornalistiche,Globali & Internazionali,Stabroek News,https://www.stabroeknews.com,,,GY,,Indip. — Guyana
📰 Media & Testate Giornalistiche,Globali & Internazionali,Stimson Center,https://www.stimson.org,,EN,US,,Non-proliferazione — USA
📰 Media & Testate Giornalistiche,Globali & Internazionali,TensorFlow Datasets,https://www.tensorflow.org/datasets,,EN,US,,Dataset pronti per TF — Gratuito — Repository
📰 Media & Testate Giornalistiche,Globali & Internazionali,Teyit,https://teyit.org,,TR,TR,,Fact-checking TR — Turchia
📰 Media & Testate Giornalistiche,Globali & Internazionali,The Age,https://www.theage.com.au,,EN,AU,,Melbourne
📰 Media & Testate Giornalistiche,Globali & Internazionali,The American Prospect,https://prospect.org,,EN,US,,Sinistra USA
📰 Media & Testate Giornalistiche,Globali & Internazionali,The Atlantic,https://www.theatlantic.com,https://www.theatlantic.com/feed/all/,EN,US,,Cultura e politica USA
📰 Media & Testate Giornalistiche,Globali & Internazionali,The Bulwark,https://thebulwark.com,https://www.thebulwark.com/feed,EN,US,,Moderato USA
📰 Media & Testate Giornalistiche,Globali & Internazionali,The Daily Beast,https://www.thedailybeast.com,,EN,US,,USA tabloide premium
📰 Media & Testate Giornalistiche,Globali & Internazionali,The Dispatch,https://thedispatch.com,,EN,US,,Centrodestra USA
📰 Media & Testate Giornalistiche,Globali & Internazionali,The Drum,https://www.thedrum.com,https://www.thedrum.com/rss.xml,EN,GB,,Marketing Media
📰 Media & Testate Giornalistiche,Globali & Internazionali,The Economist,https://www.economist.com,,EN,GB,,Analisi settimanale
📰 Media & Testate Giornalistiche,Globali & Internazionali,The Examination,https://theexamination.org,,,Globale,,Sanità globale
📰 Media & Testate Giornalistiche,Globali & Internazionali,The Hill,https://thehill.com,,EN,US,,USA Congresso
📰 Media & Testate Giornalistiche,Globali & Internazionali,The Hill Tech,https://thehill.com/policy/technology,https://thehill.com/news/technology/feed,EN,US,,Policy Tech
📰 Media & Testate Giornalistiche,Globali & Internazionali,The Nevada Independent,https://thenevadaindependent.com,,EN,US,,Nevada investigativo
📰 Media & Testate Giornalistiche,Globali & Internazionali,The New Republic,https://newrepublic.com,https://newrepublic.com/rss.xml,EN,US,,USA — politica e cultura
📰 Media & Testate Giornalistiche,Globali & Internazionali,The Pudding,https://pudding.cool,,EN,US,,Visual essays — USA
📰 Media & Testate Giornalistiche,Globali & Internazionali,The Trace,https://www.thetrace.org,,EN,US,,Armi USA
📰 Media & Testate Giornalistiche,Globali & Internazionali,The Walrus,https://thewalrus.ca,https://thewalrus.ca/feed/,EN,CA,,Canada — long-form
📰 Media & Testate Giornalistiche,Globali & Internazionali,Time,https://time.com,,EN,US,,USA settimanale
📰 Media & Testate Giornalistiche,Globali & Internazionali,Toronto Star,https://www.thestar.com,http://www.thestar.com/search/?f=rss&amp;t=article&amp;l=50&amp;s=start_time&amp;sd=desc&amp;k%5B%5D=%23topstory,EN,CA,,Canada
📰 Media & Testate Giornalistiche,Globali & Internazionali,Trinidad Express,https://trinidadexpress.com,http://trinidadexpress.com/search/?f=rss&amp;t=article&amp;l=50&amp;s=start_time&amp;sd=desc&amp;k%5B%5D=%23topstory,,TT,,Trinidad
📰 Media & Testate Giornalistiche,Globali & Internazionali,Trinidad Guardian,https://www.guardian.co.tt,,EN,TT,,Trinidad
📰 Media & Testate Giornalistiche,Globali & Internazionali,TRT World,https://www.trtworld.com,https://www.trtworld.com/feed/rss.xml,EN,TR,,Turchia pubblica
📰 Media & Testate Giornalistiche,Globali & Internazionali,Truthout Environment,https://truthout.org/environment,https://truthout.org/authors/environment-news-service/feed/?withoutcomments=1,,US,,Giustizia ambientale — USA
📰 Media & Testate Giornalistiche,Globali & Internazionali,UAE — Financial Credibility Info,https://u.ae/en/information-and-services/business/financial-credibility-for-individuals-and-companies,,,AE,,Info creditizie individui/aziende — Emirati Arabi Uniti — Portale ufficiale
📰 Media & Testate Giornalistiche,Globali & Internazionali,UNCTAD Stat,https://unctadstat.unctad.org,,,Globale,,"Commercio internazionale, investimenti esteri — Gratuito — Portale ufficiale"
📰 Media & Testate Giornalistiche,Globali & Internazionali,UNESCO Institute of Statistics,https://uis.unesco.org,,,Globale,,"Istruzione, cultura, scienza, comunicazione — Gratuito — Portale ufficiale"
📰 Media & Testate Giornalistiche,Globali & Internazionali,UNIDO Statistics Portal,https://stat.unido.org,,,Globale,,Industria manifatturiera globale — Gratuito — Portale ufficiale
📰 Media & Testate Giornalistiche,Globali & Internazionali,USA Today,https://www.usatoday.com,https://rss.usatoday.com/usatoday/news,EN,US,,USA mass
📰 Media & Testate Giornalistiche,Globali & Internazionali,Variety,https://variety.com,https://variety.com/feed/,EN,US,,Entertainment
📰 Media & Testate Giornalistiche,Globali & Internazionali,Verificado MX,https://verificado.mx,,ES,MX,,Fact-check — FC
📰 Media & Testate Giornalistiche,Globali & Internazionali,Vice News,https://www.vice.com/en/section/news,https://www.vice.com/feed/,EN,US,,News giovani
📰 Media & Testate Giornalistiche,Globali & Internazionali,Voice of America,https://www.voanews.com,https://www.voanews.com/api/,EN,US,,USA governo
📰 Media & Testate Giornalistiche,Globali & Internazionali,Vox,https://www.vox.com,https://www.vox.com/rss/index.xml,EN,US,,Spiegazioni policy
📰 Media & Testate Giornalistiche,Globali & Internazionali,War on the Rocks,https://warontherocks.com,,EN,US,,Sicurezza difesa
📰 Media & Testate Giornalistiche,Globali & Internazionali,Washington Blade,https://www.washingtonblade.com,https://www.washingtonblade.com/feed/,EN,US,,LGBTQ+ USA
📰 Media & Testate Giornalistiche,Globali & Internazionali,Washington Post FC,https://www.washingtonpost.com/politics/fact-checker,,EN,US,,Kessler — USA
📰 Media & Testate Giornalistiche,Globali & Internazionali,Washington Post World,https://www.washingtonpost.com/world,,EN,US,,USA premium
📰 Media & Testate Giornalistiche,Globali & Internazionali,Wired,https://www.wired.com,https://www.wired.com/feed/rss,EN,US,,Tech cultura
📰 Media & Testate Giornalistiche,Globali & Internazionali,WNYC,https://www.wnyc.org,https://www.wnyc.org/rss/,EN,US,,New York Radio
📰 Media & Testate Giornalistiche,Globali & Internazionali,World Politics Review,https://www.worldpoliticsreview.com,https://www.worldpoliticsreview.com/feed/,EN,US,,Analisi globale
📰 Media & Testate Giornalistiche,Globali & Internazionali,WWF News,https://www.worldwildlife.org/magazine,,,Globale,,Conservazione
📰 Media & Testate Giornalistiche,Globali & Internazionali,Zona Docs,https://zonadocs.mx,https://www.zonadocs.mx/feed/,ES,MX,,Doc/inv. — Messico
📰 Media & Testate Giornalistiche,Giornalismo Investigativo,+972 Magazine,https://www.972mag.com,https://www.972mag.com/feed/,EN,IL,,Conflitto israelo-palestinese — Israele/Palestina
📰 Media & Testate Giornalistiche,Giornalismo Investigativo,100Reporters,https://100r.org,https://100r.org/feed/,,Globale,,Network reporter
📰 Media & Testate Giornalistiche,Giornalismo Investigativo,Africa Is a Country,https://africasacountry.com,https://africasacountry.com/feed/,EN,Pan-Africa,,Cultura e politica — Pan-Africa
📰 Media & Testate Giornalistiche,Giornalismo Investigativo,African Arguments,https://africanarguments.org,https://africanarguments.org/feed/,EN,Pan-Africa,,Analisi politica — Pan-Africa
📰 Media & Testate Giornalistiche,Giornalismo Investigativo,Afrique XXI,https://afriquexxi.info,https://afriquexxi.info/spip.php?page=backend,FR,FR,,Investigativo AF — Africa Inv. FR
📰 Media & Testate Giornalistiche,Giornalismo Investigativo,Agência Pública,https://apublica.org,,PT,BR,,Giornalismo investigativo — Brasile
📰 Media & Testate Giornalistiche,Giornalismo Investigativo,Al-Monitor,https://www.al-monitor.com,https://www.al-monitor.com/rss,EN,US,,Medio Oriente — MENA
📰 Media & Testate Giornalistiche,Giornalismo Investigativo,AllAfrica,https://allafrica.com,,EN,Pan-Africa,,Aggregatore notizie africane — Pan-Africa
📰 Media & Testate Giornalistiche,Giornalismo Investigativo,AmaBhungane,https://amabhungane.org,https://amabhungane.org/feed/,EN,ZA,,"Corruzione, stato — Sudafrica"
📰 Media & Testate Giornalistiche,Giornalismo Investigativo,Anara,https://anara.com,,,Asia Centrale,,Media indipendenti — Asia centrale
📰 Media & Testate Giornalistiche,Giornalismo Investigativo,Animal Político,https://www.animalpolitico.com,,ES,MX,,Politica e corruzione — Messico
📰 Media & Testate Giornalistiche,Giornalismo Investigativo,Antimafia Duemila,https://www.antimafiaduemila.com,,IT,IT,,Rivista specializzata — Antimafia
📰 Media & Testate Giornalistiche,Giornalismo Investigativo,AP Investigative,https://apnews.com/hub/ap-investigations,,EN,US,,Inchieste AP — USA
📰 Media & Testate Giornalistiche,Giornalismo Investigativo,Apache,https://www.apache.be,,NL,BE,,Belgio — investigativo fiammingo
📰 Media & Testate Giornalistiche,Giornalismo Investigativo,Armando.info,https://armando.info,https://armando.info/feed/,ES,VE,,"Corruzione, potere — Venezuela"
📰 Media & Testate Giornalistiche,Giornalismo Investigativo,Article 14,https://www.article-14.com,,EN,IN,,Diritti e costituzione — India
📰 Media & Testate Giornalistiche,Giornalismo Investigativo,Atlatszo.hu,https://atlatszo.hu,https://atlatszo.hu/feed/,HU,HU,,Investigativo ungherese — Ungheria Inv.
📰 Media & Testate Giornalistiche,Giornalismo Investigativo,BBC Afrique,https://www.bbc.com/afrique,https://feeds.bbci.co.uk/afrique/rss.xml,FR,GB,,BBC Africa
📰 Media & Testate Giornalistiche,Giornalismo Investigativo,Bellingcat,https://www.bellingcat.com,,EN,NL,,"OSINT, geolocalizzazione — Globale"
📰 Media & Testate Giornalistiche,Giornalismo Investigativo,Bellingcat Online Toolkit,https://docs.google.com/spreadsheets/d/18rtqh8EG2q1xBo2cLNyhIDuK9jrPGwYr9DI2UncoqJQ,,,Globale,,Bellingcat tools list — Pubblico — Spreadsheet
📰 Media & Testate Giornalistiche,Giornalismo Investigativo,Bellingcat OSINT Challenge,https://www.bellingcat.com/resources/how-tos,,NL,NL,Pubblico,Training
📰 Media & Testate Giornalistiche,Giornalismo Investigativo,Bivol,https://bivol.bg,https://bivol.bg/feed,BG,BG,,Investigativo bulgaro — Bulgaria
📰 Media & Testate Giornalistiche,Giornalismo Investigativo,CENOZO,https://cenozo.org,https://cenozo.org/feed/,FR,Africa Occ.,,Sahel/Africa Occ. — investigativo transfrontaliero
📰 Media & Testate Giornalistiche,Giornalismo Investigativo,Center for Public Integrity,https://publicintegrity.org,https://publicintegrity.org/feed/,EN,US,,Investigativo nonprofit — USA
📰 Media & Testate Giornalistiche,Giornalismo Investigativo,Chequeado,https://chequeado.com,https://chequeado.com/feed/?post_type=nota,ES,AR,,Fact-checking — Argentina
📰 Media & Testate Giornalistiche,Giornalismo Investigativo,CINS,https://www.cins.rs,https://www.cins.rs/web-stories/feed/,SR/EN,RS,,Serbia — centro giornalismo investigativo
📰 Media & Testate Giornalistiche,Giornalismo Investigativo,CIPER Chile,https://www.ciperchile.cl,https://www.ciperchile.cl/feed/,ES,CL,,Investigativo cileno — Cile
📰 Media & Testate Giornalistiche,Giornalismo Investigativo,CIRO,https://cironline.org,,EN,US,,Investigativo USA
📰 Media & Testate Giornalistiche,Giornalismo Investigativo,City Bureau,https://www.citybureau.org,https://www.citybureau.org/home?format=rss,EN,US,,Giornalismo civico Chicago — USA
📰 Media & Testate Giornalistiche,Giornalismo Investigativo,CJID,https://thecjid.org,https://thecjid.org/feed/,EN,NG,,Nigeria/Africa Occ. — Centre for Journalism Innovation
📰 Media & Testate Giornalistiche,Giornalismo Investigativo,Coconuts Media,https://coconuts.co,,EN,SG,,Media digitale SE Asia
📰 Media & Testate Giornalistiche,Giornalismo Investigativo,Confidencial,https://confidencial.digital,https://confidencial.digital/feed/,ES,NI,,Indipendente nicaraguense — Nicaragua
📰 Media & Testate Giornalistiche,Giornalismo Investigativo,Congo Research Group,https://www.congoresearchgroup.org,,,CG,,Investigativo Congo — Africa
📰 Media & Testate Giornalistiche,Giornalismo Investigativo,Connectas,https://connectas.org,https://www.connectas.org/feed/,,LatAm,,Network giornalistico LATAM — Regionale
📰 Media & Testate Giornalistiche,Giornalismo Investigativo,Context.ro,https://context.ro,https://context.ro/feed/,RO,RO,,Romania — investigativo
📰 Media & Testate Giornalistiche,Giornalismo Investigativo,Correctiv,https://correctiv.org,,DE,DE,,Investigativo tedesco — Germania
📰 Media & Testate Giornalistiche,Giornalismo Investigativo,Cuartoscuro,https://cuartoscuro.com.mx,,ES,MX,,Fotoreportage — Messico
📰 Media & Testate Giornalistiche,Giornalismo Investigativo,Cuestión Pública,https://cuestionpublica.com,https://cuestionpublica.com/feed/,ES,CO,,Investigativo colombiano — Colombia
📰 Media & Testate Giornalistiche,Giornalismo Investigativo,Daily Maverick,https://www.dailymaverick.co.za,https://www.dailymaverick.co.za/feed/,EN,ZA,,Analisi e inchieste — Sudafrica
📰 Media & Testate Giornalistiche,Giornalismo Investigativo,Danwatch,https://danwatch.dk,https://danwatch.dk/feed/,DA,DK,,Investigativo danese — Danimarca
📰 Media & Testate Giornalistiche,Giornalismo Investigativo,Daraj Media,https://daraj.com,https://daraj.com/feed/,AR,LB,,Investigativo arabo — Pan-Arab Inv.
📰 Media & Testate Giornalistiche,Giornalismo Investigativo,Datasketch,https://www.datasketch.es,,ES,CO,,Data journalism — Colombia
📰 Media & Testate Giornalistiche,Giornalismo Investigativo,DDoSecrets,https://ddosecrets.com,,,Globale,,Leak e dataset — Pubblico — Database
📰 Media & Testate Giornalistiche,Giornalismo Investigativo,De Correspondent,https://www.decorrespondent.nl,,NL,NL,,Giornalismo membro — Paesi Bassi
📰 Media & Testate Giornalistiche,Giornalismo Investigativo,Desinformémonos,https://desinformemonos.org,,ES,MX,,Movimenti sociali — Messico
📰 Media & Testate Giornalistiche,Giornalismo Investigativo,DIG Awards,https://dig-awards.org,https://dig-awards.org/feed/,IT,IT,,Festival giornalismo investigativo — Investigativo — Doc/investigativo
📰 Media & Testate Giornalistiche,Giornalismo Investigativo,Direkt36,https://www.direkt36.hu/en,,,HU,,"Corruzione, potere — Ungheria"
📰 Media & Testate Giornalistiche,Giornalismo Investigativo,Disclose,https://disclose.ngo,,FR,FR,,"Investigativo, ambiente — Francia"
📰 Media & Testate Giornalistiche,Giornalismo Investigativo,Dnevnik.si,https://www.dnevnik.si,https://www.dnevnik.si/?format=rss,SL,SI,,Investigativo sloveno — Slovenia
📰 Media & Testate Giornalistiche,Giornalismo Investigativo,El CLIP,https://www.elclip.org,https://www.elclip.org/feed/,,LatAm,,Centro investigativo LATAM — Regionale
📰 Media & Testate Giornalistiche,Giornalismo Investigativo,El Confidencial,https://www.elconfidencial.com,,ES,ES,,Investigativo spagnolo — Spagna
📰 Media & Testate Giornalistiche,Giornalismo Investigativo,El Destape,https://www.eldestapeweb.com,,ES,AR,,Investigativo — Argentina
📰 Media & Testate Giornalistiche,Giornalismo Investigativo,El Diaro.es,https://www.eldiario.es,https://www.eldiario.es/rss/,ES,ES,,Investigativo spagnolo — Spagna
📰 Media & Testate Giornalistiche,Giornalismo Investigativo,El Faro,https://elfaro.net,https://elfaro.net/es/rss,ES,SV,,Investigativo salvadoregno — El Salvador
📰 Media & Testate Giornalistiche,Giornalismo Investigativo,EUobserver,https://euobserver.com,https://euobserver.com/feed/,,EU,,Giornalismo UE indipendente
📰 Media & Testate Giornalistiche,Giornalismo Investigativo,Finance Uncovered,https://www.financeuncovered.org,,,GB/EU,,Finanza investigativa
📰 Media & Testate Giornalistiche,Giornalismo Investigativo,Follow The Money (NL),https://www.ftm.nl,,NL,NL,,Finanza crimine — Paesi Bassi
📰 Media & Testate Giornalistiche,Giornalismo Investigativo,Follow The Money (USA),https://followthemoney.org,http://www.datatables.net/rss.xml,EN,US,Pubblico,Finanziamenti politici USA — Database
📰 Media & Testate Giornalistiche,Giornalismo Investigativo,Follow The Money NL — Dossiers,https://www.ftm.nl/dossiers,,NL,NL,Freemium,Economia NL — Database
📰 Media & Testate Giornalistiche,Giornalismo Investigativo,Foundation Investigative Journalism,https://fij.ng,,EN,NG,,Nigeria investigativo
📰 Media & Testate Giornalistiche,Giornalismo Investigativo,FragDenStaat,https://fragdenstaat.de,,DE,DE,,FOIA tedesco — Germania
📰 Media & Testate Giornalistiche,Giornalismo Investigativo,Frontier Myanmar,https://www.frontiermyanmar.net,,EN,MM,,Analisi politica — Myanmar
📰 Media & Testate Giornalistiche,Giornalismo Investigativo,Fund for Investigative Journalism,https://fij.org,https://fij.org/feed/,EN,US,,USA — Funding
📰 Media & Testate Giornalistiche,Giornalismo Investigativo,Fundacja Reporterów,https://fundacjareporterow.org,https://fundacjareporterow.org/feed/,PL/EN,PL,,Polonia — fondazione reporter (VSquare)
📰 Media & Testate Giornalistiche,Giornalismo Investigativo,GIJN,https://gijn.org,,,Globale,,Risorse per giornalisti
📰 Media & Testate Giornalistiche,Giornalismo Investigativo,GK,https://gk.city,,ES,EC,,Investigativo digitale — Ecuador
📰 Media & Testate Giornalistiche,Giornalismo Investigativo,Global Witness,https://www.globalwitness.org,,,Globale,,Corruzione e ambiente — Pubblico — Database
📰 Media & Testate Giornalistiche,Giornalismo Investigativo,Grounded News,https://grounded.news,,,,,Comparazione fonti — Media bias analysis
📰 Media & Testate Giornalistiche,Giornalismo Investigativo,Himal Southasian,https://www.himalmag.com,https://www.himalmag.com/rss/,EN,NP,,Analisi regionale — Asia meridionale
📰 Media & Testate Giornalistiche,Giornalismo Investigativo,ICIJ,https://www.icij.org,,,Globale,,"Panama Papers, offshore"
📰 Media & Testate Giornalistiche,Giornalismo Investigativo,ICIJ Offshore Leaks,https://offshoreleaks.icij.org,,EN,US,Pubblico,Società offshore — Database
📰 Media & Testate Giornalistiche,Giornalismo Investigativo,ICJK — Ján Kuciak Investigative Center,https://icjk.sk,,SK/EN,SK,,Slovacchia — investigativo
📰 Media & Testate Giornalistiche,Giornalismo Investigativo,InfoAmazonia,https://infoamazonia.org,https://infoamazonia.org/feed/,PT/EN,BR,,Amazzonia data journalism — Brasile
📰 Media & Testate Giornalistiche,Giornalismo Investigativo,InfoLibre,https://www.infolibre.es,https://www.infolibre.es/rss/,ES,ES,,Indipendente spagnolo — Spagna
📰 Media & Testate Giornalistiche,Giornalismo Investigativo,InfoNile,https://infonile.org,,EN,,,Bacino del Nilo — geo-giornalismo acqua
📰 Media & Testate Giornalistiche,Giornalismo Investigativo,Initium Media,https://theinitium.com,https://theinitium.com/rss/,ZH,HK,,Investigativo HK — Hong Kong
📰 Media & Testate Giornalistiche,Giornalismo Investigativo,Inkyfada,https://inkyfada.com,https://inkyfada.com/en/feed/,EN/AR,TN,,Investigativo tunisino — Tunisia Inv.
📰 Media & Testate Giornalistiche,Giornalismo Investigativo,Insecurity Insight,https://insecurityinsight.org,,,Globale,,Crisi umanitarie
📰 Media & Testate Giornalistiche,Giornalismo Investigativo,InSight Crime,https://insightcrime.org,,,Americhe,,Criminalità organizzata LATAM
📰 Media & Testate Giornalistiche,Giornalismo Investigativo,International Justice Monitor,https://www.ijmonitor.org,https://www.ijmonitor.org/feed/,,Globale,,Crimini di guerra — Globale — Monitor
📰 Media & Testate Giornalistiche,Giornalismo Investigativo,Investigace.cz,https://www.investigace.cz,https://www.investigace.cz/feed/,CS,CZ,,Investigativo ceco — Repubblica Ceca
📰 Media & Testate Giornalistiche,Giornalismo Investigativo,Investigate Europe,https://www.investigate-europe.eu,,,Europa,,Network investigativo EU
📰 Media & Testate Giornalistiche,Giornalismo Investigativo,IRPI,https://irpi.eu,https://www.irpi.eu/feed/,IT,IT,,Istituto Reportage Investigativo
📰 Media & Testate Giornalistiche,Giornalismo Investigativo,IRPI Media,https://irpimedia.irpi.eu,https://irpimedia.irpi.eu/feed/,IT,IT,,"Rete giornalisti investigativi — Corruzione, criminalità — Criminalità org., corruzione"
📰 Media & Testate Giornalistiche,Giornalismo Investigativo,Istinomer,https://www.istinomer.rs,,SR,RS,,Fact-checking serbo — Serbia
📰 Media & Testate Giornalistiche,Giornalismo Investigativo,iStories,https://istories.media,,EN/RU,RU,,Investigativo russo (indipendente) — Russia
📰 Media & Testate Giornalistiche,Giornalismo Investigativo,Khaosod English,https://www.khaosodenglish.com,https://www.khaosodenglish.com/feed/,EN,TH,,Investigativo thai — Thailandia
📰 Media & Testate Giornalistiche,Giornalismo Investigativo,Kloop,https://kloop.kg,https://kloop.kg/feed/,,KG,,Investigativo Asia centrale — Kirghizistan
📰 Media & Testate Giornalistiche,Giornalismo Investigativo,KRIK,https://www.krik.rs,https://www.krik.rs/feed/,SR,RS,,Investigativo balcanico — Serbia
📰 Media & Testate Giornalistiche,Giornalismo Investigativo,L'Espresso Investigazioni,https://espresso.repubblica.it,,IT,IT,,Storico settimanale — Inchieste nazionali
📰 Media & Testate Giornalistiche,Giornalismo Investigativo,La Barra Espaciadora,https://www.labarraespaciadora.com,https://labarraespaciadora.com/feed/,ES,EC,,Investigativo — Ecuador
📰 Media & Testate Giornalistiche,Giornalismo Investigativo,La Diaria,https://ladiaria.com.uy,https://ladiaria.com.uy/feeds/articulos/,ES,UY,,Investigativo cooperativo — Uruguay
📰 Media & Testate Giornalistiche,Giornalismo Investigativo,La Silla Vacía,https://lasillavacia.com,https://www.lasillavacia.com/feed/,ES,CO,,Politica colombiana — Colombia
📰 Media & Testate Giornalistiche,Giornalismo Investigativo,LatAm Journalism Review,https://latamjournalismreview.org,,EN,US,,Risorse per giornalisti — Regionale
📰 Media & Testate Giornalistiche,Giornalismo Investigativo,Liberainformazione,https://www.liberainformazione.org,,IT,IT,,Associazione Libera — Antimafia
📰 Media & Testate Giornalistiche,Giornalismo Investigativo,Lighthouse Reports,https://www.lighthousereports.com,https://www.lighthousereports.com/feed/,,Europa,,Investigativo collaborativo
📰 Media & Testate Giornalistiche,Giornalismo Investigativo,Linkiesta Inchieste,https://www.linkiesta.it/tag/inchieste,https://www.linkiesta.it/feed/,IT,IT,,Approfondimenti — Investigativo
📰 Media & Testate Giornalistiche,Giornalismo Investigativo,Mail & Guardian,https://mg.co.za,https://mg.co.za/feed/,EN,ZA,,Investigativo sudafricano — Sudafrica Inv.
📰 Media & Testate Giornalistiche,Giornalismo Investigativo,Malaysiakini,https://www.malaysiakini.com,,EN/MS,MY,,Investigativo malese — Malaysia
📰 Media & Testate Giornalistiche,Giornalismo Investigativo,Mediapart,https://www.mediapart.fr,,FR,FR,,Francia investigativo
📰 Media & Testate Giornalistiche,Giornalismo Investigativo,Mediazone,https://www.mediazone.cz,,CS,CZ,,Analisi media — Rep. Ceca
📰 Media & Testate Giornalistiche,Giornalismo Investigativo,Meduza,https://meduza.io,https://meduza.io/rss/all,EN/RU,RU,,Media russo indipendente — Russia
📰 Media & Testate Giornalistiche,Giornalismo Investigativo,MeridioNews,https://meridionews.it,,,IT-Sicilia,,Sicilia — Locale/investigativo
📰 Media & Testate Giornalistiche,Giornalismo Investigativo,Mnemonic,https://mnemonic.org,,,Globale,,Diritti umani digitali
📰 Media & Testate Giornalistiche,Giornalismo Investigativo,Mongabay Latam,https://es.mongabay.com,,,LatAm,,Ambiente e investigativo — Regionale
📰 Media & Testate Giornalistiche,Giornalismo Investigativo,MuckRock,https://www.muckrock.com,,EN,US,,FOIA e trasparenza — USA
📰 Media & Testate Giornalistiche,Giornalismo Investigativo,Mzalendo,https://www.mzalendo.com,,,KE,,Tracking parlamentare — Kenya
📰 Media & Testate Giornalistiche,Giornalismo Investigativo,Nairobi Law Monthly,https://nairobilawmonthly.com,https://nairobilawmonthly.com/feed/,EN,KE,,Diritto e investigativo — Kenya
📰 Media & Testate Giornalistiche,Giornalismo Investigativo,Narcomafie,https://narcomafie.it,,IT,IT,,Antimafia — Criminalità
📰 Media & Testate Giornalistiche,Giornalismo Investigativo,Nation Africa,https://nation.africa,https://nation.africa/rss/,EN,KE,,Kenya e Africa orientale
📰 Media & Testate Giornalistiche,Giornalismo Investigativo,Netzwerk Recherche,https://netzwerkrecherche.org,,DE,DE,,Germania — rete giornalisti investigativi
📰 Media & Testate Giornalistiche,Giornalismo Investigativo,Newtral,https://www.newtral.es,https://www.newtral.es/feed/,ES,ES,,Fact-checking + investigativo — Spagna
📰 Media & Testate Giornalistiche,Giornalismo Investigativo,Nexo Jornal,https://nexojornal.com.br,https://nexojornal.com.br/rss.xml,PT,BR,,Data journalism — Brasile
📰 Media & Testate Giornalistiche,Giornalismo Investigativo,Nikkei Business,https://business.nikkei.com,https://business.nikkei.com/rss/all_nb.rdf,JA,JP,,Business JP — Giappone
📰 Media & Testate Giornalistiche,Giornalismo Investigativo,Novaya Gazeta Europe,https://novayagazeta.eu,https://novayagazeta.eu/feed/rss,EN/RU,RU,,Investigativo in esilio — Russia
📰 Media & Testate Giornalistiche,Giornalismo Investigativo,Nómada,https://nomada.gt,https://nomada.gt/feed/,ES,GT,,Investigativo digitale — Guatemala
📰 Media & Testate Giornalistiche,Giornalismo Investigativo,OCCRP,https://www.occrp.org,https://www.occrp.org/en/feed,EN,Globale,,Criminalità organizzata — Globale
📰 Media & Testate Giornalistiche,Giornalismo Investigativo,OCCRP Aleph,https://aleph.occrp.org,,,,Freemium,"Documenti, aziende, persone — Registrazione (Pro) — Database"
📰 Media & Testate Giornalistiche,Giornalismo Investigativo,OCCRP Data,https://data.occrp.org,,,,Pubblico,Dataset investigativi — Database
📰 Media & Testate Giornalistiche,Giornalismo Investigativo,Ojo Público,https://ojo-publico.com,,ES,PE,,"Investigativo peruviano — Perù. Dominio nuovo, successore di ojopublico.com, rimosso in v0.5.0 perché morto"
📰 Media & Testate Giornalistiche,Giornalismo Investigativo,Ojoconmipisto,https://ojoconmipisto.com,,ES,GT,,Finanza pubblica GT — Guatemala
📰 Media & Testate Giornalistiche,Giornalismo Investigativo,Open Democracy,https://www.opendemocracy.net,https://www.opendemocracy.net/rss/,UK,GB,,Democrazia e potere — UK/Globale
📰 Media & Testate Giornalistiche,Giornalismo Investigativo,Open Secrets Blog,https://www.opensecrets.org/news/feed,,EN,US,,Finanziamenti politici — USA
📰 Media & Testate Giornalistiche,Giornalismo Investigativo,openDemocracy Russia,https://www.opendemocracy.net/en/odr,https://www.opendemocracy.net/rss/,,RU,,Russia
📰 Media & Testate Giornalistiche,Giornalismo Investigativo,Openpolis,https://www.openpolis.it,https://www.openpolis.it/feed/,IT,IT,,Politici e dati — Data journalism
📰 Media & Testate Giornalistiche,Giornalismo Investigativo,Ossigeno per l'Informazione,https://www.ossigeno.info,https://www.ossigeno.info/feed/,IT,IT,,Minacce alla stampa — Giornalisti sotto tutela — Libertà stampa
📰 Media & Testate Giornalistiche,Giornalismo Investigativo,Outlier Media,https://outliermedia.org,https://outliermedia.org/feed/,EN,US,,Investigativo locale — USA
📰 Media & Testate Giornalistiche,Giornalismo Investigativo,Oštro,https://www.ostro.si,https://ostro.si/feed/,SL,SI,,Investigativo sloveno — Slovenia
📰 Media & Testate Giornalistiche,Giornalismo Investigativo,Pambazuka News,https://www.pambazuka.org,https://www.pambazuka.org/rss.xml?destination=/&amp;_exception_statuscode=404,EN,Pan-Africa,,Giustizia sociale — Pan-Africa
📰 Media & Testate Giornalistiche,Giornalismo Investigativo,PaperTrail Media,https://papertrail.media,,DE,DE,,Data journalism — Investigativo
📰 Media & Testate Giornalistiche,Giornalismo Investigativo,Philippine Center for Investigative Journalism,https://pcij.org,https://pcij.org/feed/,EN,PH,,Filippine investigativo
📰 Media & Testate Giornalistiche,Giornalismo Investigativo,Pie de Página,https://piedepagina.mx,https://piedepagina.mx/feed/,ES,MX,,Diritti umani Messico
📰 Media & Testate Giornalistiche,Giornalismo Investigativo,Platform Investico,https://www.platform-investico.nl,https://www.platform-investico.nl/feed,,BE/NL,,Investigativo fiammingo — Belgio
📰 Media & Testate Giornalistiche,Giornalismo Investigativo,Plaza Pública,https://www.plazapublica.com.gt,https://plazapublica.com.gt/feed/,ES,GT,,Investigativo centroamericano — Guatemala
📰 Media & Testate Giornalistiche,Giornalismo Investigativo,PODER,https://poderlatam.org,,,,,Corporate accountability — Regionale
📰 Media & Testate Giornalistiche,Giornalismo Investigativo,POLITICO EU Parliament,https://www.politico.eu/section/politics,https://www.politico.eu/feed/,,EU,,Policy UE
📰 Media & Testate Giornalistiche,Giornalismo Investigativo,Premium Times,https://www.premiumtimesng.com,https://www.premiumtimesng.com/feed/,EN,NG,,Investigativo nigeriano — Nigeria Inv.
📰 Media & Testate Giornalistiche,Giornalismo Investigativo,ProPublica,https://www.propublica.org,https://www.propublica.org/feeds/propublica/main,EN,US,,Investigativo nonprofit
📰 Media & Testate Giornalistiche,Giornalismo Investigativo,ProPublica Data,https://www.propublica.org/datastore,,EN,US,,Dataset inv. — USA
📰 Media & Testate Giornalistiche,Giornalismo Investigativo,ProPublica Local,https://www.propublica.org/local,https://www.propublica.org/feeds/propublica/main,EN,US,,USA locale investigativo
📰 Media & Testate Giornalistiche,Giornalismo Investigativo,Punch Nigeria,https://punchng.com,https://punchng.com/feed/,EN,NG,,Nigeria news
📰 Media & Testate Giornalistiche,Giornalismo Investigativo,Público España,https://www.publico.es,,ES,ES,,Progressista investigativo — Spagna
📰 Media & Testate Giornalistiche,Giornalismo Investigativo,Quartz Africa,https://qz.com/africa,,EN,Pan-Africa,,Business Africa — Pan-Africa
📰 Media & Testate Giornalistiche,Giornalismo Investigativo,Quinto Elemento Lab,https://quintoelab.org,,ES,MX,,Investigativo messicano — Messico
📰 Media & Testate Giornalistiche,Giornalismo Investigativo,Rappler,https://www.rappler.com,https://www.rappler.com/feed/,EN,PH,,Investigativo filippino — Filippine
📰 Media & Testate Giornalistiche,Giornalismo Investigativo,Rappler Fact Check,https://www.rappler.com/newsbreak/fact-check,https://www.rappler.com/feed/,,PH,,Fact-check Rappler — Filippine
📰 Media & Testate Giornalistiche,Giornalismo Investigativo,Report RAI,https://www.report.rai.it,,IT,IT,,Programma RAI — TV investigativa
📰 Media & Testate Giornalistiche,Giornalismo Investigativo,Reporters United,https://reportersunited.gr,https://www.reportersunited.gr/feed/,EL,GR,,Investigativo greco — Grecia
📰 Media & Testate Giornalistiche,Giornalismo Investigativo,Republik,https://www.republik.ch,https://www.republik.ch/feed.xml,,CH,,Giornalismo membro (no RSS) — Svizzera
📰 Media & Testate Giornalistiche,Giornalismo Investigativo,Rest of World,https://restofworld.org,https://restofworld.org/feed/latest,EN,US,,Tech e impatto globale — Globale (Sud globale)
📰 Media & Testate Giornalistiche,Giornalismo Investigativo,Reuters Investigates,https://www.reuters.com/investigates,,,Globale,,Inchieste Reuters
📰 Media & Testate Giornalistiche,Giornalismo Investigativo,Reveal News,https://revealnews.org,https://revealnews.org/feed/,EN,US,,Investigativo radio — USA
📰 Media & Testate Giornalistiche,Giornalismo Investigativo,RFI Afrique,https://www.rfi.fr/fr/afrique,https://www.rfi.fr/fr/afrique/rss,FR,FR,,"Francia — radio pubblica internazionale, edizione Africa"
📰 Media & Testate Giornalistiche,Giornalismo Investigativo,Rise Project,https://www.riseproject.ro,,RO,RO,,Criminalità organizzata — Romania
📰 Media & Testate Giornalistiche,Giornalismo Investigativo,Sahara Reporters,https://saharareporters.com,,EN,NG,,Corruzione e governance — Nigeria
📰 Media & Testate Giornalistiche,Giornalismo Investigativo,Scroll.in,https://scroll.in,https://feeds.feedburner.com/ScrollinArticles.rss,EN,IN,,Investigativo progressista — India
📰 Media & Testate Giornalistiche,Giornalismo Investigativo,Sicilian Post,https://www.sicilianpost.it,https://www.sicilianpost.it/feed/,,IT-Sicilia,,Sicilia — Locale/investigativo
📰 Media & Testate Giornalistiche,Giornalismo Investigativo,Siena.lt,https://siena.lt,,LT,LT,,Lituania — centro investigativo
📰 Media & Testate Giornalistiche,Giornalismo Investigativo,Status,https://statesman.com,,EN,US,,Investigativo — USA
📰 Media & Testate Giornalistiche,Giornalismo Investigativo,Tamedia Investigativ,https://www.tamedia.ch,,,CH,,Multi-titolo svizzero — Svizzera
📰 Media & Testate Giornalistiche,Giornalismo Investigativo,Tansa,https://tansajp.org,,JA/EN,JP,,Giappone — investigativo indipendente
📰 Media & Testate Giornalistiche,Giornalismo Investigativo,Telejato,https://www.telejato.it,https://www.telejato.it/feed/,,IT-Sicilia,,Sicilia — TV locale/investigativa
📰 Media & Testate Giornalistiche,Giornalismo Investigativo,Tempo,https://en.tempo.co,https://rss.tempo.co/en,EN,ID,,Investigativo indonesiano — Indonesia
📰 Media & Testate Giornalistiche,Giornalismo Investigativo,Texas Tribune,https://www.texastribune.org,https://www.texastribune.org/rss.xml,EN,US,,Investigativo Texas — Texas Inv.
📰 Media & Testate Giornalistiche,Giornalismo Investigativo,The 19th,https://19thnews.org,,EN,US,,Donne e politica — USA
📰 Media & Testate Giornalistiche,Giornalismo Investigativo,The Africa Report,https://www.theafricareport.com,https://www.theafricareport.com/feed/,EN,Pan-Africa,,Business e politica — Pan-Africa
📰 Media & Testate Giornalistiche,Giornalismo Investigativo,The Bureau of Investigative Journalism,https://www.thebureauinvestigates.com,,UK,GB,,"Droni, conflitti, corruzione"
📰 Media & Testate Giornalistiche,Giornalismo Investigativo,The Cable,https://www.thecable.ng,https://www.thecable.ng/feed,EN,NG,,Investigativo — Nigeria Inv.
📰 Media & Testate Giornalistiche,Giornalismo Investigativo,The Caravan,https://caravanmagazine.in,,EN,IN,,Long-form investigativo — India
📰 Media & Testate Giornalistiche,Giornalismo Investigativo,The Continent,https://thecontinent.org,,EN,Pan-Africa,,Settimanale africano — Pan-Africa
📰 Media & Testate Giornalistiche,Giornalismo Investigativo,The Conversation,https://theconversation.com,,,Globale,,Ricerca accademica
📰 Media & Testate Giornalistiche,Giornalismo Investigativo,The East African,https://www.theeastafrican.co.ke,https://www.theeastafrican.co.ke/rss/,EN,KE,,Africa orientale — Africa Est
📰 Media & Testate Giornalistiche,Giornalismo Investigativo,The Elephant,https://www.theelephant.info,https://www.theelephant.info/feed/,EN,KE,,Analisi politica africana — Kenya
📰 Media & Testate Giornalistiche,Giornalismo Investigativo,The Ferret,https://theferret.scot,https://www.theferret.scot/latest/rss/,,GB-SCT,,Investigativo scozzese — Scozia
📰 Media & Testate Giornalistiche,Giornalismo Investigativo,The Guardian NG,https://guardian.ng,https://guardian.ng/feed/,EN,NG,,Investigativo nigeriano — Nigeria
📰 Media & Testate Giornalistiche,Giornalismo Investigativo,The Insider (Russia),https://theins.ru,,RU,RU,,Investigativo russo — Russia
📰 Media & Testate Giornalistiche,Giornalismo Investigativo,The Intercept,https://theintercept.com,,EN,US,,"Surveillance, intelligence — USA"
📰 Media & Testate Giornalistiche,Giornalismo Investigativo,The Intercept Brasil,https://theintercept.com/brasil,https://www.intercept.com.br/feed/,PT,BR,,Brasile investigativo
📰 Media & Testate Giornalistiche,Giornalismo Investigativo,The Irrawaddy,https://www.irrawaddy.com,,EN,MM,,Investigativo birmano — Myanmar
📰 Media & Testate Giornalistiche,Giornalismo Investigativo,The Kashmir Walla,https://thekashmirwalla.com,https://thekashmirwalla.com/feed/,EN,IN,,Kashmir investigativo
📰 Media & Testate Giornalistiche,Giornalismo Investigativo,The Ken,https://the-ken.com,,EN,IN,,Business investigativo — India
📰 Media & Testate Giornalistiche,Giornalismo Investigativo,The Kyiv Independent,https://kyivindependent.com,https://kyivindependent.com/news-archive/rss/,EN,UA,,Guerra e politica ucraina — Ucraina
📰 Media & Testate Giornalistiche,Giornalismo Investigativo,The Markup,https://themarkup.org,https://themarkup.org/feeds/rss.xml,EN,US,,Tech accountability — USA
📰 Media & Testate Giornalistiche,Giornalismo Investigativo,The Marshall Project,https://www.themarshallproject.org,https://www.themarshallproject.org/rss/recent,EN,US,,Giustizia penale — USA
📰 Media & Testate Giornalistiche,Giornalismo Investigativo,The Sentry,https://thesentry.org,,EN,US,,Crimini di guerra e finanza — Africa
📰 Media & Testate Giornalistiche,Giornalismo Investigativo,The Signals Network,https://thesignalsnetwork.org,https://thesignalsnetwork.org/feed/,,Globale,,Protezione fonti
📰 Media & Testate Giornalistiche,Giornalismo Investigativo,The Standard,https://www.standardmedia.co.ke,https://www.standardmedia.co.ke/rss/all,EN,KE,,Investigativo keniota — Kenya
📰 Media & Testate Giornalistiche,Giornalismo Investigativo,Toscana Media News,https://www.toscanamedia.it,,IT,IT,,Toscana — Locale
📰 Media & Testate Giornalistiche,Giornalismo Investigativo,Transitions,https://tol.org,,,CEE,,Notizie dall'Europa dell'est
📰 Media & Testate Giornalistiche,Giornalismo Investigativo,TW Reporter,https://www.twreporter.org,https://www.twreporter.org/a/rss2.xml,ZH/EN,TW,,Investigativo taiwanese — Taiwan
📰 Media & Testate Giornalistiche,Giornalismo Investigativo,Type Investigations,https://www.typeinvestigations.org,,EN,US,,Investigativo indipendente — USA
📰 Media & Testate Giornalistiche,Giornalismo Investigativo,VSquare,https://vsquare.org,,,CEE,,Visegrad investigativo
📰 Media & Testate Giornalistiche,Giornalismo Investigativo,WikiLeaks,https://wikileaks.org,,,Globale,,Leak e documenti
📰 Media & Testate Giornalistiche,Giornalismo Investigativo,Wire India,https://thewire.in,https://thewire.in/feed,EN,IN,,Investigativo indiano — India Inv.
📰 Media & Testate Giornalistiche,Giornalismo Investigativo,Yemen Data Project,https://yemendataproject.org,,EN,GB,,Conflitto Yemen — Yemen Ricerca
📰 Media & Testate Giornalistiche,Italia,AbruzzoWeb,https://www.abruzzoweb.it,,IT,IT,,Abruzzo — testata digitale
📰 Media & Testate Giornalistiche,Italia,ACN Italia,https://www.acn.gov.it,,IT,IT,,Agenzia Cyber Naz. — CERT/NL IT
📰 Media & Testate Giornalistiche,Italia,Actionaid Italia,https://www.actionaid.it,,IT,IT,,Advocacy — Italia
📰 Media & Testate Giornalistiche,Italia,Adnkronos,https://www.adnkronos.com,https://www.adnkronos.com/rss,IT,IT,,Wire Service — Agenzia
📰 Media & Testate Giornalistiche,Italia,Affaritaliani,https://www.affaritaliani.it,https://www.affaritaliani.it/rss,IT,IT,,Politica
📰 Media & Testate Giornalistiche,Italia,AGCOM,https://www.agcom.it,,IT,IT,,Regolatore comunicazioni — Italia
📰 Media & Testate Giornalistiche,Italia,AGI,https://www.agi.it,https://www.agi.it/rss,IT,IT,,Semi-pubblica — Wire Service — Agenzia
📰 Media & Testate Giornalistiche,Italia,AGI Economia,https://www.agi.it/economia,,IT,IT,,Wire
📰 Media & Testate Giornalistiche,Italia,AgrigentoNotizie,https://www.agrigentonotizie.it,,IT,IT,,Agrigento — network Citynews
📰 Media & Testate Giornalistiche,Italia,Altalex,https://www.altalex.com,https://www.altalex.com/feed,IT,IT,,Legale
📰 Media & Testate Giornalistiche,Italia,Altreconomia,https://altreconomia.it,https://altreconomia.it/feed/,IT,IT,,Economia critica — Economia sostenibile — Rivista
📰 Media & Testate Giornalistiche,Italia,ANAC,https://www.anticorruzione.it,,IT,IT,,Anticorruzione — Italia — Regolatore
📰 Media & Testate Giornalistiche,Italia,Analisi Difesa,https://www.analisidifesa.it,https://www.analisidifesa.it/feed/,IT,IT,,Militare — Difesa
📰 Media & Testate Giornalistiche,Italia,AnconaToday,https://www.anconatoday.it,,IT,IT,,Ancona — network Citynews
📰 Media & Testate Giornalistiche,Italia,ANSA,https://www.ansa.it,https://www.ansa.it/sito/ansait_rss.xml,IT,IT,,Principale — Wire Service — Agenzia
📰 Media & Testate Giornalistiche,Italia,Antimafia2000,https://www.antimafia2000.com,,IT,IT,,Antimafia
📰 Media & Testate Giornalistiche,Italia,AostaSera,https://aostasera.it,https://aostasera.it/feed/,IT,IT,,Valle d'Aosta — testata digitale
📰 Media & Testate Giornalistiche,Italia,ArezzoNotizie,https://www.arezzonotizie.it,,IT,IT,,Arezzo — network Citynews
📰 Media & Testate Giornalistiche,Italia,Articolo 21,https://www.articolo21.org,https://www.articolo21.org/feed/,IT,IT,,Libertà stampa
📰 Media & Testate Giornalistiche,Italia,Autorità Garante Concorrenza,https://www.agcm.it,,IT,IT,,Antitrust IT — Italia — Regolatore
📰 Media & Testate Giornalistiche,Italia,Avvenire,https://www.avvenire.it,https://www.avvenire.it/rss,IT,IT,,Cattolico — Quotidiano
📰 Media & Testate Giornalistiche,Italia,Avviso Pubblico,https://www.avvisopubblico.it,https://www.avvisopubblico.it/home/feed/,IT,IT,,Legalità enti locali — Italia
📰 Media & Testate Giornalistiche,Italia,Bari Today,https://www.baritoday.it,,,IT-Puglia,,Bari online — Puglia
📰 Media & Testate Giornalistiche,Italia,Basilicata24,https://www.basilicata24.it,,IT,IT,,Basilicata — testata digitale
📰 Media & Testate Giornalistiche,Italia,BlogSicilia,https://www.blogsicilia.it,https://www.blogsicilia.it/feed/,IT,IT,,Sicilia — portale regionale
📰 Media & Testate Giornalistiche,Italia,Bologna Today,https://www.bolognatoday.it,,,IT-Emilia-Romagna,,Bologna online — Emilia
📰 Media & Testate Giornalistiche,Italia,Borsa Italiana News,https://www.borsaitaliana.it,,IT,IT,,LSE Group — Finanza
📰 Media & Testate Giornalistiche,Italia,Brescia Oggi,https://www.bresciaoggi.it,,,IT-Lombardia,,Brescia
📰 Media & Testate Giornalistiche,Italia,BresciaToday,https://www.bresciatoday.it,,IT,IT,,Brescia — network Citynews
📰 Media & Testate Giornalistiche,Italia,BrindisiReport,https://www.brindisireport.it,,IT,IT,,Brindisi — network Citynews
📰 Media & Testate Giornalistiche,Italia,Calcio &Finanza,https://www.calcioefinanza.it,https://www.calcioefinanza.it/feed/,IT,IT,,Calcio economia — Sport/Business
📰 Media & Testate Giornalistiche,Italia,Carmilla,https://www.carmillaonline.com,https://www.carmillaonline.com/feed/,IT,IT,,Contro-cultura — Cultura
📰 Media & Testate Giornalistiche,Italia,Carta di Roma,https://www.cartadiroma.org,https://www.cartadiroma.org/feed/,IT,IT,,Migrazioni
📰 Media & Testate Giornalistiche,Italia,Casteddu Online,https://www.castedduonline.it,https://www.castedduonline.it/feed/,IT,IT,,Cagliari — testata digitale
📰 Media & Testate Giornalistiche,Italia,CataniaToday,https://www.cataniatoday.it,,IT,IT,,Catania — network Citynews
📰 Media & Testate Giornalistiche,Italia,ChietiToday,https://www.chietitoday.it,,IT,IT,,Chieti — network Citynews
📰 Media & Testate Giornalistiche,Italia,Class CNBC,https://www.classcnbc.it,,IT,IT,,Business TV — TV
📰 Media & Testate Giornalistiche,Italia,Commonware,https://www.commonware.org,,IT,IT,,Movimenti — Politica
📰 Media & Testate Giornalistiche,Italia,Consob,https://www.consob.it,,IT,IT,,Regolatore mercati — Italia
📰 Media & Testate Giornalistiche,Italia,Corriere del Mezzogiorno,https://corrieredelmezzogiorno.corriere.it,,,IT,,Sud Italia — Locale
📰 Media & Testate Giornalistiche,Italia,Corriere del Ticino,https://www.cdt.ch,,IT/DE,CH,,Svizzera italiana
📰 Media & Testate Giornalistiche,Italia,Corriere della Calabria,https://www.corrieredellacalabria.it,https://www.corrieredellacalabria.it/feed/,IT,IT,,Calabria — testata digitale
📰 Media & Testate Giornalistiche,Italia,Corriere della Sera Milano,https://milano.corriere.it,,,IT-Lombardia,,Milano — Lombardia
📰 Media & Testate Giornalistiche,Italia,Corriere delle Alpi,https://corrierealpi.gelocal.it,,IT,IT,,Belluno — gruppo GEDI
📰 Media & Testate Giornalistiche,Italia,Corriere dello Sport,https://www.corrieredellosport.it,https://www.corrieredellosport.it/rss,IT,IT,,Roma/Napoli — Sport
📰 Media & Testate Giornalistiche,Italia,Corriere di Bologna,https://corrieredibologna.corriere.it,,,IT-Emilia-Romagna,,Bologna CdS — Emilia
📰 Media & Testate Giornalistiche,Italia,Corriere di Firenze,https://corrierefiorentino.corriere.it,,,IT-Toscana,,Firenze CdS — Toscana
📰 Media & Testate Giornalistiche,Italia,Corriere di Torino,https://torino.corriere.it,,,IT-Piemonte,,Torino CdS — Piemonte
📰 Media & Testate Giornalistiche,Italia,Corriere Economia,https://www.corriere.it/economia,,IT,IT,,Supplemento
📰 Media & Testate Giornalistiche,Italia,Corriere Immigrazione,https://www.corriereimmigrazione.it,https://www.corriereimmigrazione.it/feed/,IT,IT,,Migrazioni
📰 Media & Testate Giornalistiche,Italia,Corriere Roma,https://roma.corriere.it,,,IT-Lazio,,Roma CdS — Lazio
📰 Media & Testate Giornalistiche,Italia,Corte Costituzionale IT,https://www.cortecostituzionale.it,,IT,IT,,Giustizia costituzionale — Italia
📰 Media & Testate Giornalistiche,Italia,Corte dei Conti IT,https://www.corteconti.it,,IT,IT,,Controllo pubblico — Italia
📰 Media & Testate Giornalistiche,Italia,Critica Liberale,https://www.criticaliberale.it,,IT,IT,,Liberalismo — Politica
📰 Media & Testate Giornalistiche,Italia,Cronache Maceratesi,https://www.cronachemaceratesi.it,https://www.cronachemaceratesi.it/feed/,IT,IT,,Macerata — testata digitale
📰 Media & Testate Giornalistiche,Italia,Dagospia,https://www.dagospia.com,,IT,IT,,Retroscena
📰 Media & Testate Giornalistiche,Italia,DDay.it,https://www.dday.it,https://www.dday.it/rss,IT,IT,,Tech
📰 Media & Testate Giornalistiche,Italia,Demos,https://www.demos.it,,IT,IT,,Analisi politica/sociologia — Italia
📰 Media & Testate Giornalistiche,Italia,Digi24 Romania,https://www.digi24.ro,https://www.digi24.ro/rss.xml,RO,RO,,Romania news
📰 Media & Testate Giornalistiche,Italia,Dinamopress,https://www.dinamopress.it,https://www.dinamopress.it/feed/,IT,IT,,Movimenti — Politica
📰 Media & Testate Giornalistiche,Italia,Dire,https://www.dire.it,https://www.dire.it/feed/,IT,IT,,Parlamentare — Agenzia
📰 Media & Testate Giornalistiche,Italia,Diritto.it,https://www.diritto.it,https://www.diritto.it/rss,IT,IT,,Legale
📰 Media & Testate Giornalistiche,Italia,Dolomiten,https://www.dolomiten.it,,IT,IT,,Tedesco AA
📰 Media & Testate Giornalistiche,Italia,Domani,https://www.editorialedomani.it,https://www.editorialedomani.it/feed,IT,IT,,Investigativo
📰 Media & Testate Giornalistiche,Italia,Doppiozero,https://www.doppiozero.com,https://www.doppiozero.com/rss.xml,IT,IT,,Cultura
📰 Media & Testate Giornalistiche,Italia,East Journal,https://www.eastjournal.net,https://www.eastjournal.net/feed,IT,IT,,Est Europa — Geopolitica
📰 Media & Testate Giornalistiche,Italia,Eastwest,https://eastwest.eu,https://eastwest.eu/feed/,IT,IT,,Geopolitica — Rivista
📰 Media & Testate Giornalistiche,Italia,Eco di Bergamo,https://www.ecodibergamo.it,https://www.ecodibergamo.it/rss,,IT-Lombardia,,Bergamo — Locale
📰 Media & Testate Giornalistiche,Italia,Effimera,https://effimera.org,https://effimera.org/feed/,IT,IT,,Filosofia — Cultura
📰 Media & Testate Giornalistiche,Italia,Emergency,https://www.emergency.it,,IT,IT,,Umanitario
📰 Media & Testate Giornalistiche,Italia,EUnews,https://www.eunews.it,https://www.eunews.it/feed/,,EU,,UE in italiano — Notizie europee in italiano — UE
📰 Media & Testate Giornalistiche,Italia,Euromaidan Press,https://euromaidanpress.com,https://euromaidanpress.com/feed/,EN,UA,,Ucraina
📰 Media & Testate Giornalistiche,Italia,Facta.news,https://www.facta.news,,IT,IT,,Fact-checking italiano — Italia
📰 Media & Testate Giornalistiche,Italia,Famiglia Cristiana,https://www.famigliacristiana.it,https://www.famigliacristiana.it/rss,IT,IT,,Cattolico — Settimanale
📰 Media & Testate Giornalistiche,Italia,Fanpage,https://www.fanpage.it,https://www.fanpage.it/feed/,IT,IT,,News
📰 Media & Testate Giornalistiche,Italia,Fanpage Sport,https://sport.fanpage.it,,IT,IT,,Online — Sport
📰 Media & Testate Giornalistiche,Italia,Farmacista33,https://www.farmacista33.it,https://www.farmacista33.it/rss.xml,IT,IT,,Farmacia — Sanità
📰 Media & Testate Giornalistiche,Italia,Filodiritto,https://www.filodiritto.com,,IT,IT,,Legale
📰 Media & Testate Giornalistiche,Italia,FirenzeToday,https://www.firenzetoday.it,,IT,IT,,Firenze — network Citynews
📰 Media & Testate Giornalistiche,Italia,Fnsi,https://www.fnsi.it,https://www.fnsi.it/rss.php,IT,IT,,Sindacato — Giornalismo
📰 Media & Testate Giornalistiche,Italia,FoggiaToday,https://www.foggiatoday.it,,IT,IT,,Foggia — network Citynews
📰 Media & Testate Giornalistiche,Italia,FondazioneMeeting,https://www.meetingrimini.org,https://www.meetingrimini.org/feed/,IT,IT,,Cultura e società — Italia
📰 Media & Testate Giornalistiche,Italia,ForlìToday,https://www.forlitoday.it,,IT,IT,,Forlì-Cesena — network Citynews
📰 Media & Testate Giornalistiche,Italia,Formiche,https://formiche.net,https://formiche.net/feed/,IT,IT,,Policy/Difesa — Geopolitica/Policy
📰 Media & Testate Giornalistiche,Italia,FrosinoneToday,https://www.frosinonetoday.it,,IT,IT,,Frosinone — network Citynews
📰 Media & Testate Giornalistiche,Italia,G4Media,https://www.g4media.ro,https://www.g4media.ro/feed/,RO,RO,,Romania Inv.
📰 Media & Testate Giornalistiche,Italia,Garante Privacy,https://www.garanteprivacy.it,,IT,IT,,Privacy IT — Italia — Regolatore
📰 Media & Testate Giornalistiche,Italia,Gazzetta del Sud,https://www.gazzettadelsud.it,https://gazzettadelsud.it/upload/assets/rss/producer-nazionale-homepage.xml,,IT-Calabria/IT-Sicilia,,Sicilia-Calabria — Locale
📰 Media & Testate Giornalistiche,Italia,Gazzetta dello Sport,https://www.gazzetta.it,https://www.gazzetta.it/rss,IT,IT,,Principale IT — Sport
📰 Media & Testate Giornalistiche,Italia,Gazzetta di Mantova,https://gazzettadimantova.gelocal.it,,IT,IT,,"Mantova — gruppo GEDI, quotidiano più antico d'Italia"
📰 Media & Testate Giornalistiche,Italia,Gazzetta di Parma,https://www.gazzettadiparma.it,,,IT-Emilia-Romagna,,Parma — Emilia
📰 Media & Testate Giornalistiche,Italia,Gazzetta di Reggio,https://www.gazzettadireggio.it,,,IT-Emilia-Romagna,,Reggio Emilia
📰 Media & Testate Giornalistiche,Italia,Genova24,https://www.genova24.it,https://www.genova24.it/home/feed/,IT,IT,,Liguria — testata digitale
📰 Media & Testate Giornalistiche,Italia,GenovaToday,https://www.genovatoday.it,,IT,IT,,Genova — network Citynews
📰 Media & Testate Giornalistiche,Italia,Giornale di Brescia,https://www.giornaledibrescia.it,,,IT-Lombardia,,Brescia — Lombardia
📰 Media & Testate Giornalistiche,Italia,Giornale di Calabria,https://www.giornaledicalabria.it,https://www.giornaledicalabria.it/feed/,,IT-Calabria,,Calabria — Locale
📰 Media & Testate Giornalistiche,Italia,Giornale di Sicilia,https://gds.it,https://gds.it/rss,,IT-Sicilia,,Palermo — Sicilia
📰 Media & Testate Giornalistiche,Italia,GiornalistiItalia,https://www.giornalistiitalia.it,,IT,IT,,Giornalismo
📰 Media & Testate Giornalistiche,Italia,Global Project,https://www.globalproject.info,https://www.globalproject.info/rss,IT,IT,,Sinistra radicale — Politica
📰 Media & Testate Giornalistiche,Italia,gNews — Ministero della Giustizia,https://www.gnewsonline.it,https://www.gnewsonline.it/feed/,IT,IT,,Quotidiano del Ministero della Giustizia — Italia — Istituzione
📰 Media & Testate Giornalistiche,Italia,GoNews,https://www.gonews.it,,IT,IT,,Toscana — testata digitale regionale
📰 Media & Testate Giornalistiche,Italia,Governo Italiano,https://governo.it,,IT,IT,,Governo IT — Italia — Istituzione
📰 Media & Testate Giornalistiche,Italia,HDBlog,https://www.hdblog.it,https://www.hdblog.it/rss/,IT,IT,,Tech
📰 Media & Testate Giornalistiche,Italia,HotNews,https://www.hotnews.ro,,RO,RO,,Romania online
📰 Media & Testate Giornalistiche,Italia,Hromadske Ukraine,https://hromadske.ua,,UK,UA,,Public media — Ucraina
📰 Media & Testate Giornalistiche,Italia,Huffpost Italia,https://www.huffingtonpost.it,https://www.huffingtonpost.it/rss,IT,IT,,Opinion
📰 Media & Testate Giornalistiche,Italia,HWUpgrade,https://www.hwupgrade.it,https://www.hwupgrade.it/rss/,IT,IT,,Hardware — Tech
📰 Media & Testate Giornalistiche,Italia,ICE Agenzia,https://www.ice.it,,IT,IT,,Commercio estero — Italia
📰 Media & Testate Giornalistiche,Italia,ICT4Executive,https://www.ict4executive.it,https://www.digital4.biz/feed/,IT,IT,,Management — ICT
📰 Media & Testate Giornalistiche,Italia,Il Bo Live (Padova),https://ilbolive.unipd.it,https://ilbolive.unipd.it/it/rss.xml,IT,IT,,UniPD — Università — Universitario
📰 Media & Testate Giornalistiche,Italia,Il Centro,https://www.ilcentro.it,,IT,IT,,Abruzzo — quotidiano regionale
📰 Media & Testate Giornalistiche,Italia,Il Cittadino MB,https://www.ilcittadinomb.it,,,IT-Lombardia,,Monza Brianza — Lombardia
📰 Media & Testate Giornalistiche,Italia,Il Corriere del Veneto,https://corrieredelveneto.corriere.it,,,IT-Veneto,,Venezia CdS — Veneto
📰 Media & Testate Giornalistiche,Italia,Il Corriere della Sera,https://www.corriere.it,https://www.corriere.it/rss/primo_piano.xml,IT,IT,,1° quotidiano — già in cat. 2 — Quotidiano
📰 Media & Testate Giornalistiche,Italia,Il Dubbio,https://www.ildubbio.news,,IT,IT,,Giustizia e politica — Quotidiano
📰 Media & Testate Giornalistiche,Italia,Il Fatto Quotidiano,https://www.ilfattoquotidiano.it,https://www.ilfattoquotidiano.it/feed/,IT,IT,,Investigativo — Quotidiano
📰 Media & Testate Giornalistiche,Italia,Il Foglio,https://www.ilfoglio.it,https://www.ilfoglio.it/rss,IT,IT,,Liberale — Quotidiano
📰 Media & Testate Giornalistiche,Italia,Il Friuli,https://www.ilfriuli.it,https://www.ilfriuli.it/feed/,IT,IT,,Friuli — settimanale e portale
📰 Media & Testate Giornalistiche,Italia,Il Gazzettino,https://www.ilgazzettino.it,https://www.ilgazzettino.it/rss,,IT-Veneto,,Veneto — Locale
📰 Media & Testate Giornalistiche,Italia,Il Giornale,https://www.ilgiornale.it,https://www.ilgiornale.it/rss,IT,IT,,Centro-destra — Quotidiano
📰 Media & Testate Giornalistiche,Italia,Il Giorno,https://www.ilgiorno.it,https://www.ilgiorno.it/rss,,IT-Lombardia,,Lombardia — Quotidiano
📰 Media & Testate Giornalistiche,Italia,Il Libraio,https://www.illibraio.it,https://www.illibraio.it/feed/,IT,IT,,Libri — Cultura
📰 Media & Testate Giornalistiche,Italia,Il Manifesto,https://ilmanifesto.it,https://ilmanifesto.it/feed/,IT,IT,,Sinistra — Quotidiano
📰 Media & Testate Giornalistiche,Italia,Il Mattino,https://www.ilmattino.it,https://www.ilmattino.it/rss,,IT-Campania,,Napoli/Sud — Quotidiano
📰 Media & Testate Giornalistiche,Italia,Il Messaggero,https://www.ilmessaggero.it,https://www.ilmessaggero.it/rss,IT,IT,,Roma — Quotidiano
📰 Media & Testate Giornalistiche,Italia,Il Messaggero Veneto,https://www.messaggeroveneto.it,https://www.messaggeroveneto.it/rss,,IT-FVG,,Udine — Locale
📰 Media & Testate Giornalistiche,Italia,Il Piccolo,https://www.ilpiccolo.it,https://www.ilpiccolo.it/rss,,IT-FVG,,Trieste — Locale
📰 Media & Testate Giornalistiche,Italia,Il Post,https://www.ilpost.it,https://www.ilpost.it/feed/,IT,IT,,Qualità
📰 Media & Testate Giornalistiche,Italia,Il Quotidiano del Sud,https://www.quotidianodelsud.it,https://www.quotidianodelsud.it/feed,,IT-Calabria,,Cosenza
📰 Media & Testate Giornalistiche,Italia,Il Quotidiano Giuridico,https://www.ilquotidianogiuridico.it,,IT,IT,,Legale
📰 Media & Testate Giornalistiche,Italia,Il Resto del Carlino,https://www.ilrestodelcarlino.it,https://www.ilrestodelcarlino.it/rss,,IT-Emilia-Romagna,,Emilia — Quotidiano
📰 Media & Testate Giornalistiche,Italia,Il Riformista,https://www.ilriformista.it,https://www.ilriformista.it/feed,IT,IT,,Garantista — Quotidiano
📰 Media & Testate Giornalistiche,Italia,Il Secolo XIX,https://www.ilsecoloxix.it,https://www.ilsecoloxix.it/rss,,IT-Liguria,,Liguria — Quotidiano
📰 Media & Testate Giornalistiche,Italia,Il Sole 24 Ore,https://www.ilsole24ore.com,https://www.ilsole24ore.com/rss/italia.xml,IT,IT,,Finanza — Economia
📰 Media & Testate Giornalistiche,Italia,Il Tascabile,https://www.iltascabile.com,https://www.iltascabile.com/feed/,IT,IT,,Cultura
📰 Media & Testate Giornalistiche,Italia,Il Tempo,https://www.iltempo.it,https://www.iltempo.it/rss,,IT-Lazio,,Roma — Lazio — Quotidiano
📰 Media & Testate Giornalistiche,Italia,Il Tirreno,https://www.iltirreno.it,https://www.iltirreno.it/rss,,IT-Toscana,,Livorno/Grosseto — Locale
📰 Media & Testate Giornalistiche,Italia,Il Trentino,https://www.ildolomiti.it,https://www.ildolomiti.it/rss,,IT-TAA,,Trentino — Quotidiano
📰 Media & Testate Giornalistiche,Italia,IlNapolista,https://ilnapolista.it,https://ilnapolista.it/feed/,IT,IT,,Calcio critico — Sport
📰 Media & Testate Giornalistiche,Italia,IlPescara,https://www.ilpescara.it,,IT,IT,,Pescara — network Citynews
📰 Media & Testate Giornalistiche,Italia,IlPiacenza,https://www.ilpiacenza.it,,IT,IT,,Piacenza — network Citynews
📰 Media & Testate Giornalistiche,Italia,InsideOver,https://it.insideover.com,https://it.insideover.com/feed/,IT,IT,,Geopolitica
📰 Media & Testate Giornalistiche,Italia,Internazionale,https://www.internazionale.it,https://www.internazionale.it/sitemaps/rss.xml,IT,IT,,Traduzioni da media esteri — Settimanale
📰 Media & Testate Giornalistiche,Italia,InvestireOggi,https://www.investireoggi.it,https://www.investireoggi.it/feed/,IT,IT,,Finanza Personale
📰 Media & Testate Giornalistiche,Italia,isNews,https://www.isnews.it,https://www.isnews.it/feed/,IT,IT,,Isernia/Molise — testata digitale
📰 Media & Testate Giornalistiche,Italia,ISTAT,https://www.istat.it,https://www.istat.it/feed/,IT,IT,Pubblico,Statistiche IT — Italia — Database
📰 Media & Testate Giornalistiche,Italia,ITV News,https://www.itv.com/news,https://www.itv.com/news/rss,EN,GB,,TV UK
📰 Media & Testate Giornalistiche,Italia,Jacobin Italia,https://jacobinitalia.it,https://jacobinitalia.it/feed/,IT,IT,,Sinistra radicale — Politica
📰 Media & Testate Giornalistiche,Italia,Key4biz,https://www.key4biz.it,https://www.key4biz.it/feed/,IT,IT,,TLC/PA — Tech
📰 Media & Testate Giornalistiche,Italia,Kumu,https://kumu.io,,,,Freemium,Mappe relazionali — Network Mapping
📰 Media & Testate Giornalistiche,Italia,L'Adige,https://www.ladige.it,https://www.ladige.it/sitemaps/ladige/rss,IT,IT,,Trento — quotidiano storico
📰 Media & Testate Giornalistiche,Italia,L'Alto Adige,https://www.altoadige.it,https://www.altoadige.it/sitemaps/altoadige/rss,,IT-TAA,,Alto Adige — Trentino-AA — Quotidiano
📰 Media & Testate Giornalistiche,Italia,L'Arena,https://www.larena.it,https://www.larena.it/rss,,IT-Veneto,,Verona — Locale
📰 Media & Testate Giornalistiche,Italia,L'Espresso,https://lespresso.it,https://lespresso.it/feed/,IT,IT,,Investigativo — Settimanale
📰 Media & Testate Giornalistiche,Italia,L'Essenziale,https://www.lessenziale.it,https://www.lessenziale.it/rss,IT,IT,,Migrazioni
📰 Media & Testate Giornalistiche,Italia,L'Indipendente,https://www.lindipendente.online,https://www.lindipendente.online/feed/,IT,IT,,No-pub
📰 Media & Testate Giornalistiche,Italia,L'Unione Sarda,https://www.unionesarda.it,https://www.unionesarda.it/rss,,IT-Sardegna,,Sardegna — Locale
📰 Media & Testate Giornalistiche,Italia,La Gazzetta del Mezzogiorno,https://www.lagazzettadelmezzogiorno.it,https://www.lagazzettadelmezzogiorno.it/rss,,IT-Puglia/IT-Basilicata,,Bari — Puglia-Basilicata
📰 Media & Testate Giornalistiche,Italia,La Guida,https://www.laguida.it,,IT,IT,,Cuneo — settimanale locale
📰 Media & Testate Giornalistiche,Italia,La Lettura (CdS),https://www.corriere.it/la-lettura,,IT,IT,,Settimanale — Cultura
📰 Media & Testate Giornalistiche,Italia,La Nazione,https://www.lanazione.it,https://www.lanazione.it/rss,,IT-Toscana,,Toscana — Locale
📰 Media & Testate Giornalistiche,Italia,La Nuova del Sud,https://www.lanuova.net,,IT,IT,,Basilicata — quotidiano
📰 Media & Testate Giornalistiche,Italia,La Nuova Sardegna,https://www.lanuovasardegna.it,https://www.lanuovasardegna.it/rss,,IT-Sardegna,,Sassari — Locale
📰 Media & Testate Giornalistiche,Italia,La Nuova Venezia,https://nuovavenezia.gelocal.it,,IT,IT,,Venezia — gruppo GEDI
📰 Media & Testate Giornalistiche,Italia,La Prealpina,https://www.prealpina.it,,,IT-Lombardia,,Varese — Lombardia
📰 Media & Testate Giornalistiche,Italia,La Provincia (CO-CR-LC),https://laprovinciacr.it,,,IT-Lombardia,,Cremona/Como/LC — Lombardia
📰 Media & Testate Giornalistiche,Italia,La Provincia Pavese,https://laprovinciapavese.gelocal.it,https://laprovinciapavese.gelocal.it/rss/finegil/laprovinciapavese/feed.rss,IT,IT,,Pavia — gruppo GEDI
📰 Media & Testate Giornalistiche,Italia,La Repubblica,https://www.repubblica.it,,IT,IT,,Homepage — Quotidiano
📰 Media & Testate Giornalistiche,Italia,La Repubblica Economia,https://www.repubblica.it/economia,http://www.repubblica.it/rss/economia/rss2.0.xml,IT,IT,,Sezione economia — Quotidiano
📰 Media & Testate Giornalistiche,Italia,La Repubblica Firenze,https://firenze.repubblica.it,http://www.repubblica.it/rss/homepage/rss2.0.xml,,IT-Toscana,,Firenze — Toscana
📰 Media & Testate Giornalistiche,Italia,La Sentinella del Canavese,https://lasentinella.gelocal.it,https://lasentinella.it/feed/,IT,IT,,Piemonte (Ivrea) — gruppo GEDI
📰 Media & Testate Giornalistiche,Italia,La Sicilia,https://www.lasicilia.it,https://www.lasicilia.it/rss.xml,,IT-Sicilia,,Sicilia — Quotidiano
📰 Media & Testate Giornalistiche,Italia,La Stampa,https://www.lastampa.it,https://www.lastampa.it/rss/copertina.xml,IT,IT,,Torino e nazionale — Quotidiano
📰 Media & Testate Giornalistiche,Italia,La Tribuna di Treviso,https://tribunatreviso.gelocal.it,,IT,IT,,Treviso — gruppo GEDI
📰 Media & Testate Giornalistiche,Italia,La Verità,https://www.laverita.info,https://www.laverita.info/feed/,IT,IT,,Sovranista — Quotidiano
📰 Media & Testate Giornalistiche,Italia,LaC News24,https://www.lacnews24.it,https://www.lacnews24.it/sitemaps/lacnews24/rss,IT,IT,,Calabria — network all-news
📰 Media & Testate Giornalistiche,Italia,Latina Oggi,https://www.latinaoggi.eu,,IT,IT,,Latina — quotidiano locale
📰 Media & Testate Giornalistiche,Italia,LeccePrima,https://www.lecceprima.it,,IT,IT,,Lecce — network Citynews
📰 Media & Testate Giornalistiche,Italia,LeccoToday,https://www.leccotoday.it,,IT,IT,,Lecco — network Citynews
📰 Media & Testate Giornalistiche,Italia,Leggo,https://www.leggo.it,https://www.leggo.it/rss,IT,IT,Gratuito,Free press — Quotidiano
📰 Media & Testate Giornalistiche,Italia,Lettera43,https://www.lettera43.it,https://www.lettera43.it/feed/,IT,IT,,Investigativo
📰 Media & Testate Giornalistiche,Italia,Libera,https://www.libera.it,,IT,IT,,Antimafia — Italia
📰 Media & Testate Giornalistiche,Italia,Libero,https://liberoquotidiano.it,https://liberoquotidiano.it/rss,IT,IT,,Destra — Quotidiano
📰 Media & Testate Giornalistiche,Italia,Libertatea,https://www.libertatea.ro,https://www.libertatea.ro/feed,RO,RO,,Romania
📰 Media & Testate Giornalistiche,Italia,Libertà,https://www.liberta.it,,IT,IT,,Piacenza — quotidiano storico
📰 Media & Testate Giornalistiche,Italia,Limes,https://www.limesonline.com,https://www.limesonline.com/feed/,IT,IT,,Geopolitica — Rivista
📰 Media & Testate Giornalistiche,Italia,Linkiesta,https://www.linkiesta.it,https://www.linkiesta.it/rss/,IT,IT,,Liberale
📰 Media & Testate Giornalistiche,Italia,Live Sicilia,https://www.livesicilia.it,,,IT-Sicilia,,Online — Sicilia
📰 Media & Testate Giornalistiche,Italia,Lsdi (Libertà di Stampa),https://www.lsdi.it,https://www.lsdi.it/feed/,IT,IT,,Monitor
📰 Media & Testate Giornalistiche,Italia,Mangialibri,https://www.mangialibri.com,,IT,IT,,Recensioni — Cultura
📰 Media & Testate Giornalistiche,Italia,Mattino di Padova,https://mattinopadova.gelocal.it,,,IT-Veneto,,Padova — Veneto
📰 Media & Testate Giornalistiche,Italia,Medici Senza Frontiere IT,https://www.msf.it,,IT,IT,,Umanitario
📰 Media & Testate Giornalistiche,Italia,Messaggero Umbria,https://www.ilmessaggero.it/umbria,,,IT-Umbria,,Perugia — Umbria
📰 Media & Testate Giornalistiche,Italia,MessinaToday,https://www.messinatoday.it,,IT,IT,,Messina — network Citynews
📰 Media & Testate Giornalistiche,Italia,Micromega,https://www.micromega.net,https://www.micromega.net/feed/,IT,IT,,Cultura/Politica — Rivista
📰 Media & Testate Giornalistiche,Italia,Milano Finanza,https://www.milanofinanza.it,https://www.milanofinanza.it/rss,IT,IT,,Finanza — Economia
📰 Media & Testate Giornalistiche,Italia,MilanoToday,https://www.milanotoday.it,,,IT-Lombardia,,Milano online — Lombardia
📰 Media & Testate Giornalistiche,Italia,Minima &Moralia,https://www.minimaetmoralia.it,https://www.minimaetmoralia.it/feed/,IT,IT,,Letteratura — Cultura
📰 Media & Testate Giornalistiche,Italia,ModenaToday,https://www.modenatoday.it,,IT,IT,,Modena — network Citynews
📰 Media & Testate Giornalistiche,Italia,MonzaToday,https://www.monzatoday.it,,IT,IT,,Monza-Brianza — network Citynews
📰 Media & Testate Giornalistiche,Italia,Napoli Today,https://www.napolitoday.it,,,IT-Campania,,Napoli online — Campania
📰 Media & Testate Giornalistiche,Italia,Network Digital 360,https://www.networkdigital360.it,https://www.networkdigital360.it/feed/,IT,IT,,Business IT — Tech
📰 Media & Testate Giornalistiche,Italia,Normattiva,https://www.normattiva.it,,IT,IT,,Leggi italiane — Pubblico — Testi delle leggi italiane — Database
📰 Media & Testate Giornalistiche,Italia,NovaraToday,https://www.novaratoday.it,,IT,IT,,Novara — network Citynews
📰 Media & Testate Giornalistiche,Italia,Nuovo Quotidiano di Puglia,https://www.quotidianodipuglia.it,https://www.quotidianodipuglia.it/rss/home.xml,IT,IT,,Puglia — gruppo Caltagirone
📰 Media & Testate Giornalistiche,Italia,Nurse Times,https://www.nursetimes.org,https://www.nursetimes.org/feed/,IT,IT,,Infermieri — Sanità
📰 Media & Testate Giornalistiche,Italia,Open Fact Check,https://www.open.online/categoria/fact-checking,,,IT,,FC Open.online — Italia
📰 Media & Testate Giornalistiche,Italia,Open.online,https://www.open.online,https://www.open.online/feed/,,IT,,Antimafia
📰 Media & Testate Giornalistiche,Italia,OpenParlamento,https://openparlamento.it,,IT,IT,,Parlamento italiano — Pubblico — Database
📰 Media & Testate Giornalistiche,Italia,Ordine Giornalisti,https://www.odg.it,https://www.odg.it/feed,IT,IT,,Ordine — Giornalismo
📰 Media & Testate Giornalistiche,Italia,Osservatore Romano,https://www.osservatoreromano.va,,,VA,,Prospettiva Santa Sede — Vaticano
📰 Media & Testate Giornalistiche,Italia,Osservatorio Balcani,https://www.balcanicaucaso.org,https://www.balcanicaucaso.org/rss,IT,IT,,Balcani — Geopolitica
📰 Media & Testate Giornalistiche,Italia,PadovaOggi,https://www.padovaoggi.it,,IT,IT,,Padova — network Citynews
📰 Media & Testate Giornalistiche,Italia,Pagella Politica,https://pagellapolitica.it,,IT,IT,,Fact-checking politico — Italia
📰 Media & Testate Giornalistiche,Italia,Palermo Today,https://www.palermotoday.it,,,IT-Sicilia,,Palermo online — Sicilia
📰 Media & Testate Giornalistiche,Italia,Pandora Rivista,https://www.pandorarivista.it,https://www.pandorarivista.it/feed/,IT,IT,,Politica — Rivista
📰 Media & Testate Giornalistiche,Italia,Panorama,https://www.panorama.it,https://www.panorama.it/rss/,IT,IT,,Business — Settimanale
📰 Media & Testate Giornalistiche,Italia,ParmaToday,https://www.parmatoday.it,,IT,IT,,Parma — network Citynews
📰 Media & Testate Giornalistiche,Italia,PerugiaToday,https://www.perugiatoday.it,,IT,IT,,Perugia — network Citynews
📰 Media & Testate Giornalistiche,Italia,Primocanale,https://www.primocanale.it,,IT,IT,,Liguria — emittente all-news regionale
📰 Media & Testate Giornalistiche,Italia,Primonumero,https://www.primonumero.it,,IT,IT,,Campobasso/Molise — testata digitale
📰 Media & Testate Giornalistiche,Italia,ProTV Romania,https://stirileprotv.ro,,RO,RO,,Romania TV
📰 Media & Testate Giornalistiche,Italia,Punto Informatico,https://www.punto-informatico.it,https://www.punto-informatico.it/rss/,IT,IT,,Tech diritti — Tech
📰 Media & Testate Giornalistiche,Italia,QuiComo,https://www.quicomo.it,,IT,IT,,Como — network Citynews
📰 Media & Testate Giornalistiche,Italia,Quirinale,https://www.quirinale.it,,IT,IT,,Presidenza Repubblica — Italia
📰 Media & Testate Giornalistiche,Italia,Quotidiano Sanità,https://www.quotidianosanita.it,https://www.quotidianosanita.it/rss,IT,IT,,Sanità
📰 Media & Testate Giornalistiche,Italia,Rai News 24,https://www.rainews.it,https://www.rainews.it/rss,IT,IT,,RAI — TV/Online
📰 Media & Testate Giornalistiche,Italia,Rai Tre,https://www.raiplay.it/programmi/report,,IT,IT,,Report RAI — TV
📰 Media & Testate Giornalistiche,Italia,RavennaToday,https://www.ravennatoday.it,,IT,IT,,Ravenna — network Citynews
📰 Media & Testate Giornalistiche,Italia,Redattore Sociale,https://www.redattoresociale.it,https://www.redattoresociale.it/rss,IT,IT,,Sociale
📰 Media & Testate Giornalistiche,Italia,Reggio Today,https://www.reggiotoday.it,,,IT-Emilia-Romagna,,Reggio online — Emilia
📰 Media & Testate Giornalistiche,Italia,Registro Imprese IT,https://www.registroimprese.it,,IT,IT,Freemium,Aziende italiane — Freemium
📰 Media & Testate Giornalistiche,Italia,RiminiToday,https://www.riminitoday.it,,IT,IT,,Rimini — network Citynews
📰 Media & Testate Giornalistiche,Italia,Roars,https://www.roars.it,https://www.roars.it/feed/,IT,IT,,Università — Blog
📰 Media & Testate Giornalistiche,Italia,Roma Today,https://www.romatoday.it,https://www.romatoday.it/rss,,IT-Lazio,,Roma online — Lazio
📰 Media & Testate Giornalistiche,Italia,SalernoToday,https://www.salernotoday.it,,IT,IT,,Salerno — network Citynews
📰 Media & Testate Giornalistiche,Italia,Salto.bz,https://salto.bz,,IT/DE,BZ,,Alto Adige — testata indipendente bilingue
📰 Media & Testate Giornalistiche,Italia,Sardinia Post,https://www.sardiniapost.it,,,IT-Sardegna,,Online — Sardegna
📰 Media & Testate Giornalistiche,Italia,Scenari Economici,https://scenarieconomici.it,https://scenarieconomici.it/feed/,IT,IT,,Economia — Blog
📰 Media & Testate Giornalistiche,Italia,Sky Sport,https://sport.sky.it,,IT,IT,,Sport — TV
📰 Media & Testate Giornalistiche,Italia,Sky TG24,https://tg24.sky.it,https://tg24.sky.it/rss.xml,IT,IT,,Sky — TV/Online
📰 Media & Testate Giornalistiche,Italia,SondrioToday,https://www.sondriotoday.it,,IT,IT,,Sondrio — network Citynews
📰 Media & Testate Giornalistiche,Italia,Sport Mediaset,https://sportmediaset.mediaset.it,,IT,IT,,Mediaset — Sport
📰 Media & Testate Giornalistiche,Italia,StartupBusiness,https://www.startupbusiness.it,https://www.startupbusiness.it/feed/,IT,IT,,Startup — Tech
📰 Media & Testate Giornalistiche,Italia,TGCom24,https://www.tgcom24.mediaset.it,https://www.tgcom24.mediaset.it/rss,IT,IT,,Mediaset — TV/Online
📰 Media & Testate Giornalistiche,Italia,TMNews,https://www.tmnews.it,,IT,IT,,Ex Agenzia — Online
📰 Media & Testate Giornalistiche,Italia,Today.it,https://www.today.it,https://www.today.it/rss,IT,IT,,Mass
📰 Media & Testate Giornalistiche,Italia,TPI,https://www.tpi.it,https://www.tpi.it/feed/,IT,IT,,International
📰 Media & Testate Giornalistiche,Italia,TrentoToday,https://www.trentotoday.it,,IT,IT,,Trento — network Citynews
📰 Media & Testate Giornalistiche,Italia,TriestePrima,https://www.triesteprima.it,,IT,IT,,Trieste — network Citynews
📰 Media & Testate Giornalistiche,Italia,Tuttosport,https://www.tuttosport.com,https://www.tuttosport.com/rss/home.xml,IT,IT,,Torino/Juventus — Sport
📰 Media & Testate Giornalistiche,Italia,UdineToday,https://www.udinetoday.it,,IT,IT,,Udine — network Citynews
📰 Media & Testate Giornalistiche,Italia,Valigia Blu,https://www.valigiablu.it,https://www.valigiablu.it/feed/,IT,IT,,"Qualità — Fact-checking, inchieste"
📰 Media & Testate Giornalistiche,Italia,Valigia Blu FC,https://www.valigiablu.it/tag/fact-checking,https://www.valigiablu.it/feed/,IT,IT,,Italia
📰 Media & Testate Giornalistiche,Italia,Valori,https://valori.it,https://valori.it/feed/,IT,IT,,Finanza etica — Economia
📰 Media & Testate Giornalistiche,Italia,VeneziaToday,https://www.veneziatoday.it,,IT,IT,,Venezia — network Citynews
📰 Media & Testate Giornalistiche,Italia,VeronaSera,https://www.veronasera.it,,IT,IT,,Verona — network Citynews
📰 Media & Testate Giornalistiche,Italia,Virgilio Notizie,https://notizie.virgilio.it,https://www.virgilio.it/notizie/feed/rss,IT,IT,,Aggregatore — Portale
📰 Media & Testate Giornalistiche,Italia,Volere la Luna,https://volerelaluna.it,https://volerelaluna.it/feed/,IT,IT,,Analisi critica — Politica — Blog
📰 Media & Testate Giornalistiche,Italia,VoxEurop Italia,https://voxeurop.eu/it,https://voxeurop.eu/it/feed/,IT,IT,,Europa — Prospettiva europea
📰 Media & Testate Giornalistiche,Italia,Wired Italia,https://www.wired.it,https://www.wired.it/feed/,IT,IT,,Tech/Cultura — Tech/Culture
📰 Media & Testate Giornalistiche,Italia,ZeroUno,https://www.zerounoweb.it,https://www.zerounoweb.it/feed/,IT,IT,,Enterprise — ICT
📰 Media & Testate Giornalistiche,Europa Occidentale,192.com,https://www.192.com,,EN,GB,,Ricerca persone UK — Freemium — People Search
📰 Media & Testate Giornalistiche,Europa Occidentale,20minutos,https://www.20minutos.es,https://www.20minutos.es/rss/,ES,ES,,Spagna free press
📰 Media & Testate Giornalistiche,Europa Occidentale,24 heures,https://www.24heures.ch,,FR,CH,,Vaud — Losanna
📰 Media & Testate Giornalistiche,Europa Occidentale,ABC España,https://www.abc.es,https://www.abc.es/rss/2.0/portada/,ES,ES,,Spagna conservatore
📰 Media & Testate Giornalistiche,Europa Occidentale,AD.nl,https://www.ad.nl,,NL,NL,,Paesi Bassi
📰 Media & Testate Giornalistiche,Europa Occidentale,Alternatives Économiques,https://www.alternatives-economiques.fr,,FR,FR,,Francia — mensile economico eterodosso
📰 Media & Testate Giornalistiche,Europa Occidentale,ANSSI France,https://www.ssi.gouv.fr,,FR,FR,,Francia — CERT
📰 Media & Testate Giornalistiche,Europa Occidentale,Antena 3 Noticias,https://www.antena3.com,https://www.antena3.com/rss/347795.xml,ES,ES,,Spagna — TV commerciale principale
📰 Media & Testate Giornalistiche,Europa Occidentale,Ara,https://www.ara.cat,https://www.ara.cat/rss/,CA,ES,,Catalogna
📰 Media & Testate Giornalistiche,Europa Occidentale,Atlantico,https://www.atlantico.fr,https://rss.atlantico.fr,FR,FR,,Online FR
📰 Media & Testate Giornalistiche,Europa Occidentale,Augsburger Allgemeine,https://www.augsburger-allgemeine.de,,DE,DE,,Baviera — Augusta
📰 Media & Testate Giornalistiche,Europa Occidentale,Badische Zeitung,https://www.badische-zeitung.de,,DE,DE,,Baden-Württemberg — Friburgo
📰 Media & Testate Giornalistiche,Europa Occidentale,Banco de España,https://www.bde.es,,ES,ES,,Spagna — Banca centrale
📰 Media & Testate Giornalistiche,Europa Occidentale,Belfast Telegraph,https://www.belfasttelegraph.co.uk,,EN,GB,,Irlanda del Nord
📰 Media & Testate Giornalistiche,Europa Occidentale,Berliner Zeitung,https://www.berliner-zeitung.de,,DE,DE,,Berlino — quotidiano
📰 Media & Testate Giornalistiche,Europa Occidentale,Berner Zeitung,https://www.bernerzeitung.ch,,DE,CH,,Berna
📰 Media & Testate Giornalistiche,Europa Occidentale,BFM TV,https://www.bfmtv.com,,FR,FR,,TV news FR
📰 Media & Testate Giornalistiche,Europa Occidentale,Bild,https://www.bild.de,https://www.bild.de/rssfeeds.rss,DE,DE,,Tabloide DE
📰 Media & Testate Giornalistiche,Europa Occidentale,Birmingham Mail,https://www.birminghammail.co.uk,https://www.birminghammail.co.uk/rss.xml,EN,GB,,UK — Birmingham
📰 Media & Testate Giornalistiche,Europa Occidentale,Blick,https://www.blick.ch,,DE,CH,,Svizzera tabloide
📰 Media & Testate Giornalistiche,Europa Occidentale,BR24,https://www.br.de,,DE,DE,,Baviera — emittente pubblica
📰 Media & Testate Giornalistiche,Europa Occidentale,BristolLive / Bristol Post,https://www.bristolpost.co.uk,https://www.bristolpost.co.uk/rss.xml,EN,GB,,UK — Bristol
📰 Media & Testate Giornalistiche,Europa Occidentale,BSI Germany,https://www.bsi.bund.de,,DE,DE,,Germania — CERT
📰 Media & Testate Giornalistiche,Europa Occidentale,Canarias7,https://www.canarias7.es,https://www.canarias7.es/rss/2.0/?section=,ES,ES,,Canarie — Las Palmas
📰 Media & Testate Giornalistiche,Europa Occidentale,Capital,https://www.capital.fr,https://feed.prismamediadigital.com/v1/cap/rss?limit=20,FR,FR,,Francia — mensile economico
📰 Media & Testate Giornalistiche,Europa Occidentale,Capital.de,https://www.capital.de,https://www.capital.de/feed/standard/,DE,DE,,Finanza DE
📰 Media & Testate Giornalistiche,Europa Occidentale,Capital.gr,https://www.capital.gr,https://www.capital.gr/api/tags/all/,EL,GR,,Business — Grecia
📰 Media & Testate Giornalistiche,Europa Occidentale,CERI Sciences Po,https://www.sciencespo.fr/ceri,,FR,FR,,Ricerca politica — Francia
📰 Media & Testate Giornalistiche,Europa Occidentale,Channel 4 FactCheck,https://www.channel4.com/news/factcheck,https://www.channel4.com/news/factcheck/feed,UK,GB,,FC UK
📰 Media & Testate Giornalistiche,Europa Occidentale,Channel 5 News,https://www.channel5.com/news,,EN,GB,,TV UK
📰 Media & Testate Giornalistiche,Europa Occidentale,Charente Libre,https://www.charentelibre.fr,https://www.charentelibre.fr/rss.xml,FR,FR,,Francia — Charente
📰 Media & Testate Giornalistiche,Europa Occidentale,Charlie Hebdo,https://charliehebdo.fr,https://charliehebdo.fr/feed/,FR,FR,,Satira FR
📰 Media & Testate Giornalistiche,Europa Occidentale,ChronicleLive,https://www.chroniclelive.co.uk,https://www.chroniclelive.co.uk/rss.xml,EN,GB,,UK — Newcastle/Nord-Est
📰 Media & Testate Giornalistiche,Europa Occidentale,CIRCL (Luxembourg),https://www.circl.lu,https://www.circl.lu/atom.xml,,LU,,Lussemburgo — CERT
📰 Media & Testate Giornalistiche,Europa Occidentale,Companies House UK,https://find-and-update.company-information.service.gov.uk,,EN,GB,Pubblico,Aziende UK — Pubblico
📰 Media & Testate Giornalistiche,Europa Occidentale,Corse-Matin,https://www.corsematin.com,,FR,FR,,Corsica
📰 Media & Testate Giornalistiche,Europa Occidentale,Courrier International,https://www.courrierinternational.com,https://www.courrierinternational.com/feed/all/rss.xml,FR,FR,,Traduzioni globali
📰 Media & Testate Giornalistiche,Europa Occidentale,Courrier Picard,https://www.courrier-picard.fr,,FR,FR,,"Francia — Piccardia, Amiens"
📰 Media & Testate Giornalistiche,Europa Occidentale,Daily Record,https://www.dailyrecord.co.uk,https://www.dailyrecord.co.uk/rss.xml,EN,GB,,Scozia — tabloid principale
📰 Media & Testate Giornalistiche,Europa Occidentale,Daily Telegraph,https://www.telegraph.co.uk,,EN,GB,,UK conservatore
📰 Media & Testate Giornalistiche,Europa Occidentale,De Morgen,https://www.demorgen.be,,NL,BE,,Belgio
📰 Media & Testate Giornalistiche,Europa Occidentale,De Standaard,https://www.standaard.be,https://www.standaard.be/rss.xml,NL,BE,,Belgio
📰 Media & Testate Giornalistiche,Europa Occidentale,De Telegraaf,https://www.telegraaf.nl,,NL,NL,,Paesi Bassi tabloide
📰 Media & Testate Giornalistiche,Europa Occidentale,De Tijd,https://www.tijd.be,,NL,BE,,Belgio — economico fiammingo
📰 Media & Testate Giornalistiche,Europa Occidentale,De Volkskrant,https://www.volkskrant.nl,,NL,NL,,Paesi Bassi
📰 Media & Testate Giornalistiche,Europa Occidentale,Deia,https://www.deia.eus,https://www.deia.eus/rss/,ES/EU,ES,,Spagna — Bilbao
📰 Media & Testate Giornalistiche,Europa Occidentale,Der Spiegel,https://www.spiegel.de,https://www.spiegel.de/schlagzeilen/index.rss,DE,DE,,Germania
📰 Media & Testate Giornalistiche,Europa Occidentale,Diari de Tarragona,https://www.diaridetarragona.com,https://www.diaridetarragona.com/rss/home.xml,ES/CA,ES,,Spagna — Tarragona
📰 Media & Testate Giornalistiche,Europa Occidentale,Diario Córdoba,https://www.diariocordoba.com,,ES,ES,,Spagna — Cordova
📰 Media & Testate Giornalistiche,Europa Occidentale,Diario de Cádiz,https://www.diariodecadiz.es,https://www.diariodecadiz.es/rss/,ES,ES,,Spagna — Cadice (Grupo Joly)
📰 Media & Testate Giornalistiche,Europa Occidentale,Diario de Ibiza,https://www.diariodeibiza.es,,ES,ES,,"Spagna — Baleari, Ibiza"
📰 Media & Testate Giornalistiche,Europa Occidentale,Diario de León,https://www.diariodeleon.es,https://www.diariodeleon.es/rss/home.xml,ES,ES,,Spagna — León
📰 Media & Testate Giornalistiche,Europa Occidentale,Diario de Mallorca,https://www.diariodemallorca.es,,ES/CA,ES,,Baleari
📰 Media & Testate Giornalistiche,Europa Occidentale,Diario de Navarra,https://www.diariodenavarra.es,https://www.diariodenavarra.es/rss/contenidos.xml,ES,ES,,Spagna — Navarra
📰 Media & Testate Giornalistiche,Europa Occidentale,Diario de Sevilla,https://www.diariodesevilla.es,https://www.diariodesevilla.es/rss/,ES,ES,,Andalusia — Siviglia
📰 Media & Testate Giornalistiche,Europa Occidentale,Diario Sur,https://www.diariosur.es,https://www.diariosur.es/rss/2.0/?section=,ES,ES,,Andalusia — Malaga
📰 Media & Testate Giornalistiche,Europa Occidentale,Die Zeit,https://www.zeit.de,https://newsfeed.zeit.de/index,DE,DE,,Germania settimanale
📰 Media & Testate Giornalistiche,Europa Occidentale,Diário de Notícias,https://www.dn.pt,,PT,PT,,Portogallo
📰 Media & Testate Giornalistiche,Europa Occidentale,DNA — Dernières Nouvelles d'Alsace,https://www.dna.fr,,FR,FR,,Alsazia — Strasburgo
📰 Media & Testate Giornalistiche,Europa Occidentale,Documento Greece,https://www.documentonews.gr,https://www.documentonews.gr/feed/,EL,GR,,Settimanale inv. — Grecia
📰 Media & Testate Giornalistiche,Europa Occidentale,Doğruluk Payı,https://dogrulukpayi.com,,TR,TR,,FC TR — Turchia
📰 Media & Testate Giornalistiche,Europa Occidentale,DPA International,https://www.dpa-international.com,https://www.dpa-international.com/feed,EN,DE,,Wire Germania
📰 Media & Testate Giornalistiche,Europa Occidentale,Dublin Live,https://www.dublinlive.ie,https://www.dublinlive.ie/rss.xml,EN,IE,,Irlanda
📰 Media & Testate Giornalistiche,Europa Occidentale,DW English,https://www.dw.com/en,https://rss.dw.com/xml/rss-en-all,EN,DE,,Germania
📰 Media & Testate Giornalistiche,Europa Occidentale,Eastern Daily Press,https://www.edp24.co.uk,,EN,GB,,"UK — East Anglia, Norwich"
📰 Media & Testate Giornalistiche,Europa Occidentale,EFE Verifica,https://verifica.efe.com,https://verifica.efe.com/feed/,ES,ES,,FC ES — Spagna
📰 Media & Testate Giornalistiche,Europa Occidentale,Efimerida ton Syntakton,https://www.efsyn.gr,,EL,GR,,Sinistra — Grecia
📰 Media & Testate Giornalistiche,Europa Occidentale,El Comercio,https://www.elcomercio.es,https://www.elcomercio.es/rss/2.0/?section=,ES,ES,,"Spagna — Asturie, Gijón"
📰 Media & Testate Giornalistiche,Europa Occidentale,El Correo,https://www.elcorreo.com,https://www.elcorreo.com/rss/2.0/?section=,ES,ES,,Paesi Baschi — Bilbao
📰 Media & Testate Giornalistiche,Europa Occidentale,El Diario Montañés,https://www.eldiariomontanes.es,https://www.eldiariomontanes.es/rss/2.0/?section=,ES,ES,,Cantabria
📰 Media & Testate Giornalistiche,Europa Occidentale,El Diario Vasco,https://www.diariovasco.com,https://www.diariovasco.com/rss/2.0/?section=,ES,ES,,Paesi Baschi — San Sebastián
📰 Media & Testate Giornalistiche,Europa Occidentale,El Día,https://www.eldia.es,,ES,ES,,Canarie — Tenerife
📰 Media & Testate Giornalistiche,Europa Occidentale,El Economista,https://www.eleconomista.es,,ES,ES,,Spagna — economico
📰 Media & Testate Giornalistiche,Europa Occidentale,El Mundo,https://www.elmundo.es,https://www.elmundo.es/rss/googlenews/portada.xml,ES,ES,,Spagna
📰 Media & Testate Giornalistiche,Europa Occidentale,El Norte de Castilla,https://www.elnortedecastilla.es,https://www.elnortedecastilla.es/rss/2.0/?section=,ES,ES,,Castiglia e León — Valladolid
📰 Media & Testate Giornalistiche,Europa Occidentale,El País,https://elpais.com,,ES,ES,,Spagna
📰 Media & Testate Giornalistiche,Europa Occidentale,El Periódico de Aragón,https://www.elperiodicodearagon.com,,ES,ES,,Spagna — Aragona
📰 Media & Testate Giornalistiche,Europa Occidentale,El Periódico España,https://www.elperiodico.com,https://www.elperiodico.com/es/rss/rss_portada.xml,ES,ES,,Catalogna — Spagna
📰 Media & Testate Giornalistiche,Europa Occidentale,El Punt Avui,https://www.elpuntavui.cat,https://www.elpuntavui.cat/barcelona.feed?type=rss,CA,ES,,"Spagna — Catalogna, catalanofono"
📰 Media & Testate Giornalistiche,Europa Occidentale,European Policy Centre,https://www.epc.eu,,,BE,,UE policy — Belgio
📰 Media & Testate Giornalistiche,Europa Occidentale,Express & Star,https://www.expressandstar.com,https://www.expressandstar.com/rss,EN,GB,,"UK — Midlands, Wolverhampton"
📰 Media & Testate Giornalistiche,Europa Occidentale,Expresso,https://expresso.pt,,PT,PT,,Portogallo
📰 Media & Testate Giornalistiche,Europa Occidentale,Falter,https://www.falter.at,,DE,AT,,Austria — settimanale viennese
📰 Media & Testate Giornalistiche,Europa Occidentale,Faro de Vigo,https://www.farodevigo.es,,ES/GL,ES,,"Galizia — Vigo, il più antico di Spagna"
📰 Media & Testate Giornalistiche,Europa Occidentale,FAZ,https://www.faz.net,https://www.faz.net/rss/aktuell/,DE,DE,,Germania conservatore
📰 Media & Testate Giornalistiche,Europa Occidentale,Focus Online,https://www.focus.de,https://www.focus.de/rss/index.rss,DE,DE,,Magazine DE
📰 Media & Testate Giornalistiche,Europa Occidentale,France 24,https://www.france24.com,,EN/FR,FR,,Prospettiva francese
📰 Media & Testate Giornalistiche,Europa Occidentale,France 24 Français,https://www.france24.com/fr,https://www.france24.com/fr/rss,FR,FR,,Francia
📰 Media & Testate Giornalistiche,Europa Occidentale,France Info,https://www.francetvinfo.fr,,FR,FR,,Radio/TV pubblica
📰 Media & Testate Giornalistiche,Europa Occidentale,Frankfurter Rundschau,https://www.fr.de,,DE,DE,,Germania sinistra
📰 Media & Testate Giornalistiche,Europa Occidentale,Freie Presse,https://www.freiepresse.de,https://www.freiepresse.de/feed.atom,DE,DE,,Sassonia — Chemnitz
📰 Media & Testate Giornalistiche,Europa Occidentale,Granada Hoy,https://www.granadahoy.com,https://www.granadahoy.com/rss/,ES,ES,,Spagna — Granada
📰 Media & Testate Giornalistiche,Europa Occidentale,Guernsey Press,https://guernseypress.com,,EN,GB,,Guernsey
📰 Media & Testate Giornalistiche,Europa Occidentale,Hamburger Abendblatt,https://www.abendblatt.de,https://www.abendblatt.de/rss,DE,DE,,Amburgo — quotidiano principale
📰 Media & Testate Giornalistiche,Europa Occidentale,Handelsblatt,https://www.handelsblatt.com,,DE,DE,,Economia DE
📰 Media & Testate Giornalistiche,Europa Occidentale,Hannoversche Allgemeine,https://www.haz.de,,DE,DE,,Bassa Sassonia — Hannover
📰 Media & Testate Giornalistiche,Europa Occidentale,Herald Scotland,https://www.heraldscotland.com,,EN,GB,,Scozia
📰 Media & Testate Giornalistiche,Europa Occidentale,Heraldo de Aragón,https://www.heraldo.es,https://www.heraldo.es/rss/,ES,ES,,Aragona — Saragozza
📰 Media & Testate Giornalistiche,Europa Occidentale,Het Nieuwsblad,https://www.nieuwsblad.be,,NL,BE,,Belgio
📰 Media & Testate Giornalistiche,Europa Occidentale,Het Parool,https://www.parool.nl,,NL,NL,,Amsterdam
📰 Media & Testate Giornalistiche,Europa Occidentale,Huelva Información,https://www.huelvainformacion.es,,ES,ES,,Spagna — Huelva
📰 Media & Testate Giornalistiche,Europa Occidentale,Ideal,https://www.ideal.es,https://www.ideal.es/rss/2.0/?section=,ES,ES,,Andalusia — Granada
📰 Media & Testate Giornalistiche,Europa Occidentale,IHEDN,https://www.ihedn.fr,https://ihedn.fr/feed/,FR,FR,,Difesa FR — Francia
📰 Media & Testate Giornalistiche,Europa Occidentale,In.gr,https://www.in.gr,,EL,GR,,Online — Grecia
📰 Media & Testate Giornalistiche,Europa Occidentale,Información,https://www.informacion.es,,ES,ES,,Spagna — Alicante
📰 Media & Testate Giornalistiche,Europa Occidentale,Irish Examiner,https://www.irishexaminer.com,https://www.irishexaminer.com/feed/,EN,IE,,Irlanda
📰 Media & Testate Giornalistiche,Europa Occidentale,Irish Independent,https://www.independent.ie,,EN,IE,,Irlanda
📰 Media & Testate Giornalistiche,Europa Occidentale,Irish Times,https://www.irishtimes.com,,EN,IE,,Irlanda
📰 Media & Testate Giornalistiche,Europa Occidentale,Jersey Evening Post,https://jerseyeveningpost.com,https://jerseyeveningpost.com/feed/,EN,GB,,Jersey
📰 Media & Testate Giornalistiche,Europa Occidentale,Jornal de Noticias,https://www.jn.pt,https://www.jn.pt/rss/,PT,PT,,Portogallo
📰 Media & Testate Giornalistiche,Europa Occidentale,Journalism.co.uk,https://www.journalism.co.uk,https://www.journalism.co.uk/rss/,UK,GB,,Media industry news
📰 Media & Testate Giornalistiche,Europa Occidentale,Kathimerini Greece,https://www.ekathimerini.com,,,GR,,Quality English — Grecia
📰 Media & Testate Giornalistiche,Europa Occidentale,Kieler Nachrichten,https://www.kn-online.de,,DE,DE,,Schleswig-Holstein — Kiel
📰 Media & Testate Giornalistiche,Europa Occidentale,Kleine Zeitung,https://www.kleinezeitung.at,https://www.kleinezeitung.at/rss/hp_stmk,DE,AT,,Stiria/Carinzia — quotidiano principale
📰 Media & Testate Giornalistiche,Europa Occidentale,Kölner Stadt-Anzeiger,https://www.ksta.de,,DE,DE,,NRW — Colonia
📰 Media & Testate Giornalistiche,Europa Occidentale,L'Echo,https://www.lecho.be,,FR,BE,,Belgio — economico francofono
📰 Media & Testate Giornalistiche,Europa Occidentale,L'Est Républicain,https://www.estrepublicain.fr,,FR,FR,,Grand Est — Nancy
📰 Media & Testate Giornalistiche,Europa Occidentale,L'Express,https://www.lexpress.fr,,FR,FR,,Francia
📰 Media & Testate Giornalistiche,Europa Occidentale,L'Humanité,https://www.humanite.fr,,FR,FR,,Francia sinistra
📰 Media & Testate Giornalistiche,Europa Occidentale,L'Indépendant,https://www.lindependant.fr,https://www.lindependant.fr/rss.xml,FR,FR,,Francia — Perpignan
📰 Media & Testate Giornalistiche,Europa Occidentale,L'Obs,https://www.nouvelobs.com,,FR,FR,,Francia
📰 Media & Testate Giornalistiche,Europa Occidentale,L'Opinion,https://www.lopinion.fr,https://www.lopinion.fr/index.rss,FR,FR,,"Francia — liberale, economia"
📰 Media & Testate Giornalistiche,Europa Occidentale,L'Union,https://www.lunion.fr,,FR,FR,,"Francia — Champagne, Reims"
📰 Media & Testate Giornalistiche,Europa Occidentale,La Dépêche du Midi,https://www.ladepeche.fr,https://www.ladepeche.fr/rss.xml,FR,FR,,Occitania — Tolosa
📰 Media & Testate Giornalistiche,Europa Occidentale,La Libre Belgique,https://www.lalibre.be,,FR,BE,,Belgio
📰 Media & Testate Giornalistiche,Europa Occidentale,La Montagne,https://www.lamontagne.fr,,FR,FR,,Alvernia — Clermont-Ferrand
📰 Media & Testate Giornalistiche,Europa Occidentale,La Nouvelle République,https://www.lanouvellerepublique.fr,https://www.lanouvellerepublique.fr/api/v1/rss/592bf255489a4555008b4568,FR,FR,,Centro — Tours
📰 Media & Testate Giornalistiche,Europa Occidentale,La Nueva España,https://www.lne.es,,ES,ES,,Asturie — Oviedo
📰 Media & Testate Giornalistiche,Europa Occidentale,La Opinión de Murcia,https://www.laopiniondemurcia.es,,ES,ES,,Spagna — Murcia
📰 Media & Testate Giornalistiche,Europa Occidentale,La Provence,https://www.laprovence.com,,FR,FR,,PACA — Marsiglia
📰 Media & Testate Giornalistiche,Europa Occidentale,La Provincia,https://www.laprovincia.es,,ES,ES,,Spagna — Las Palmas
📰 Media & Testate Giornalistiche,Europa Occidentale,La Razón,https://www.larazon.es,https://www.larazon.es/rss/,ES,ES,,Spagna conservatore
📰 Media & Testate Giornalistiche,Europa Occidentale,La Rioja,https://www.larioja.com,https://www.larioja.com/rss/2.0/?section=,ES,ES,,Spagna — La Rioja
📰 Media & Testate Giornalistiche,Europa Occidentale,La République des Pyrénées,https://www.larepubliquedespyrenees.fr,https://www.larepubliquedespyrenees.fr/rss.xml,FR,FR,,Francia — Pau
📰 Media & Testate Giornalistiche,Europa Occidentale,La Vanguardia,https://www.lavanguardia.com,https://www.lavanguardia.com/rss/home.xml,ES/CA,ES,,Catalogna
📰 Media & Testate Giornalistiche,Europa Occidentale,La Verdad,https://www.laverdad.es,https://www.laverdad.es/rss/2.0/?section=,ES,ES,,Murcia
📰 Media & Testate Giornalistiche,Europa Occidentale,La Voix du Nord,https://www.lavoixdunord.fr,,FR,FR,,Alta Francia — Lille
📰 Media & Testate Giornalistiche,Europa Occidentale,La Voz de Galicia,https://www.lavozdegalicia.es,,ES/GL,ES,,Galizia — quotidiano principale
📰 Media & Testate Giornalistiche,Europa Occidentale,Las Provincias,https://www.lasprovincias.es,https://www.lasprovincias.es/rss/2.0/?section=,ES,ES,,Comunità Valenciana
📰 Media & Testate Giornalistiche,Europa Occidentale,Le Dauphiné Libéré,https://www.ledauphine.com,,FR,FR,,Alpi — Grenoble
📰 Media & Testate Giornalistiche,Europa Occidentale,Le Figaro,https://www.lefigaro.fr,,FR,FR,,Francia
📰 Media & Testate Giornalistiche,Europa Occidentale,Le JDD,https://www.lejdd.fr,,FR,FR,,Francia — domenicale nazionale
📰 Media & Testate Giornalistiche,Europa Occidentale,Le Monde,https://www.lemonde.fr,https://www.lemonde.fr/rss/une.xml,FR,FR,,Francia
📰 Media & Testate Giornalistiche,Europa Occidentale,Le Parisien,https://www.leparisien.fr,https://www.leparisien.fr/rss/,FR,FR,,Parigi
📰 Media & Testate Giornalistiche,Europa Occidentale,Le Point,https://www.lepoint.fr,,FR,FR,,Francia
📰 Media & Testate Giornalistiche,Europa Occidentale,Le Progrès,https://www.leprogres.fr,,FR,FR,,Alvernia-Rodano-Alpi — Lione
📰 Media & Testate Giornalistiche,Europa Occidentale,Le Républicain Lorrain,https://www.republicain-lorrain.fr,,FR,FR,,"Francia — Lorena, Metz"
📰 Media & Testate Giornalistiche,Europa Occidentale,Le Soir,https://www.lesoir.be,https://www.lesoir.be/arc/outboundfeeds/rss/,FR,BE,,Belgio
📰 Media & Testate Giornalistiche,Europa Occidentale,Le Temps,https://www.letemps.ch,https://www.letemps.ch/feed.rss,FR,CH,,Svizzera
📰 Media & Testate Giornalistiche,Europa Occidentale,Le Télégramme,https://www.letelegramme.fr,,FR,FR,,Bretagna — Brest
📰 Media & Testate Giornalistiche,Europa Occidentale,Les Décodeurs (Le Monde),https://www.lemonde.fr/les-decodeurs,,FR,FR,,Fact-checking FR — Francia
📰 Media & Testate Giornalistiche,Europa Occidentale,Levante-EMV,https://www.levante-emv.com,,ES,ES,,Comunità Valenciana
📰 Media & Testate Giornalistiche,Europa Occidentale,Libération,https://www.liberation.fr,,FR,FR,,Francia sinistra
📰 Media & Testate Giornalistiche,Europa Occidentale,Libération Désintox,https://www.liberation.fr/checknews,,FR,FR,,Fact-checking FR — Francia
📰 Media & Testate Giornalistiche,Europa Occidentale,Liverpool Echo,https://www.liverpoolecho.co.uk,https://www.liverpoolecho.co.uk/rss.xml,EN,GB,,UK — Liverpool
📰 Media & Testate Giornalistiche,Europa Occidentale,Luxemburger Wort,https://www.wort.lu,https://www.wort.lu/rss/nachrichten.rss,DE,LU,,Lussemburgo
📰 Media & Testate Giornalistiche,Europa Occidentale,Luzerner Zeitung,https://www.luzernerzeitung.ch,,DE,CH,,Svizzera centrale
📰 Media & Testate Giornalistiche,Europa Occidentale,LVZ — Leipziger Volkszeitung,https://www.lvz.de,,DE,DE,,Sassonia — Lipsia
📰 Media & Testate Giornalistiche,Europa Occidentale,Manager Magazin,https://www.manager-magazin.de,https://www.manager-magazin.de/news/index.rss,DE,DE,,Business DE
📰 Media & Testate Giornalistiche,Europa Occidentale,Manchester Evening News,https://www.manchestereveningnews.co.uk,https://www.manchestereveningnews.co.uk/rss.xml,EN,GB,,UK — Manchester (Reach)
📰 Media & Testate Giornalistiche,Europa Occidentale,Marianne,https://www.marianne.net,,FR,FR,,Francia
📰 Media & Testate Giornalistiche,Europa Occidentale,MDR,https://www.mdr.de,https://www.mdr.de/index~atom.xml,DE,DE,,Germania centrale — emittente pubblica
📰 Media & Testate Giornalistiche,Europa Occidentale,Media Lens,https://www.medialens.org,https://www.medialens.org/feed/,UK,GB,,Critica media UK
📰 Media & Testate Giornalistiche,Europa Occidentale,Mercator,https://www.merics.org,,DE,DE,,Cina — Germania
📰 Media & Testate Giornalistiche,Europa Occidentale,Midi Libre,https://www.midilibre.fr,https://www.midilibre.fr/rss.xml,FR,FR,,Occitania — Montpellier
📰 Media & Testate Giornalistiche,Europa Occidentale,Minuten,https://www.20min.ch,,DE/FR,CH,,Svizzera tabloide
📰 Media & Testate Giornalistiche,Europa Occidentale,Mitteldeutsche Zeitung,https://www.mz.de,,DE,DE,,Sassonia-Anhalt — Halle
📰 Media & Testate Giornalistiche,Europa Occidentale,Málaga Hoy,https://www.malagahoy.es,https://www.malagahoy.es/rss/,ES,ES,,Spagna — Malaga
📰 Media & Testate Giornalistiche,Europa Occidentale,Münchner Merkur,https://www.merkur.de,https://www.merkur.de/rssfeed.rdf,DE,DE,,Baviera — Monaco
📰 Media & Testate Giornalistiche,Europa Occidentale,n-tv,https://www.n-tv.de,https://www.n-tv.de/rss,DE,DE,,Germania — all-news
📰 Media & Testate Giornalistiche,Europa Occidentale,Naftemporiki Greece,https://www.naftemporiki.gr,https://www.naftemporiki.gr/feed/,EL,GR,,Business — Grecia
📰 Media & Testate Giornalistiche,Europa Occidentale,Naiz,https://www.naiz.eus,,EU/ES,ES,,Spagna — Paesi Baschi (Gara)
📰 Media & Testate Giornalistiche,Europa Occidentale,NCSC UK,https://www.ncsc.gov.uk,,UK,GB,,Gov UK — CERT UK — CERT
📰 Media & Testate Giornalistiche,Europa Occidentale,NDR,https://www.ndr.de,https://www.ndr.de/index~atom.xml,DE,DE,,Nord — emittente pubblica
📰 Media & Testate Giornalistiche,Europa Occidentale,New Statesman,https://www.newstatesman.com,,EN,GB,,UK — settimanale progressista
📰 Media & Testate Giornalistiche,Europa Occidentale,Nice-Matin,https://www.nicematin.com,,FR,FR,,PACA — Nizza
📰 Media & Testate Giornalistiche,Europa Occidentale,Nos.nl,https://nos.nl,,NL,NL,,NL pubblica
📰 Media & Testate Giornalistiche,Europa Occidentale,Noticias de Navarra,https://www.noticiasdenavarra.com,https://www.noticiasdenavarra.com/rss/,ES,ES,,Spagna — Navarra
📰 Media & Testate Giornalistiche,Europa Occidentale,NRC Handelsblad,https://www.nrc.nl,https://www.nrc.nl/rss/,NL,NL,,Paesi Bassi quality
📰 Media & Testate Giornalistiche,Europa Occidentale,NU.nl,https://www.nu.nl,,NL,NL,,Online NL
📰 Media & Testate Giornalistiche,Europa Occidentale,NZZ,https://www.nzz.ch,,DE,CH,,Svizzera
📰 Media & Testate Giornalistiche,Europa Occidentale,Nürnberger Nachrichten,https://www.nn.de,https://www.nn.de/?isRss=true,DE,DE,,Baviera — Norimberga
📰 Media & Testate Giornalistiche,Europa Occidentale,Observador,https://observador.pt,https://observador.pt/feed/,PT,PT,,Portogallo online
📰 Media & Testate Giornalistiche,Europa Occidentale,OpenEurope,https://openeurope.org.uk,https://openeurope.org.uk/feed/,UK,GB,,Brexit/UE
📰 Media & Testate Giornalistiche,Europa Occidentale,Ostsee-Zeitung,https://www.ostsee-zeitung.de,,DE,DE,,Meclemburgo — Rostock
📰 Media & Testate Giornalistiche,Europa Occidentale,Ouest France,https://www.ouest-france.fr,https://www.ouest-france.fr/rss/une.xml,FR,FR,,Regionale FR
📰 Media & Testate Giornalistiche,Europa Occidentale,OÖNachrichten,https://www.nachrichten.at,https://www.nachrichten.at/storage/rss/rss/nachrichten.xml,DE,AT,,Alta Austria — Linz
📰 Media & Testate Giornalistiche,Europa Occidentale,Paris-Normandie,https://www.paris-normandie.fr,,FR,FR,,Normandia — Rouen
📰 Media & Testate Giornalistiche,Europa Occidentale,Pressgazette,https://pressgazette.co.uk,,UK,GB,,News industry
📰 Media & Testate Giornalistiche,Europa Occidentale,Private Eye,https://www.private-eye.co.uk,,EN,GB,,UK — satira e investigazioni
📰 Media & Testate Giornalistiche,Europa Occidentale,Profil,https://www.profil.at,https://www.profil.at/xml/rss,DE,AT,,Austria — newsmagazine
📰 Media & Testate Giornalistiche,Europa Occidentale,Proto Thema,https://www.protothema.gr,,EL,GR,,Grecia — quotidiano più letto
📰 Media & Testate Giornalistiche,Europa Occidentale,Protothema Greece,https://en.protothema.gr,,,GR,,English — Grecia
📰 Media & Testate Giornalistiche,Europa Occidentale,Publico PT,https://www.publico.pt,https://feeds.publico.pt/publico/rss,PT,PT,,Portogallo quality
📰 Media & Testate Giornalistiche,Europa Occidentale,Reuters Institute,https://reutersinstitute.politics.ox.ac.uk,https://reutersinstitute.politics.ox.ac.uk/rss.xml,UK,GB,,Ricerca media — Accademia
📰 Media & Testate Giornalistiche,Europa Occidentale,RFI English,https://www.rfi.fr/en,,EN,FR,,"Francia — radio pubblica internazionale, edizione inglese"
📰 Media & Testate Giornalistiche,Europa Occidentale,RFI Français,https://www.rfi.fr/fr,,FR,FR,,"Francia — radio pubblica internazionale, edizione francese"
📰 Media & Testate Giornalistiche,Europa Occidentale,Rheinische Post,https://rp-online.de,https://rp-online.de/feed.rss,DE,DE,,NRW — Düsseldorf
📰 Media & Testate Giornalistiche,Europa Occidentale,RTBF,https://www.rtbf.be,,FR,BE,,Belgio pubblica
📰 Media & Testate Giornalistiche,Europa Occidentale,RTL Nieuws,https://www.rtlnieuws.nl,,NL,NL,,TV NL
📰 Media & Testate Giornalistiche,Europa Occidentale,RTL.de,https://www.rtl.de,,DE,DE,,Germania — TV commerciale
📰 Media & Testate Giornalistiche,Europa Occidentale,RTP Notícias,https://www.rtp.pt/noticias,,PT,PT,,Portogallo pubblica
📰 Media & Testate Giornalistiche,Europa Occidentale,RTS Info,https://www.rts.ch/info,,FR,CH,,Svizzera francese
📰 Media & Testate Giornalistiche,Europa Occidentale,RTVE Noticias,https://www.rtve.es/noticias,,ES,ES,,Spagna pubblica
📰 Media & Testate Giornalistiche,Europa Occidentale,RTÉ News,https://www.rte.ie/news,https://www.rte.ie/feeds/rss/?index=/news/,EN,IE,,Irlanda pubblica
📰 Media & Testate Giornalistiche,Europa Occidentale,Saarbrücker Zeitung,https://www.saarbruecker-zeitung.de,https://www.saarbruecker-zeitung.de/feed.rss,DE,DE,,Saarland
📰 Media & Testate Giornalistiche,Europa Occidentale,Salzburger Nachrichten,https://www.sn.at,,DE,AT,,Salisburgo
📰 Media & Testate Giornalistiche,Europa Occidentale,Schwäbische Zeitung,https://www.schwaebische.de,,DE,DE,,Baden-Württemberg — Alta Svevia
📰 Media & Testate Giornalistiche,Europa Occidentale,Segre,https://www.segre.com,https://www.segre.com/ca/rss/home.xml,ES/CA,ES,,Spagna — Lleida
📰 Media & Testate Giornalistiche,Europa Occidentale,Sky News (UK),https://news.sky.com,https://news.sky.com/rss,EN,GB,,TV UK
📰 Media & Testate Giornalistiche,Europa Occidentale,Slate.fr,https://www.slate.fr,,FR,FR,,Online FR
📰 Media & Testate Giornalistiche,Europa Occidentale,Spectator World,https://spectatorworld.com,,EN,GB,,Conservatore UK/USA
📰 Media & Testate Giornalistiche,Europa Occidentale,Spiegel International,https://www.spiegel.de/international,https://www.spiegel.de/schlagzeilen/index.rss,EN/DE,DE,,Germania
📰 Media & Testate Giornalistiche,Europa Occidentale,Spiked Online,https://www.spiked-online.com,,EN,GB,,Libertà civile UK
📰 Media & Testate Giornalistiche,Europa Occidentale,St. Galler Tagblatt,https://www.tagblatt.ch,,DE,CH,,Svizzera orientale
📰 Media & Testate Giornalistiche,Europa Occidentale,Stern,https://www.stern.de,https://www.stern.de/feed/standard/alle-nachrichten/,DE,DE,,Magazine DE
📰 Media & Testate Giornalistiche,Europa Occidentale,Stuttgarter Zeitung,https://www.stuttgarter-zeitung.de,,DE,DE,,Baden-Württemberg — Stoccarda
📰 Media & Testate Giornalistiche,Europa Occidentale,Sud Ouest,https://www.sudouest.fr,https://www.sudouest.fr/rss.xml,FR,FR,,Nuova Aquitania — Bordeaux
📰 Media & Testate Giornalistiche,Europa Occidentale,Sächsische Zeitung,https://www.saechsische.de,,DE,DE,,Sassonia — Dresda
📰 Media & Testate Giornalistiche,Europa Occidentale,Süddeutsche Zeitung,https://www.sueddeutsche.de,,DE,DE,,Germania
📰 Media & Testate Giornalistiche,Europa Occidentale,Süddeutsche Zeitung Magazin,https://sz-magazin.sueddeutsche.de,,DE,DE,,Long-form DE
📰 Media & Testate Giornalistiche,Europa Occidentale,Tages-Anzeiger,https://www.tagesanzeiger.ch,https://www.tagesanzeiger.ch/standard.rss,DE,CH,,Svizzera
📰 Media & Testate Giornalistiche,Europa Occidentale,Tagesspiegel,https://www.tagesspiegel.de,,DE,DE,,Berlino
📰 Media & Testate Giornalistiche,Europa Occidentale,taz,https://taz.de,https://taz.de/rss.xml,DE,DE,,Germania sinistra
📰 Media & Testate Giornalistiche,Europa Occidentale,Telecinco / Informativos,https://www.telecinco.es,,ES,ES,,Spagna — Mediaset España
📰 Media & Testate Giornalistiche,Europa Occidentale,TF1 Info,https://www.tf1info.fr,https://www.tf1info.fr/feeds/rss-une.xml,FR,FR,,Francia — news TF1/LCI
📰 Media & Testate Giornalistiche,Europa Occidentale,The Courier,https://www.thecourier.co.uk,,EN,GB,,Scozia — Dundee
📰 Media & Testate Giornalistiche,Europa Occidentale,The Guardian World,https://www.theguardian.com/world,,EN,GB,,Prospettiva UK
📰 Media & Testate Giornalistiche,Europa Occidentale,The Independent,https://www.independent.co.uk,https://www.independent.co.uk/rss,EN,GB,,UK online
📰 Media & Testate Giornalistiche,Europa Occidentale,The Independent US,https://www.independent.co.uk/us,https://www.independent.co.uk/us/rss,EN,GB,,USA edition
📰 Media & Testate Giornalistiche,Europa Occidentale,The Irish News,https://www.irishnews.com,,EN,IE,,Irlanda del Nord — Belfast
📰 Media & Testate Giornalistiche,Europa Occidentale,The Journal (IE),https://www.thejournal.ie,https://www.thejournal.ie/feed/,EN,IE,,Irlanda online
📰 Media & Testate Giornalistiche,Europa Occidentale,The Mirror,https://www.mirror.co.uk,https://www.mirror.co.uk/rss.xml,EN,GB,,UK tabloid
📰 Media & Testate Giornalistiche,Europa Occidentale,The National (Scotland),https://www.thenational.scot,,EN,GB,,Scozia — indipendentista
📰 Media & Testate Giornalistiche,Europa Occidentale,The Press and Journal,https://www.pressandjournal.co.uk,,EN,GB,,Scozia — Aberdeen/Highlands
📰 Media & Testate Giornalistiche,Europa Occidentale,The Register,https://www.theregister.com,https://www.theregister.com/headlines.xml,EN,GB,,Tech UK
📰 Media & Testate Giornalistiche,Europa Occidentale,The Rest is History,https://therestishistory.com,,EN,GB,,Storia UK — Podcast
📰 Media & Testate Giornalistiche,Europa Occidentale,The Scotsman,https://www.scotsman.com,https://www.scotsman.com/rss,EN,GB,,Scozia
📰 Media & Testate Giornalistiche,Europa Occidentale,The Spectator,https://www.spectator.co.uk,,EN,GB,,UK — settimanale conservatore
📰 Media & Testate Giornalistiche,Europa Occidentale,The Sun,https://www.thesun.co.uk,,EN,GB,,UK tabloid
📰 Media & Testate Giornalistiche,Europa Occidentale,The Times of London,https://www.thetimes.co.uk,,EN,GB,,UK premium
📰 Media & Testate Giornalistiche,Europa Occidentale,The Week,https://theweek.com,https://theweek.com/feeds.xml,EN,GB,,Aggregatore UK/USA
📰 Media & Testate Giornalistiche,Europa Occidentale,Thüringer Allgemeine,https://www.thueringer-allgemeine.de,https://www.thueringer-allgemeine.de/rss,DE,DE,,Turingia — Erfurt
📰 Media & Testate Giornalistiche,Europa Occidentale,Tiroler Tageszeitung,https://www.tt.com,https://www.tt.com/rss/news.xml,DE,AT,,Tirolo — Innsbruck
📰 Media & Testate Giornalistiche,Europa Occidentale,To Vima Greece,https://www.tovima.gr,,EL,GR,,Quality — Grecia
📰 Media & Testate Giornalistiche,Europa Occidentale,Tribune de Genève,https://www.tdg.ch,,FR,CH,,Ginevra
📰 Media & Testate Giornalistiche,Europa Occidentale,Trouw,https://www.trouw.nl,,NL,NL,,Paesi Bassi
📰 Media & Testate Giornalistiche,Europa Occidentale,TV5 Monde,https://information.tv5monde.com,,FR,FR,,TV francofono
📰 Media & Testate Giornalistiche,Europa Occidentale,UnHerd,https://unherd.com,,EN,GB,,Opinion UK
📰 Media & Testate Giornalistiche,Europa Occidentale,Verificat,https://www.verificat.cat,https://www.verificat.cat/feed/,,ES-CT,,Fact-checking CA — Catalogna
📰 Media & Testate Giornalistiche,Europa Occidentale,Vorarlberger Nachrichten,https://www.vn.at,,DE,AT,,Vorarlberg
📰 Media & Testate Giornalistiche,Europa Occidentale,VRT Nieuws,https://www.vrt.be/vrtnws,,NL,BE,,Belgio pubblica
📰 Media & Testate Giornalistiche,Europa Occidentale,WalesOnline,https://www.walesonline.co.uk,https://www.walesonline.co.uk/rss.xml,EN,GB,,Galles
📰 Media & Testate Giornalistiche,Europa Occidentale,WAZ,https://www.waz.de,https://www.waz.de/rss,DE,DE,,"NRW — Ruhr, Funke"
📰 Media & Testate Giornalistiche,Europa Occidentale,WDR,https://www1.wdr.de,https://www1.wdr.de/uebersicht-100.feed,DE,DE,,NRW — emittente pubblica
📰 Media & Testate Giornalistiche,Europa Occidentale,Welt,https://www.welt.de,https://www.welt.de/services/rss-feeds/welt.xml,DE,DE,,Conservatore DE
📰 Media & Testate Giornalistiche,Europa Occidentale,Weser-Kurier,https://www.weser-kurier.de,https://www.weser-kurier.de/?view=rss,DE,DE,,Brema — quotidiano
📰 Media & Testate Giornalistiche,Europa Occidentale,WirtschaftsWoche,https://www.wiwo.de,,DE,DE,,Germania — settimanale economico
📰 Media & Testate Giornalistiche,Europa Occidentale,Yorkshire Post,https://www.yorkshirepost.co.uk,https://www.yorkshirepost.co.uk/rss,EN,GB,,"UK — Yorkshire, Leeds"
📰 Media & Testate Giornalistiche,Europa Occidentale,ZDF,https://www.zdf.de,,DE,DE,,Germania
📰 Media & Testate Giornalistiche,Europa Orientale & Nord Europa,15min.lt,https://www.15min.lt,https://www.15min.lt/naujienos/rss,LT,LT,,Lituania
📰 Media & Testate Giornalistiche,Europa Orientale & Nord Europa,24.hu,https://24.hu,https://24.hu/feed/,HU,HU,,Ungheria
📰 Media & Testate Giornalistiche,Europa Orientale & Nord Europa,24.kg,https://24.kg,,RU,KG,,Kirghizistan
📰 Media & Testate Giornalistiche,Europa Orientale & Nord Europa,24sata,https://www.24sata.hr,https://www.24sata.hr/feeds/najnovije.xml,HR,HR,,Croazia
📰 Media & Testate Giornalistiche,Europa Orientale & Nord Europa,444.hu,https://444.hu,https://444.hu/rss,HU,HU,,Ungheria Indip.
📰 Media & Testate Giornalistiche,Europa Orientale & Nord Europa,7x7 Russia,https://7x7-journal.ru,https://semnasem.org/rss/default.xml,RU,RU,,Regionale — Russia
📰 Media & Testate Giornalistiche,Europa Orientale & Nord Europa,7x7 — Horizontal Russia,https://semnasem.org,https://semnasem.org/rss/default.xml,RU/EN,RU,,Russia — giornalismo regionale indipendente
📰 Media & Testate Giornalistiche,Europa Orientale & Nord Europa,A1Plus Armenia,https://a1plus.am,https://a1plus.am/hy/rss,EN/HY,AM,,Armenia
📰 Media & Testate Giornalistiche,Europa Orientale & Nord Europa,Aamulehti,https://www.aamulehti.fi,https://www.aamulehti.fi/rss/uutiset.rss,FI,FI,,Finlandia
📰 Media & Testate Giornalistiche,Europa Orientale & Nord Europa,Adevărul,https://adevarul.ro,https://adevarul.ro/rss/index,RO,RO,,Romania — quotidiano storico
📰 Media & Testate Giornalistiche,Europa Orientale & Nord Europa,Adresseavisen,https://www.adressa.no,https://www.adressa.no/rss,NO,NO,,Norvegia — Trondheim
📰 Media & Testate Giornalistiche,Europa Orientale & Nord Europa,Aftenposten,https://www.aftenposten.no,,NO,NO,,Norvegia quality
📰 Media & Testate Giornalistiche,Europa Orientale & Nord Europa,Aftonbladet,https://www.aftonbladet.se,,SV,SE,,Svezia tabloide
📰 Media & Testate Giornalistiche,Europa Orientale & Nord Europa,Agenda.ge,https://agenda.ge,,EN,GE,,Georgia — news in inglese
📰 Media & Testate Giornalistiche,Europa Orientale & Nord Europa,Agora,https://agora.md,,RO,MD,,Moldavia — testata digitale
📰 Media & Testate Giornalistiche,Europa Orientale & Nord Europa,Aktuálně.cz,https://zpravy.aktualne.cz,,CS,CZ,,Rep. Ceca online
📰 Media & Testate Giornalistiche,Europa Orientale & Nord Europa,Albania Daily News,https://www.albaniadailynews.com,,,AL,,English — Albania
📰 Media & Testate Giornalistiche,Europa Orientale & Nord Europa,Albinfo Kosovo,https://www.albinfo.com,,,XK,,Albanian — Kosovo
📰 Media & Testate Giornalistiche,Europa Orientale & Nord Europa,Altinget,https://www.altinget.dk,https://www.altinget.dk/rss,DA,DK,,Danimarca Policy
📰 Media & Testate Giornalistiche,Europa Orientale & Nord Europa,APA,https://apa.az,,AZ/EN,AZ,,Azerbaigian — agenzia di stampa
📰 Media & Testate Giornalistiche,Europa Orientale & Nord Europa,Armenpress,https://armenpress.am,,HY/EN/RU,AM,,Armenia — agenzia di stato
📰 Media & Testate Giornalistiche,Europa Orientale & Nord Europa,Asia-Plus,https://asiaplustj.info,https://asiaplus.news/feed/,EN,TJ,,Tagikistan
📰 Media & Testate Giornalistiche,Europa Orientale & Nord Europa,Atlanta Journal-Constitution,https://www.ajc.com,,EN,US,,Georgia USA
📰 Media & Testate Giornalistiche,Europa Orientale & Nord Europa,Azatliq (Azerbaijan),https://www.azadliq.info,https://www.azadliq.info/feed/,AZ,AZ,,Azerbaijan RFE/RL
📰 Media & Testate Giornalistiche,Europa Orientale & Nord Europa,Azattyq (Kazakhstan),https://www.azattyq.org,,KK/EN,KZ,,Kazakhstan RFE
📰 Media & Testate Giornalistiche,Europa Orientale & Nord Europa,B92,https://www.b92.net,https://www.b92.net/rss/,SR,RS,,Serbia
📰 Media & Testate Giornalistiche,Europa Orientale & Nord Europa,Balkan Insight,https://balkaninsight.com,https://balkaninsight.com/feed/,EN,Balcani,,Balcani in inglese
📰 Media & Testate Giornalistiche,Europa Orientale & Nord Europa,BBC Science & Environment,https://www.bbc.com/news/science_and_environment,,UK,GB,,News
📰 Media & Testate Giornalistiche,Europa Orientale & Nord Europa,Belarus Zerkalo,https://zerkalo.io,,RU,BY,,Bielorussia indip.
📰 Media & Testate Giornalistiche,Europa Orientale & Nord Europa,BelTA (English),https://eng.belta.by,,EN,BY,,Bielorussia gov
📰 Media & Testate Giornalistiche,Europa Orientale & Nord Europa,Bergens Tidende,https://www.bt.no,,NO,NO,,Norvegia — Bergen
📰 Media & Testate Giornalistiche,Europa Orientale & Nord Europa,Berlingske,https://www.berlingske.dk,,DA,DK,,Danimarca
📰 Media & Testate Giornalistiche,Europa Orientale & Nord Europa,Berlingske Business,https://www.berlingske.dk/business,https://www.berlingske.dk/service/rss,DA,DK,,Danimarca
📰 Media & Testate Giornalistiche,Europa Orientale & Nord Europa,Blic,https://www.blic.rs,,SR,RS,,Serbia
📰 Media & Testate Giornalistiche,Europa Orientale & Nord Europa,Bulgarian National TV,https://bntnews.bg,,BG,BG,,Bulgaria pubblica
📰 Media & Testate Giornalistiche,Europa Orientale & Nord Europa,Børsen,https://borsen.dk,,DA,DK,,Danimarca — economico
📰 Media & Testate Giornalistiche,Europa Orientale & Nord Europa,Capital BG,https://www.capital.bg,https://www.capital.bg/rss/,BG,BG,,Bulgaria economia
📰 Media & Testate Giornalistiche,Europa Orientale & Nord Europa,Censor Ukraine,https://censor.net.ua,https://assets.censor.net/rss/censor.net/rss_uk_news.xml,UK,UA,,War-focused — Ucraina
📰 Media & Testate Giornalistiche,Europa Orientale & Nord Europa,CivilNet,https://www.civilnet.am,,HY/EN,AM,,Armenia — testata indipendente
📰 Media & Testate Giornalistiche,Europa Orientale & Nord Europa,Club Z,https://clubz.bg,,BG,BG,,Bulgaria
📰 Media & Testate Giornalistiche,Europa Orientale & Nord Europa,Control Risks,https://www.controlrisks.com,,UK,GB,,Risk consulting
📰 Media & Testate Giornalistiche,Europa Orientale & Nord Europa,Czech Radio (ČRo),https://www.irozhlas.cz,,CS,CZ,,Rep. Ceca pubblica
📰 Media & Testate Giornalistiche,Europa Orientale & Nord Europa,Dagbladet,https://www.dagbladet.no,,NO,NO,,Norvegia
📰 Media & Testate Giornalistiche,Europa Orientale & Nord Europa,Dagens Industri,https://www.di.se,https://www.di.se/rss,SV,SE,,Svezia Business
📰 Media & Testate Giornalistiche,Europa Orientale & Nord Europa,Dagens Nyheter,https://www.dn.se,https://www.dn.se/rss/,SV,SE,,Svezia quality
📰 Media & Testate Giornalistiche,Europa Orientale & Nord Europa,Dan,https://www.dan.co.me,,SR,ME,,Montenegro — quotidiano
📰 Media & Testate Giornalistiche,Europa Orientale & Nord Europa,Delfi Estonia,https://www.delfi.ee,,ET,EE,,Estonia online
📰 Media & Testate Giornalistiche,Europa Orientale & Nord Europa,Delfi Latvia,https://www.delfi.lv,,LV,LV,,Lettonia online
📰 Media & Testate Giornalistiche,Europa Orientale & Nord Europa,Delfi Latvia English,https://eng.lsm.lv,https://www.lsm.lv/rss/,EN,LV,,Lettonia
📰 Media & Testate Giornalistiche,Europa Orientale & Nord Europa,Delfi Lithuania,https://www.delfi.lt,,LT,LT,,Lituania online
📰 Media & Testate Giornalistiche,Europa Orientale & Nord Europa,Delo,https://www.delo.si,https://www.delo.si/rss,SL,SI,,Slovenia quality
📰 Media & Testate Giornalistiche,Europa Orientale & Nord Europa,Delo.ua,https://delo.ua,,UK/RU,UA,,Ucraina — business
📰 Media & Testate Giornalistiche,Europa Orientale & Nord Europa,Denik Referendum,https://denikreferendum.cz,https://denikreferendum.cz/feed/,CS,CZ,,Ceca Indip.
📰 Media & Testate Giornalistiche,Europa Orientale & Nord Europa,Denník N,https://dennikn.sk,https://dennikn.sk/feed/,SK,SK,,Slovacchia quality
📰 Media & Testate Giornalistiche,Europa Orientale & Nord Europa,Dnevni Avaz,https://avaz.ba,,BS,BA,,Bosnia — quotidiano più diffuso
📰 Media & Testate Giornalistiche,Europa Orientale & Nord Europa,Dnevnik BG,https://www.dnevnik.bg,,BG,BG,,Bulgaria
📰 Media & Testate Giornalistiche,Europa Orientale & Nord Europa,Do Rzeczy,https://dorzeczy.pl,https://dorzeczy.pl/feed/,PL,PL,,Polonia
📰 Media & Testate Giornalistiche,Europa Orientale & Nord Europa,DR Nyheder,https://www.dr.dk/nyheder,,DA,DK,,Danimarca pubblica
📰 Media & Testate Giornalistiche,Europa Orientale & Nord Europa,E24 Norge,https://e24.no,https://e24.no/rss,NO,NO,,Norvegia Business
📰 Media & Testate Giornalistiche,Europa Orientale & Nord Europa,Ekstra Bladet,https://ekstrabladet.dk,,DA,DK,,Danimarca tabloide
📰 Media & Testate Giornalistiche,Europa Orientale & Nord Europa,Environmental Investigation Agency,https://eia-international.org,,UK,GB,,Crimini ambientali
📰 Media & Testate Giornalistiche,Europa Orientale & Nord Europa,ERR Uudised,https://www.err.ee,,ET,EE,,Estonia pubblica
📰 Media & Testate Giornalistiche,Europa Orientale & Nord Europa,Espreso.tv Ukraine,https://espreso.tv,,UK,UA,,Online — Ucraina
📰 Media & Testate Giornalistiche,Europa Orientale & Nord Europa,Eurasianet,https://eurasianet.org,,EN,US,,Asia centrale
📰 Media & Testate Giornalistiche,Europa Orientale & Nord Europa,EVN Report,https://evnreport.com,,EN,AM,,Armenia — analisi e approfondimento
📰 Media & Testate Giornalistiche,Europa Orientale & Nord Europa,Exit News,https://exit.al/en,https://exit.al/en/feed/,,AL,,English — Albania
📰 Media & Testate Giornalistiche,Europa Orientale & Nord Europa,Expressen,https://www.expressen.se,,SV,SE,,Svezia tabloide
📰 Media & Testate Giornalistiche,Europa Orientale & Nord Europa,Faktabaari,https://faktabaari.fi,,FI,FI,,Fact-checking FI — Finlandia
📰 Media & Testate Giornalistiche,Europa Orientale & Nord Europa,Faktisk (Norway),https://www.faktisk.no,,NO,NO,,FC NO — Norvegia
📰 Media & Testate Giornalistiche,Europa Orientale & Nord Europa,Faktoje Albania,https://faktoje.al,https://faktoje.al/feed/,,AL,,Fact-check — Albania
📰 Media & Testate Giornalistiche,Europa Orientale & Nord Europa,Finance.si,https://www.finance.si,,SL,SI,,Slovenia — economico
📰 Media & Testate Giornalistiche,Europa Orientale & Nord Europa,Fontanka,https://www.fontanka.ru,https://fontanka.ru/rss-feeds/rss.xml,RU,RU,,San Pietroburgo
📰 Media & Testate Giornalistiche,Europa Orientale & Nord Europa,Gazeta Polska,https://www.gazetapolska.pl,https://www.gazetapolska.pl/feed/,PL,PL,,Polonia
📰 Media & Testate Giornalistiche,Europa Orientale & Nord Europa,Gazeta Wyborcza,https://wyborcza.pl,https://wyborcza.pl/pub/rss/najnowsze_wyborcza.xml,PL,PL,,Polonia quality
📰 Media & Testate Giornalistiche,Europa Orientale & Nord Europa,Georgian Dream Opposite,https://formula.ge,,KA,GE,,Georgia TV
📰 Media & Testate Giornalistiche,Europa Orientale & Nord Europa,Göteborgs-Posten,https://www.gp.se,https://www.gp.se/feed,SV,SE,,Svezia
📰 Media & Testate Giornalistiche,Europa Orientale & Nord Europa,Helsingin Sanomat,https://www.hs.fi,,FI,FI,,Finlandia quality
📰 Media & Testate Giornalistiche,Europa Orientale & Nord Europa,Hetq,https://hetq.am,https://hetq.am/hy/rss,EN,AM,,Armenia investigativo
📰 Media & Testate Giornalistiche,Europa Orientale & Nord Europa,Hospodářské noviny,https://hn.cz,https://hn.cz/?m=rss,CS,CZ,,Economia CZ
📰 Media & Testate Giornalistiche,Europa Orientale & Nord Europa,HVG,https://hvg.hu,,HU,HU,,Ungheria quality
📰 Media & Testate Giornalistiche,Europa Orientale & Nord Europa,Ilta-Sanomat,https://www.is.fi,,FI,FI,,Finlandia tabloide
📰 Media & Testate Giornalistiche,Europa Orientale & Nord Europa,Iltalehti,https://www.iltalehti.fi,https://www.iltalehti.fi/rss.xml,FI,FI,,Finlandia — tabloid
📰 Media & Testate Giornalistiche,Europa Orientale & Nord Europa,Index.hr,https://www.index.hr,https://www.index.hr/rss2.xml,HR,HR,,Croazia
📰 Media & Testate Giornalistiche,Europa Orientale & Nord Europa,Index.hu,https://index.hu,https://index.hu/24ora/rss/,HU,HU,,Ungheria
📰 Media & Testate Giornalistiche,Europa Orientale & Nord Europa,Information,https://www.information.dk,,DA,DK,,Danimarca — quotidiano indipendente
📰 Media & Testate Giornalistiche,Europa Orientale & Nord Europa,Interfax Ukraine,https://en.interfax.com.ua,,EN,UA,,Ucraina agenzia
📰 Media & Testate Giornalistiche,Europa Orientale & Nord Europa,Interpressnews,https://www.interpressnews.ge,,KA/EN,GE,,Georgia — agenzia di stampa
📰 Media & Testate Giornalistiche,Europa Orientale & Nord Europa,IPN — Info-Prim Neo,https://www.ipn.md,,RO/RU/EN,MD,,Moldavia — agenzia di stampa
📰 Media & Testate Giornalistiche,Europa Orientale & Nord Europa,IWPR (Central Asia),https://iwpr.net,,EN,GB,,Asia centrale
📰 Media & Testate Giornalistiche,Europa Orientale & Nord Europa,JAMnews,https://jam-news.net,,EN,GE,,Caucaso
📰 Media & Testate Giornalistiche,Europa Orientale & Nord Europa,Jutarnji list,https://www.jutarnji.hr,,HR,HR,,Croazia
📰 Media & Testate Giornalistiche,Europa Orientale & Nord Europa,Jyllands-Posten,https://jyllands-posten.dk,https://feeds.jp.dk/jp/topnyheder,DA,DK,,Danimarca
📰 Media & Testate Giornalistiche,Europa Orientale & Nord Europa,Kaleva,https://www.kaleva.fi,,FI,FI,,Finlandia — Oulu/Nord
📰 Media & Testate Giornalistiche,Europa Orientale & Nord Europa,Kauppalehti,https://www.kauppalehti.fi,,FI,FI,,Finlandia — economico
📰 Media & Testate Giornalistiche,Europa Orientale & Nord Europa,Kavkaz-Uzel,https://www.kavkaz-uzel.eu,,RU,RU,,Caucaso
📰 Media & Testate Giornalistiche,Europa Orientale & Nord Europa,Kavkaz.Realii (RFE/RL),https://www.kavkazr.com,,RU,Caucaso,,Caucaso del Nord — RFE/RL
📰 Media & Testate Giornalistiche,Europa Orientale & Nord Europa,KazInform,https://www.inform.kz,,EN,KZ,,Kazakhstan agenzia
📰 Media & Testate Giornalistiche,Europa Orientale & Nord Europa,Keskisuomalainen,https://www.ksml.fi,https://www.ksml.fi/rss/uutiset.rss,FI,FI,,Finlandia
📰 Media & Testate Giornalistiche,Europa Orientale & Nord Europa,Klassekampen,https://klassekampen.no,,NO,NO,,Norvegia — quotidiano di sinistra
📰 Media & Testate Giornalistiche,Europa Orientale & Nord Europa,Koha Kosovo,https://www.koha.net,,,XK,,Albanian — Kosovo
📰 Media & Testate Giornalistiche,Europa Orientale & Nord Europa,Kun.uz,https://kun.uz/en,https://kun.uz/news/rss?lang=en,UZ/EN,UZ,,Uzbekistan
📰 Media & Testate Giornalistiche,Europa Orientale & Nord Europa,Kyiv Post,https://www.kyivpost.com,,EN,UA,,Ucraina in inglese
📰 Media & Testate Giornalistiche,Europa Orientale & Nord Europa,Lidovky.cz,https://www.lidovky.cz,https://www.lidovky.cz/rss,CS,CZ,,Rep. Ceca
📰 Media & Testate Giornalistiche,Europa Orientale & Nord Europa,Liga.net Ukraine,https://www.liga.net,https://news.liga.net/ua/all/rss.xml,UK,UA,,Business — Ucraina
📰 Media & Testate Giornalistiche,Europa Orientale & Nord Europa,LRT (Lituania),https://www.lrt.lt,https://www.lrt.lt/?rss,LT,LT,,Lituania pubblica
📰 Media & Testate Giornalistiche,Europa Orientale & Nord Europa,LTV7 Latvija,https://www.lsm.lv,,LV,LV,,Lettonia pubblica
📰 Media & Testate Giornalistiche,Europa Orientale & Nord Europa,Magyar Hang,https://hang.hu,https://hang.hu/rss/,HU,HU,,Ungheria opposizione
📰 Media & Testate Giornalistiche,Europa Orientale & Nord Europa,Mediapool,https://www.mediapool.bg,,BG,BG,,Bulgaria
📰 Media & Testate Giornalistiche,Europa Orientale & Nord Europa,Mediazona,https://en.zona.media,https://en.zona.media/rss,EN/RU,RU,,Russia carceri
📰 Media & Testate Giornalistiche,Europa Orientale & Nord Europa,Meydan TV,https://www.meydan.tv,https://www.meydan.tv/az/feed/,EN,AZ,,Azerbaijan indip.
📰 Media & Testate Giornalistiche,Europa Orientale & Nord Europa,MIA — Media Information Agency,https://mia.mk,https://mia.mk/feed,MK/EN,MK,,Macedonia del Nord — agenzia nazionale
📰 Media & Testate Giornalistiche,Europa Orientale & Nord Europa,Monitor Montenegro,https://www.monitor.co.me,https://www.monitor.co.me/feed/,,ME,,Settimanale inv. — Montenegro
📰 Media & Testate Giornalistiche,Europa Orientale & Nord Europa,Morgunblaðið,https://www.mbl.is,https://www.mbl.is/feeds/fp/,IS,IS,,Islanda
📰 Media & Testate Giornalistiche,Europa Orientale & Nord Europa,N1 Info Croatia,https://n1info.hr,https://n1info.hr/feed/,HR,HR,,Croazia
📰 Media & Testate Giornalistiche,Europa Orientale & Nord Europa,N1 Serbia,https://n1info.rs,,SR,RS,,Serbia CNN affiliate
📰 Media & Testate Giornalistiche,Europa Orientale & Nord Europa,Nacional (HR),https://www.nacional.hr,,HR,HR,,Croazia quality
📰 Media & Testate Giornalistiche,Europa Orientale & Nord Europa,Nasha Niva,https://nashaniva.com,,,BE,,Bielorussia
📰 Media & Testate Giornalistiche,Europa Orientale & Nord Europa,Netgazeti,https://netgazeti.ge,https://netgazeti.ge/feed/,KA,GE,,Georgia — testata indipendente
📰 Media & Testate Giornalistiche,Europa Orientale & Nord Europa,NewsMaker,https://newsmaker.md,https://newsmaker.md/ru/feed,RU/RO,MD,,Moldavia — testata indipendente
📰 Media & Testate Giornalistiche,Europa Orientale & Nord Europa,NGS,https://ngs.ru,https://ngs.ru/rss-feeds/rss.xml,RU,RU,,Russia — Novosibirsk/Siberia
📰 Media & Testate Giornalistiche,Europa Orientale & Nord Europa,Nova.rs,https://nova.rs,,SR,RS,,Serbia
📰 Media & Testate Giornalistiche,Europa Orientale & Nord Europa,Novaya Gazeta (Archivio),https://novayagazeta.ru,https://novayagazeta.ru/feed/rss,RU,RU,,cessato IT — Russia (Censurato)
📰 Media & Testate Giornalistiche,Europa Orientale & Nord Europa,Novinky.cz,https://www.novinky.cz,,CS,CZ,,Rep. Ceca
📰 Media & Testate Giornalistiche,Europa Orientale & Nord Europa,NRK Beta,https://nrk.no/beta,https://nrk.no/beta/feed,NO,NO,,Norvegia Tech
📰 Media & Testate Giornalistiche,Europa Orientale & Nord Europa,NRK Nyheter,https://www.nrk.no/nyheter,https://www.nrk.no/nyheter/siste.rss,NO,NO,,Norvegia pubblica
📰 Media & Testate Giornalistiche,Europa Orientale & Nord Europa,Nv.ua Ukraine,https://english.nv.ua,,,UA,,Quality — Ucraina
📰 Media & Testate Giornalistiche,Europa Orientale & Nord Europa,Népszava,https://nepszava.hu,https://nepszava.hu/rss,HU,HU,,Ungheria — quotidiano indipendente
📰 Media & Testate Giornalistiche,Europa Orientale & Nord Europa,OC Media Georgia,https://oc-media.org,https://oc-media.org/feed/,EN,GE,,Caucaso investigativo
📰 Media & Testate Giornalistiche,Europa Orientale & Nord Europa,OKO.press,https://oko.press,,PL,PL,,Polonia investigativo
📰 Media & Testate Giornalistiche,Europa Orientale & Nord Europa,Oslobođenje,https://www.oslobodjenje.ba,,BS,BA,,Bosnia
📰 Media & Testate Giornalistiche,Europa Orientale & Nord Europa,OVD-Info,https://en.ovdinfo.org,,,RU,,Politici prigionieri — Russia
📰 Media & Testate Giornalistiche,Europa Orientale & Nord Europa,Oxford Analytica,https://oxan.com,https://www.dowjones.com/feed/,UK,GB,,Analisi globale
📰 Media & Testate Giornalistiche,Europa Orientale & Nord Europa,Pobjeda,https://www.pobjeda.me,https://rss.pobjeda.me,SR,ME,,Montenegro — quotidiano nazionale
📰 Media & Testate Giornalistiche,Europa Orientale & Nord Europa,Politiken,https://politiken.dk,,DA,DK,,Danimarca sinistra
📰 Media & Testate Giornalistiche,Europa Orientale & Nord Europa,Polityka,https://www.polityka.pl,https://www.polityka.pl/rss/articles.xml?list=517,PL,PL,,Polonia settimanale
📰 Media & Testate Giornalistiche,Europa Orientale & Nord Europa,Poslovni dnevnik,https://www.poslovni.hr,https://www.poslovni.hr/feed,HR,HR,,Croazia — economico
📰 Media & Testate Giornalistiche,Europa Orientale & Nord Europa,Postimees,https://www.postimees.ee,https://www.postimees.ee/rss,ET,EE,,Estonia
📰 Media & Testate Giornalistiche,Europa Orientale & Nord Europa,Postoj,https://www.postoj.sk,,SK,SK,,Slovacchia cattolico
📰 Media & Testate Giornalistiche,Europa Orientale & Nord Europa,Pravda.sk,https://spravy.pravda.sk,,SK,SK,,Slovacchia
📰 Media & Testate Giornalistiche,Europa Orientale & Nord Europa,Prizma (BIRN),https://prizma.mk,https://prizma.mk/feed/,MK,MK,,Macedonia del Nord — investigativo BIRN
📰 Media & Testate Giornalistiche,Europa Orientale & Nord Europa,Puls Biznesu,https://www.pb.pl,,PL,PL,,Polonia — economico
📰 Media & Testate Giornalistiche,Europa Orientale & Nord Europa,RBC Russia,https://www.rbc.ru,,RU,RU,,Business — Russia
📰 Media & Testate Giornalistiche,Europa Orientale & Nord Europa,Recorder,https://recorder.ro,https://recorder.ro/feed/,RO,RO,,Romania — video-giornalismo investigativo
📰 Media & Testate Giornalistiche,Europa Orientale & Nord Europa,Reporter.al,https://reporter.al,https://www.reporter.al/feed/,,AL,,Inv. — Albania
📰 Media & Testate Giornalistiche,Europa Orientale & Nord Europa,RFE/RL Central Asia,https://www.rferl.org/z/1529,,EN,Asia Centrale,,"Asia centrale — RFE/RL, finanziato dal Congresso USA tramite USAGM"
📰 Media & Testate Giornalistiche,Europa Orientale & Nord Europa,RT International,https://www.rt.com,,EN,RU,,Russia — emittente finanziata dallo stato (ANO TV-Novosti)
📰 Media & Testate Giornalistiche,Europa Orientale & Nord Europa,RUV English,https://www.ruv.is/english,https://www.ruv.is/rss/frettir,EN,IS,,Islanda
📰 Media & Testate Giornalistiche,Europa Orientale & Nord Europa,Rzeczpospolita,https://www.rp.pl,https://www.rp.pl/rss_main,PL,PL,,Polonia business
📰 Media & Testate Giornalistiche,Europa Orientale & Nord Europa,RÚV Fréttir,https://www.ruv.is,,IS,IS,,Islanda pubblica
📰 Media & Testate Giornalistiche,Europa Orientale & Nord Europa,Schemes (Ucraina),https://www.radiosvoboda.org/z/10765,,UK,UA,,RFE/RL inv. — Ucraina
📰 Media & Testate Giornalistiche,Europa Orientale & Nord Europa,Sibir.Realii (RFE/RL),https://www.sibreal.org,,RU,,,Siberia — RFE/RL
📰 Media & Testate Giornalistiche,Europa Orientale & Nord Europa,Sloboden Pečat,https://www.slobodenpecat.mk,,MK,MK,,Macedonia del Nord — quotidiano
📰 Media & Testate Giornalistiche,Europa Orientale & Nord Europa,Sme.sk,https://www.sme.sk,,SK,SK,,Slovacchia
📰 Media & Testate Giornalistiche,Europa Orientale & Nord Europa,SME.sk Business,https://ekonomika.sme.sk,https://www.sme.sk/rss,SK,SK,,Slovacchia
📰 Media & Testate Giornalistiche,Europa Orientale & Nord Europa,STA Agency (Slovenia),https://www.sta.si,,SL,SI,,Slovenia agenzia
📰 Media & Testate Giornalistiche,Europa Orientale & Nord Europa,Stavanger Aftenblad,https://www.aftenbladet.no,,NO,NO,,Norvegia — Stavanger (oil capital)
📰 Media & Testate Giornalistiche,Europa Orientale & Nord Europa,Svenska Dagbladet,https://www.svd.se,,SV,SE,,Svezia conservatore
📰 Media & Testate Giornalistiche,Europa Orientale & Nord Europa,SVT Nyheter,https://www.svt.se/nyheter,https://www.svt.se/rss.xml,SV,SE,,Svezia pubblica
📰 Media & Testate Giornalistiche,Europa Orientale & Nord Europa,Sydsvenskan,https://www.sydsvenskan.se,https://www.sydsvenskan.se/feed,SV,SE,,Svezia
📰 Media & Testate Giornalistiche,Europa Orientale & Nord Europa,Szabad Európa,https://www.szabadeuropa.hu,,HU,HU,,Radio Free Europe HU
📰 Media & Testate Giornalistiche,Europa Orientale & Nord Europa,Televizija N1 BIH,https://ba.n1info.com,,BS,BA,,Bosnia CNN affiliate
📰 Media & Testate Giornalistiche,Europa Orientale & Nord Europa,Telex.hu,https://telex.hu,,HU,HU,,Ungheria indipendente
📰 Media & Testate Giornalistiche,Europa Orientale & Nord Europa,The Guardian Environment,https://www.theguardian.com/environment,,UK,,,Ambiente Guardian — News
📰 Media & Testate Giornalistiche,Europa Orientale & Nord Europa,The Village Russia,https://www.the-village.ru,,RU,RU,,lifestyle urb. — Russia
📰 Media & Testate Giornalistiche,Europa Orientale & Nord Europa,Turan Information Agency,https://turan.az,,AZ/EN/RU,AZ,,Azerbaigian — agenzia indipendente
📰 Media & Testate Giornalistiche,Europa Orientale & Nord Europa,Turun Sanomat,https://www.ts.fi,,FI,FI,,Finlandia — Turku
📰 Media & Testate Giornalistiche,Europa Orientale & Nord Europa,TV Rain (Dozhd),https://tvrain.ru,https://tvrain.ru/rss/,RU,RU,,Russia Esilio
📰 Media & Testate Giornalistiche,Europa Orientale & Nord Europa,TVN24,https://tvn24.pl,https://tvn24.pl/najwazniejsze.xml,PL,PL,,Polonia TV
📰 Media & Testate Giornalistiche,Europa Orientale & Nord Europa,Tygodnik Powszechny,https://www.tygodnikpowszechny.pl,https://www.tygodnikpowszechny.pl/rss.xml,PL,PL,,Polonia — settimanale cattolico-liberale
📰 Media & Testate Giornalistiche,Europa Orientale & Nord Europa,Ukrainska Pravda,https://www.pravda.com.ua,https://www.pravda.com.ua/rss/,UK,UA,,Ucraina quality
📰 Media & Testate Giornalistiche,Europa Orientale & Nord Europa,Ukrainska Pravda English,https://www.pravda.com.ua/eng,https://www.pravda.com.ua/rss/,EN,UA,,Ucraina
📰 Media & Testate Giornalistiche,Europa Orientale & Nord Europa,Ukrinform,https://www.ukrinform.net,,EN,UA,,Ucraina agenzia
📰 Media & Testate Giornalistiche,Europa Orientale & Nord Europa,Ura.ru,https://ura.news,https://ura.news/rss,RU,RU,,"Russia — Urali, Ekaterinburg"
📰 Media & Testate Giornalistiche,Europa Orientale & Nord Europa,Vedomosti,https://www.vedomosti.ru,,RU,RU,,Business — Russia
📰 Media & Testate Giornalistiche,Europa Orientale & Nord Europa,Večer (Slovenia),https://www.vecer.com,,SL,SI,,Slovenia
📰 Media & Testate Giornalistiche,Europa Orientale & Nord Europa,Večernji list,https://www.vecernji.hr,https://www.vecernji.hr/feeds/latest,HR,HR,,Croazia
📰 Media & Testate Giornalistiche,Europa Orientale & Nord Europa,VG (Norvegia),https://www.vg.no,https://www.vg.no/rss/feed/?format=rss,NO,NO,,Norvegia tabloide
📰 Media & Testate Giornalistiche,Europa Orientale & Nord Europa,Világgazdaság,https://www.vg.hu,https://www.vg.hu/publicapi/hu/rss/vilaggazdasag/articles,HU,HU,,Ungheria — economico
📰 Media & Testate Giornalistiche,Europa Orientale & Nord Europa,Vreme,https://www.vreme.com,https://vreme.com/feed/,SR,RS,,Serbia quality
📰 Media & Testate Giornalistiche,Europa Orientale & Nord Europa,VTimes (Archivio),https://vtimes.io,,RU,RU,,Russia (Chiuso)
📰 Media & Testate Giornalistiche,Europa Orientale & Nord Europa,What's New in Publishing,https://whatsnewinpublishing.com,,UK,GB,,Publishing digitale
📰 Media & Testate Giornalistiche,Europa Orientale & Nord Europa,Wprost,https://www.wprost.pl,https://www.wprost.pl/rss,PL,PL,,Polonia
📰 Media & Testate Giornalistiche,Europa Orientale & Nord Europa,Yle (Finlandia),https://yle.fi/uutiset,,FI,FI,,Finlandia pubblica
📰 Media & Testate Giornalistiche,Europa Orientale & Nord Europa,Zaborona,https://zaborona.com,,UK,UA,,Crimen/diritti — Ucraina
📰 Media & Testate Giornalistiche,Europa Orientale & Nord Europa,Ziarul de Gardă,https://www.zdg.md,,RO/RU,MD,,Moldavia — investigativo principale
📰 Media & Testate Giornalistiche,Europa Orientale & Nord Europa,Ziarul Financiar,https://www.zf.ro,,RO,RO,,Romania — economico
📰 Media & Testate Giornalistiche,Europa Orientale & Nord Europa,ZN.UA Ukraine,https://zn.ua,https://zn.ua/ukr/rss/full/,UK,UA,,Policy — Ucraina
📰 Media & Testate Giornalistiche,Europa Orientale & Nord Europa,Коммерсантъ,https://www.kommersant.ru,,RU,RU,,Business — Russia
📰 Media & Testate Giornalistiche,America Latina & Caraibi,14ymedio,https://www.14ymedio.com,https://www.14ymedio.com/rss/,ES,CU,,Testata indipendente — Cuba
📰 Media & Testate Giornalistiche,America Latina & Caraibi,A dónde van los desaparecidos,https://adondevanlosdesaparecidos.org,,ES,MX,,Desaparecidos — Messico
📰 Media & Testate Giornalistiche,America Latina & Caraibi,A Tarde,https://atarde.com.br,https://atarde.com.br/rss,PT,BR,,Brasile — Bahia
📰 Media & Testate Giornalistiche,America Latina & Caraibi,ABC Color,https://www.abc.com.py,,ES,PY,,Paraguay
📰 Media & Testate Giornalistiche,America Latina & Caraibi,Agência Brasil,https://agenciabrasil.ebc.com.br,,PT,BR,,Brasile pubblica
📰 Media & Testate Giornalistiche,America Latina & Caraibi,Agência Lupa,https://piaui.folha.uol.com.br/lupa,https://www.agencialupa.org/feed/,PT,BR,,Fact-checking BR — Brasile
📰 Media & Testate Giornalistiche,America Latina & Caraibi,AlterPresse,https://www.alterpresse.org,,FR,HT,,Haiti — rete alternativa d'informazione
📰 Media & Testate Giornalistiche,America Latina & Caraibi,Amazônia Real,https://amazoniareal.com.br,https://amazoniareal.com.br/home/feed/,PT,BR,,"Brasile — Amazzonia, investigativo"
📰 Media & Testate Giornalistiche,America Latina & Caraibi,Ambito Financiero,https://www.ambito.com,,ES,AR,,Finanza — Argentina Finanza
📰 Media & Testate Giornalistiche,America Latina & Caraibi,América Televisión,https://www.americatv.com.pe,,ES,PE,,Perù — TV principale
📰 Media & Testate Giornalistiche,America Latina & Caraibi,ANCCOM,https://anccom.sociales.uba.ar,https://anccom.sociales.uba.ar/feed/,ES,AR,,Università UBA — Argentina
📰 Media & Testate Giornalistiche,America Latina & Caraibi,Antigua Observer,https://antiguaobserver.com,https://antiguaobserver.com/feed/,EN,AG,,Antigua e Barbuda — quotidiano
📰 Media & Testate Giornalistiche,America Latina & Caraibi,Antilliaans Dagblad,https://antilliaansdagblad.com,,NL,CW,,Curaçao/Antille olandesi — quotidiano
📰 Media & Testate Giornalistiche,America Latina & Caraibi,AyiboPost,https://ayibopost.com,,FR/HT,HT,,Haiti — testata indipendente
📰 Media & Testate Giornalistiche,America Latina & Caraibi,Banca Inter-Americana Sviluppo,https://data.iadb.org,,,LatAm,,Sviluppo America Latina e Caraibi — Gratuito — Portale ufficiale
📰 Media & Testate Giornalistiche,America Latina & Caraibi,Band News,https://www.band.uol.com.br/noticias,https://rss.bs.vibra.digital/feed.xml?site=portal&amp;size=10,PT,BR,,Brasile — Brasile TV
📰 Media & Testate Giornalistiche,America Latina & Caraibi,BioBio Chile,https://www.biobiochile.cl,https://www.biobiochile.cl/rss.xml,ES,CL,,Cile
📰 Media & Testate Giornalistiche,America Latina & Caraibi,Boa Informação,https://www.boainformacao.com.br,https://boainformacao.com.br/feed/,PT,BR,,Brasile online
📰 Media & Testate Giornalistiche,America Latina & Caraibi,Bolivia.com,https://www.bolivia.com,,ES,BO,,Bolivia
📰 Media & Testate Giornalistiche,America Latina & Caraibi,Breaking Belize News,https://www.breakingbelizenews.com,https://www.breakingbelizenews.com/feed/,EN,BZ,,Belize — testata digitale
📰 Media & Testate Giornalistiche,America Latina & Caraibi,Búsqueda (UY),https://www.busqueda.com.uy,,ES,UY,,Uruguay investigativo
📰 Media & Testate Giornalistiche,America Latina & Caraibi,Caribbean Journal,https://caribbeanjournal.com,,,Caraibi,,Business/politic.
📰 Media & Testate Giornalistiche,America Latina & Caraibi,Caribbean Loop,https://www.loopnewscaribbean.com,,EN,TT,,Caraibi
📰 Media & Testate Giornalistiche,America Latina & Caraibi,Caribbean National Weekly,https://www.caribbeannationalweekly.com,,,Caraibi,,Diaspora USA
📰 Media & Testate Giornalistiche,America Latina & Caraibi,CartaCapital,https://www.cartacapital.com.br,https://www.cartacapital.com.br/feed/,PT,BR,,Brasile — settimanale progressista
📰 Media & Testate Giornalistiche,America Latina & Caraibi,Cayman Compass,https://www.caymancompass.com,https://www.caymancompass.com/feed/,EN,KY,,Isole Cayman — quotidiano
📰 Media & Testate Giornalistiche,America Latina & Caraibi,Centro de Periodismo Investigativo,https://periodismoinvestigativo.com,https://periodismoinvestigativo.com/feed/,ES,PR,,Porto Rico — investigativo
📰 Media & Testate Giornalistiche,America Latina & Caraibi,Channel 5 Belize,https://www.channel5belize.com,,EN,BZ,,Belize — emittente nazionale
📰 Media & Testate Giornalistiche,America Latina & Caraibi,CiberCuba,https://www.cibercuba.com,https://www.cibercuba.com/feed,ES,CU,,Diaspora — Cuba Diaspora
📰 Media & Testate Giornalistiche,America Latina & Caraibi,Cinco Días,https://cincodias.elpais.com,https://feeds.elpais.com/mrss-s/pages/ep/site/cincodias.elpais.com/portada,ES,ES,,Economia ES
📰 Media & Testate Giornalistiche,America Latina & Caraibi,Clarín,https://www.clarin.com,,ES,AR,,Argentina
📰 Media & Testate Giornalistiche,America Latina & Caraibi,CNN Brasil,https://www.cnnbrasil.com.br,https://www.cnnbrasil.com.br/feed/,PT,BR,,TV news — Brasile TV
📰 Media & Testate Giornalistiche,America Latina & Caraibi,Colombiacheck,https://colombiacheck.com,,ES,CO,,Colombia — FC
📰 Media & Testate Giornalistiche,America Latina & Caraibi,Contagio Radio,https://www.contagioradio.com,https://www.contagioradio.com/feed/,ES,CO,,Alternativo — Colombia
📰 Media & Testate Giornalistiche,America Latina & Caraibi,Contracorriente (Honduras),https://contracorriente.red,https://contracorriente.red/feed/,ES,HN,,Inv. HN — Honduras
📰 Media & Testate Giornalistiche,America Latina & Caraibi,Contralinea,https://www.contralinea.com.mx,https://www.contralinea.com.mx/feed/,ES,MX,,Inv. — Messico
📰 Media & Testate Giornalistiche,America Latina & Caraibi,Convoca.pe,https://convoca.pe,https://convoca.pe/feed/,ES,PE,,Investigativo — Perù
📰 Media & Testate Giornalistiche,America Latina & Caraibi,Correio Braziliense,https://www.correiobraziliense.com.br,,PT,BR,,Quotidiano di Brasília — Brasile
📰 Media & Testate Giornalistiche,America Latina & Caraibi,Cosecha Roja,https://cosecharoja.org,https://www.cosecharoja.org/feed/,ES,AR,,Violenza/genere — Argentina
📰 Media & Testate Giornalistiche,America Latina & Caraibi,CR Hoy,https://www.crhoy.com,https://www.crhoy.com/feed/,ES,CR,,Costa Rica
📰 Media & Testate Giornalistiche,America Latina & Caraibi,Criterio Honduras,https://criterio.hn,https://criterio.hn/feed/,ES,HN,,Inv. — Honduras
📰 Media & Testate Giornalistiche,America Latina & Caraibi,Crusoé,https://crusoe.com.br,https://crusoe.com.br/home-2/feed/,PT,BR,,Business inv. — Brasile
📰 Media & Testate Giornalistiche,America Latina & Caraibi,Cuatro / Mediaset ES,https://www.cuatro.com,,ES,ES,,TV privata ES
📰 Media & Testate Giornalistiche,America Latina & Caraibi,Curaçao Chronicle,https://www.curacaochronicle.com,,EN,CW,,Curaçao — testata anglofona
📰 Media & Testate Giornalistiche,America Latina & Caraibi,De Ware Tijd,https://dwtonline.com,https://dwtonline.com/feed/,NL,SR,,Suriname — quotidiano
📰 Media & Testate Giornalistiche,America Latina & Caraibi,Delfino,https://delfino.cr,,ES,CR,,Costa Rica — testata digitale
📰 Media & Testate Giornalistiche,America Latina & Caraibi,Despacho 505 Nicaragua,https://despacho505.com,https://despacho505.com/feed/,ES,NI,,Inv. — Nicaragua
📰 Media & Testate Giornalistiche,America Latina & Caraibi,Diario de Cuba,https://diariodecuba.com,,ES,CU,,Cuba — testata indipendente (Madrid)
📰 Media & Testate Giornalistiche,America Latina & Caraibi,Diario Financiero,https://www.df.cl,,ES,CL,,Cile — economico
📰 Media & Testate Giornalistiche,America Latina & Caraibi,Diario Las Americas,https://www.diariolasamericas.com,https://www.diariolasamericas.com/rss/all.rss,ES,US,,Diaspora USA — USA Latino
📰 Media & Testate Giornalistiche,America Latina & Caraibi,Divergentes,https://www.divergentes.com,https://www.divergentes.com/feed/,ES,NI,,Centroamerica — investigativo indipendente
📰 Media & Testate Giornalistiche,America Latina & Caraibi,Diário do Nordeste,https://diariodonordeste.verdesmares.com.br,https://diariodonordeste.verdesmares.com.br/cmlink/feed-webstories-7.5124750,PT,BR,,Brasile — Ceará
📰 Media & Testate Giornalistiche,America Latina & Caraibi,Dominica News Online,https://dominicanewsonline.com,https://feeds.feedburner.com/DominicaNewsOnline/,EN,DM,,Dominica — portale news
📰 Media & Testate Giornalistiche,America Latina & Caraibi,Ecuador Chequea,https://ecuadorchequea.com,https://ecuadorchequea.com/feed/,ES,EC,,Ecuador — FC
📰 Media & Testate Giornalistiche,America Latina & Caraibi,Ecuavisa,https://www.ecuavisa.com,,ES,EC,,Ecuador — TV principale
📰 Media & Testate Giornalistiche,America Latina & Caraibi,Efecto Cocuyo,https://efectococuyo.com,,ES,VE,,Venezuela indip.
📰 Media & Testate Giornalistiche,America Latina & Caraibi,El Caribe (DR),https://www.elcaribe.com.do,https://www.elcaribe.com.do/web-stories/feed/,ES,DO,,Rep. Dominicana
📰 Media & Testate Giornalistiche,America Latina & Caraibi,El Comercio (PE),https://elcomercio.pe,https://elcomercio.pe/arcio/rss/,ES,PE,,Perù
📰 Media & Testate Giornalistiche,America Latina & Caraibi,El Comercio Ecuador,https://www.elcomercio.com,https://www.elcomercio.com/rss/,ES,EC,,Ecuador
📰 Media & Testate Giornalistiche,America Latina & Caraibi,El Cronista,https://www.cronista.com,,ES,AR,,Argentina — economico
📰 Media & Testate Giornalistiche,America Latina & Caraibi,El Deber,https://eldeber.com.bo,,ES,BO,,Bolivia
📰 Media & Testate Giornalistiche,America Latina & Caraibi,El Diario de Juárez,https://diario.mx,https://diario.mx/rss/feed.xml,ES,MX,,Messico — Ciudad Juárez/frontiera
📰 Media & Testate Giornalistiche,America Latina & Caraibi,El Economista (México),https://www.eleconomista.com.mx,https://www.eleconomista.com.mx/rss/home.xml,ES,MX,,Messico — economico
📰 Media & Testate Giornalistiche,America Latina & Caraibi,El Español,https://www.elespanol.com,https://www.elespanol.com/rss/,ES,ES,,Online ES
📰 Media & Testate Giornalistiche,America Latina & Caraibi,El Espectador,https://www.elespectador.com,https://www.elespectador.com/arc/outboundfeeds/rss/,ES,CO,,Colombia
📰 Media & Testate Giornalistiche,America Latina & Caraibi,El Financiero,https://www.elfinanciero.com.mx,https://www.elfinanciero.com.mx/rss,ES,MX,,Business — Messico Business
📰 Media & Testate Giornalistiche,America Latina & Caraibi,El Heraldo Honduras,https://www.elheraldo.hn,,ES,HN,,Honduras
📰 Media & Testate Giornalistiche,America Latina & Caraibi,El Informador,https://www.informador.mx,,ES,MX,,Messico — Guadalajara/Jalisco
📰 Media & Testate Giornalistiche,America Latina & Caraibi,El Mercurio,https://digital.elmercurio.com,,ES,CL,,Cile quality
📰 Media & Testate Giornalistiche,America Latina & Caraibi,El Mostrador,https://www.elmostrador.cl,https://www.elmostrador.cl/feed/,ES,CL,,Cile online
📰 Media & Testate Giornalistiche,America Latina & Caraibi,El Mundo Costa Rica,https://www.elmundo.cr,https://elmundo.cr/feed/,ES,CR,,Online
📰 Media & Testate Giornalistiche,America Latina & Caraibi,El Nacional,https://www.elnacional.com,,ES,VE,,Venezuela — quotidiano storico
📰 Media & Testate Giornalistiche,America Latina & Caraibi,El Nuevo Día,https://www.elnuevodia.com,,ES,PR,,Porto Rico — quotidiano principale
📰 Media & Testate Giornalistiche,America Latina & Caraibi,El Nuevo Herald,https://www.elnuevoherald.com,,ES,US,,Florida USA es
📰 Media & Testate Giornalistiche,America Latina & Caraibi,El Observador (UY),https://www.elobservador.com.uy,,ES,UY,,Uruguay
📰 Media & Testate Giornalistiche,America Latina & Caraibi,El País (BO),https://www.elpaisonline.com,,ES,BO,,Bolivia
📰 Media & Testate Giornalistiche,America Latina & Caraibi,El País Uruguay,https://www.elpais.com.uy,,ES,UY,,Uruguay
📰 Media & Testate Giornalistiche,America Latina & Caraibi,El Pitazo,https://elpitazo.net,https://elpitazo.net/feed/,ES,VE,,Venezuela
📰 Media & Testate Giornalistiche,America Latina & Caraibi,El Salvador Times,https://www.elsalvadortimes.com,https://www.elsalvadortimes.com/rss/,,SV,,English — El Salvador
📰 Media & Testate Giornalistiche,America Latina & Caraibi,El Salvador.com (EDH),https://www.elsalvador.com,,ES,SV,,El Salvador — El Diario de Hoy
📰 Media & Testate Giornalistiche,America Latina & Caraibi,El Tiempo Colombia,https://www.eltiempo.com,https://www.eltiempo.com/rss,ES,CO,,Colombia
📰 Media & Testate Giornalistiche,America Latina & Caraibi,El Toque,https://eltoque.com,https://eltoque.com/feed/,ES,CU,,Cuba digital
📰 Media & Testate Giornalistiche,America Latina & Caraibi,El Universal (MX),https://www.eluniversal.com.mx,,ES,MX,,Messico
📰 Media & Testate Giornalistiche,America Latina & Caraibi,El Universo,https://www.eluniverso.com,https://www.eluniverso.com/arc/outboundfeeds/rss/?outputType=xml,ES,EC,,Ecuador
📰 Media & Testate Giornalistiche,America Latina & Caraibi,elestado.net,https://elestado.net,https://elestado.net/feed/,ES,CU,,Cuba
📰 Media & Testate Giornalistiche,America Latina & Caraibi,Estado de Minas,https://www.em.com.br,,PT,BR,,Brasile — Minas Gerais
📰 Media & Testate Giornalistiche,America Latina & Caraibi,Estadão,https://www.estadao.com.br,https://www.estadao.com.br/arc/outboundfeeds/feeds/rss/sections/geral/?body=%7B%22layout%22:%22google-news%22%7D,PT,BR,,Brasile
📰 Media & Testate Giornalistiche,America Latina & Caraibi,Exame,https://exame.com,,PT,BR,,Brasile — business magazine
📰 Media & Testate Giornalistiche,America Latina & Caraibi,Excelsior,https://www.excelsior.com.mx,,ES,MX,,Messico
📰 Media & Testate Giornalistiche,America Latina & Caraibi,Expansión,https://www.expansion.com,https://e01-expansion.uecdn.es/rss/portada.xml,ES,ES,,Finanza ES
📰 Media & Testate Giornalistiche,America Latina & Caraibi,Eyewitness News Bahamas,https://ewnews.com,https://ewnews.com/feed/,EN,BS,,Bahamas — testata digitale
📰 Media & Testate Giornalistiche,America Latina & Caraibi,Factum,https://www.revistafactum.com,https://www.revistafactum.com/feed/,ES,SV,,Inv. — El Salvador
📰 Media & Testate Giornalistiche,America Latina & Caraibi,Folha de S.Paulo,https://www.folha.uol.com.br,,PT,BR,,Brasile quality
📰 Media & Testate Giornalistiche,America Latina & Caraibi,Folha SP investigativo,https://www1.folha.uol.com.br/poder,,PT,BR,,Politica — Brasile
📰 Media & Testate Giornalistiche,America Latina & Caraibi,G1 (Globo),https://g1.globo.com,,PT,BR,,Brasile TV
📰 Media & Testate Giornalistiche,America Latina & Caraibi,Gato Encerrado Honduras,https://gatoencerrado.news,https://gatoencerrado.news/feed/,ES,HN,,Inv. — Honduras
📰 Media & Testate Giornalistiche,America Latina & Caraibi,Gazeta do Povo,https://www.gazetadopovo.com.br,,PT,BR,,Brasile — Paraná
📰 Media & Testate Giornalistiche,America Latina & Caraibi,Gestión,https://gestion.pe,https://gestion.pe/arcio/rss/,ES,PE,,Perù — economico
📰 Media & Testate Giornalistiche,America Latina & Caraibi,GZH — Zero Hora,https://gauchazh.clicrbs.com.br,,PT,BR,,Brasile — Rio Grande do Sul
📰 Media & Testate Giornalistiche,America Latina & Caraibi,Haití Liberté,https://haitiliberte.com,https://haitiliberte.com/feed/,FR/EN,HT,,Haiti
📰 Media & Testate Giornalistiche,America Latina & Caraibi,IDL Reporteros,https://idl-reporteros.pe,https://www.idl-reporteros.pe/feed/,ES,PE,,Inv. PE — Perù
📰 Media & Testate Giornalistiche,America Latina & Caraibi,Infobae,https://www.infobae.com,https://www.infobae.com/arc/outboundfeeds/rss/category/america/mundo/,ES,AR,,Argentina online
📰 Media & Testate Giornalistiche,America Latina & Caraibi,InfoMoney,https://www.infomoney.com.br,https://www.infomoney.com.br/feed/,PT,BR,,Brasile — finanza e mercati
📰 Media & Testate Giornalistiche,America Latina & Caraibi,IstoÉ,https://istoe.com.br,,PT,BR,,Brasile — settimanale
📰 Media & Testate Giornalistiche,America Latina & Caraibi,iWitness News,https://www.iwnsvg.com,https://www.iwnsvg.com/feed/,EN,VC,,Saint Vincent e Grenadine — testata
📰 Media & Testate Giornalistiche,America Latina & Caraibi,Jamaica Gleaner,https://jamaica-gleaner.com,,EN,JM,,Giamaica
📰 Media & Testate Giornalistiche,America Latina & Caraibi,Jamaica Observer,https://www.jamaicaobserver.com,,,JM,,Giamaica
📰 Media & Testate Giornalistiche,America Latina & Caraibi,Jornal do Brasil,https://www.jb.com.br,,PT,BR,,Brasile
📰 Media & Testate Giornalistiche,America Latina & Caraibi,Kaieteur News,https://www.kaieteurnewsonline.com,https://kaieteurnewsonline.com/feed/,EN,GY,,Guyana — quotidiano
📰 Media & Testate Giornalistiche,America Latina & Caraibi,La Capital,https://www.lacapital.com.ar,,ES,AR,,Argentina — Rosario
📰 Media & Testate Giornalistiche,America Latina & Caraibi,La Jornada,https://www.jornada.com.mx,,ES,MX,,Messico sinistra
📰 Media & Testate Giornalistiche,America Latina & Caraibi,La Nación (AR),https://www.lanacion.com.ar,https://www.lanacion.com.ar/arc/outboundfeeds/rss/,ES,AR,,Argentina
📰 Media & Testate Giornalistiche,America Latina & Caraibi,La Nación (CR),https://www.nacion.com,,ES,CR,,Costa Rica
📰 Media & Testate Giornalistiche,America Latina & Caraibi,La Nación (PY),https://www.lanacion.com.py,,ES,PY,,Paraguay
📰 Media & Testate Giornalistiche,America Latina & Caraibi,La Opinión (USA),https://laopinion.com,,ES,US,,California es
📰 Media & Testate Giornalistiche,America Latina & Caraibi,La Politica Online,https://www.lapoliticaonline.com,,ES,AR,,Politica — Argentina
📰 Media & Testate Giornalistiche,America Latina & Caraibi,La Prensa (Nicaragua),https://www.laprensani.com,,ES,NI,,Nicaragua — quotidiano storico (esilio)
📰 Media & Testate Giornalistiche,America Latina & Caraibi,La Prensa (PE),https://laprensa.pe,,ES,PE,,Perù tabloide
📰 Media & Testate Giornalistiche,America Latina & Caraibi,La Prensa Grafica,https://www.laprensagrafica.com,,ES,SV,,Quotidiano nazionale — El Salvador
📰 Media & Testate Giornalistiche,America Latina & Caraibi,La Prensa Libre Guatemala,https://www.prensalibre.com,,ES,GT,,Prensa Libre — quotidiano nazionale — Guatemala
📰 Media & Testate Giornalistiche,America Latina & Caraibi,La Prensa Panama,https://www.prensa.com,https://www.prensa.com/nacionales/feed/,ES,PA,,Panama
📰 Media & Testate Giornalistiche,America Latina & Caraibi,La República (PE),https://larepublica.pe,,ES,PE,,Perù
📰 Media & Testate Giornalistiche,America Latina & Caraibi,La Tercera,https://www.latercera.com,,ES,CL,,Cile
📰 Media & Testate Giornalistiche,America Latina & Caraibi,La Tribuna Honduras,https://www.latribuna.hn,,ES,HN,,Honduras
📰 Media & Testate Giornalistiche,America Latina & Caraibi,La Voz del Interior,https://www.lavoz.com.ar,,ES,AR,,Argentina — Córdoba
📰 Media & Testate Giornalistiche,America Latina & Caraibi,Le Nouvelliste (Haiti),https://lenouvelliste.com,,FR,HT,,Haiti
📰 Media & Testate Giornalistiche,America Latina & Caraibi,Listín Diario,https://listindiario.com,,ES,DO,,Rep. Dominicana
📰 Media & Testate Giornalistiche,America Latina & Caraibi,Los Andes,https://www.losandes.com.ar,,ES,AR,,Argentina — Mendoza
📰 Media & Testate Giornalistiche,America Latina & Caraibi,Los Tiempos (BO),https://www.lostiempos.com,,ES,BO,,Bolivia
📰 Media & Testate Giornalistiche,America Latina & Caraibi,Metropoles,https://www.metropoles.com,https://www.metropoles.com/feed,PT,BR,,Online — Brasile
📰 Media & Testate Giornalistiche,America Latina & Caraibi,MIL21,https://mil21.es,,ES,AR,,Inv. — Argentina
📰 Media & Testate Giornalistiche,America Latina & Caraibi,Montevideo Portal,https://www.montevideo.com.uy,,ES,UY,,Uruguay
📰 Media & Testate Giornalistiche,America Latina & Caraibi,N+ (Televisa),https://www.nmas.com.mx,,ES,MX,,Messico — news Televisa
📰 Media & Testate Giornalistiche,America Latina & Caraibi,Nation News,https://www.nationnews.com,https://nationnews.com/feed/,EN,BB,,Barbados — quotidiano principale
📰 Media & Testate Giornalistiche,America Latina & Caraibi,News Room Guyana,https://newsroom.gy,,EN,GY,,Guyana — testata digitale
📰 Media & Testate Giornalistiche,America Latina & Caraibi,Newsday (T&T),https://newsday.co.tt,https://newsday.co.tt/feed/,EN,TT,,Trinidad & Tobago — quotidiano
📰 Media & Testate Giornalistiche,America Latina & Caraibi,Newsroom Panama,https://www.newsroompanama.com,https://newsroompanama.com/feed/,,PA,,English — Panama
📰 Media & Testate Giornalistiche,America Latina & Caraibi,Nexos,https://nexos.com.mx,https://nexos.com.mx/feed/,ES,MX,,Culture/policy — Messico Cultura
📰 Media & Testate Giornalistiche,America Latina & Caraibi,Noticias Caracol,https://www.noticiascaracol.com,https://www.noticiascaracol.com/index.atom,ES,CO,,Colombia — TV principale
📰 Media & Testate Giornalistiche,America Latina & Caraibi,Noticias RCN,https://www.noticiasrcn.com,,ES,CO,,Colombia — RCN
📰 Media & Testate Giornalistiche,America Latina & Caraibi,NOW Grenada,https://nowgrenada.com,https://nowgrenada.com/feed/,EN,GD,,Grenada — testata digitale
📰 Media & Testate Giornalistiche,America Latina & Caraibi,NSC Total,https://www.nsctotal.com.br,,PT,BR,,Brasile — Santa Catarina
📰 Media & Testate Giornalistiche,America Latina & Caraibi,O Antagonista,https://www.oantagonista.com,,PT,BR,,Direita — Brasile
📰 Media & Testate Giornalistiche,America Latina & Caraibi,O Globo,https://oglobo.globo.com,https://oglobo.globo.com/rss/oglobo,PT,BR,,Brasile
📰 Media & Testate Giornalistiche,America Latina & Caraibi,O Povo,https://www.opovo.com.br,,PT,BR,,"Brasile — Ceará, Fortaleza"
📰 Media & Testate Giornalistiche,America Latina & Caraibi,O Tempo,https://www.otempo.com.br,,PT,BR,,Brasile — Minas Gerais
📰 Media & Testate Giornalistiche,America Latina & Caraibi,Ok Diario,https://okdiario.com,,ES,ES,,Online conservatore
📰 Media & Testate Giornalistiche,America Latina & Caraibi,Perfil,https://www.perfil.com,,ES,AR,,Argentina
📰 Media & Testate Giornalistiche,America Latina & Caraibi,Piauí,https://piaui.folha.uol.com.br,,PT,BR,,Brasile long-form
📰 Media & Testate Giornalistiche,America Latina & Caraibi,Plan V,https://www.planv.com.ec,https://www.planv.com.ec/feed/,ES,EC,,Inv. — Ecuador Inv.
📰 Media & Testate Giornalistiche,America Latina & Caraibi,Poder360,https://www.poder360.com.br,https://www.poder360.com.br/feed/,PT,BR,,Brasile politica
📰 Media & Testate Giornalistiche,America Latina & Caraibi,Portafolio,https://www.portafolio.co,https://www.portafolio.co/rss,ES,CO,,Colombia — economico
📰 Media & Testate Giornalistiche,America Latina & Caraibi,Prensa Comunitaria,https://prensacomunitaria.org,https://prensacomunitaria.org/feed/,ES,GT,,Guatemala — giornalismo comunitario
📰 Media & Testate Giornalistiche,America Latina & Caraibi,Proceso,https://www.proceso.com.mx,,ES,MX,,Messico investigativo
📰 Media & Testate Giornalistiche,America Latina & Caraibi,Página 12,https://www.pagina12.com.ar,,ES,AR,,Sinistra — Argentina
📰 Media & Testate Giornalistiche,America Latina & Caraibi,Página Siete,https://www.paginasiete.bo,,ES,BO,,Bolivia
📰 Media & Testate Giornalistiche,America Latina & Caraibi,Radio Progreso Honduras,https://radioprogresohn.net,https://www.radioprogresohn.net/feed/,ES,HN,,Honduras
📰 Media & Testate Giornalistiche,America Latina & Caraibi,Radio Televisión Martí,https://www.radiotelevisionmarti.com,https://www.martinoticias.com/api/,ES,CU,,"Cuba — trasmissioni del governo USA verso Cuba (USAGM, Office of Cuba Broadcasting)"
📰 Media & Testate Giornalistiche,America Latina & Caraibi,RCI,https://rci.fm,,FR,GP,,Antille francesi — radio news
📰 Media & Testate Giornalistiche,America Latina & Caraibi,Record News,https://recordnews.r7.com,,PT,BR,,Brasile — TV
📰 Media & Testate Giornalistiche,America Latina & Caraibi,Reforma,https://gruporeforma.com,,ES,MX,,Messico quality
📰 Media & Testate Giornalistiche,America Latina & Caraibi,Reporter Brasil,https://reporterbrasil.org.br,https://reporterbrasil.org.br/feed/,PT,BR,,Lavoro e diritti
📰 Media & Testate Giornalistiche,America Latina & Caraibi,RPP Noticias,https://rpp.pe,https://rpp.pe/rss,ES,PE,,Perù
📰 Media & Testate Giornalistiche,America Latina & Caraibi,Rutas del Conflicto,https://rutasdelconflicto.com,,ES,CO,,Conflitto — Colombia
📰 Media & Testate Giornalistiche,America Latina & Caraibi,SBT News,https://www.sbtnews.com.br,,PT,BR,,Brasile — TV
📰 Media & Testate Giornalistiche,America Latina & Caraibi,Searchlight,https://www.searchlight.vc,,EN,VC,,Saint Vincent e Grenadine — settimanale
📰 Media & Testate Giornalistiche,America Latina & Caraibi,Semana,https://www.semana.com,,ES,CO,,News settimanale — Colombia
📰 Media & Testate Giornalistiche,America Latina & Caraibi,SIC Notícias,https://sicnoticias.pt,,PT,PT,,TV PT
📰 Media & Testate Giornalistiche,America Latina & Caraibi,Sin Embargo,https://www.sinembargo.mx,,ES,MX,,Messico investigativo
📰 Media & Testate Giornalistiche,America Latina & Caraibi,Soy502,https://www.soy502.com,,ES,GT,,Guatemala — testata digitale
📰 Media & Testate Giornalistiche,America Latina & Caraibi,St. Kitts & Nevis Observer,https://www.thestkittsnevisobserver.com,https://www.thestkittsnevisobserver.com/feed/,EN,KN,,Saint Kitts e Nevis — settimanale
📰 Media & Testate Giornalistiche,America Latina & Caraibi,St. Lucia Times,https://stluciatimes.com,https://stluciatimes.com/feed/,EN,LC,,Saint Lucia — testata digitale
📰 Media & Testate Giornalistiche,America Latina & Caraibi,Starnieuws,https://www.starnieuws.com,,NL,SR,,Suriname — portale news principale
📰 Media & Testate Giornalistiche,America Latina & Caraibi,Sudestada Argentina,https://www.sudestada.com.ar,,ES,AR,,Inv. — Argentina
📰 Media & Testate Giornalistiche,America Latina & Caraibi,Sumaúma,https://sumauma.com,,PT,BR,,Brasile Amazzonia
📰 Media & Testate Giornalistiche,America Latina & Caraibi,Tal Cual,https://talcualdigital.com,https://talcualdigital.com/feed/,ES,VE,,Venezuela
📰 Media & Testate Giornalistiche,America Latina & Caraibi,Teleamazonas,https://www.teleamazonas.com,,ES,EC,,Ecuador — TV news
📰 Media & Testate Giornalistiche,America Latina & Caraibi,Telemundo Noticias,https://www.telemundo.com/noticias,,ES,US,,USA español TV
📰 Media & Testate Giornalistiche,America Latina & Caraibi,TerraBrasilis,https://terrabrasilis.info,,,,Pubblico,Deforestazione Amazzonia — Database
📰 Media & Testate Giornalistiche,America Latina & Caraibi,The Clinic,https://www.theclinic.cl,,ES,CL,,Cile satira+news
📰 Media & Testate Giornalistiche,America Latina & Caraibi,The Daily Herald,https://www.thedailyherald.sx,,EN,SX,,Sint Maarten/Caraibi olandesi — quotidiano
📰 Media & Testate Giornalistiche,America Latina & Caraibi,The Nassau Guardian,https://thenassauguardian.com,http://www.thenassauguardian.com/search/?f=rss&amp;t=article&amp;l=50&amp;s=start_time&amp;sd=desc&amp;k%5B%5D=%23topstory,EN,BS,,Bahamas — quotidiano storico
📰 Media & Testate Giornalistiche,America Latina & Caraibi,The Royal Gazette,https://www.royalgazette.com,,EN,BM,,Bermuda — quotidiano nazionale
📰 Media & Testate Giornalistiche,America Latina & Caraibi,The Tribune (Bahamas),https://www.tribune242.com,https://www.tribune242.com/rss/headlines/,EN,BS,,Bahamas — quotidiano principale
📰 Media & Testate Giornalistiche,America Latina & Caraibi,Tiempo Argentino,https://www.tiempoar.com.ar,,ES,AR,,Argentina sinistra
📰 Media & Testate Giornalistiche,America Latina & Caraibi,Univision Noticias,https://www.univision.com/noticias,,ES,US,,USA español TV
📰 Media & Testate Giornalistiche,America Latina & Caraibi,UOL Notícias,https://noticias.uol.com.br,,PT,BR,,Brasile online
📰 Media & Testate Giornalistiche,America Latina & Caraibi,Valor Economico,https://valor.globo.com,https://valor.globo.com/rss/valor,PT,BR,,Business — Brasile Business
📰 Media & Testate Giornalistiche,America Latina & Caraibi,Vanguardia,https://vanguardia.com.mx,,ES,MX,,Messico — Coahuila
📰 Media & Testate Giornalistiche,America Latina & Caraibi,Verdad Abierta,https://verdadabierta.com,https://verdadabierta.com/feed/,ES,CO,,Conflitto armato — Colombia
📰 Media & Testate Giornalistiche,America Latina & Caraibi,Wayka,https://wayka.pe,https://wayka.pe/feed/,ES,PE,,Indip. — Perù Indip.
📰 Media & Testate Giornalistiche,America Latina & Caraibi,Última Hora (PY),https://www.ultimahora.com,,ES,PY,,Paraguay
📰 Media & Testate Giornalistiche,Africa,237online,https://www.237online.com,https://www.237online.com/feed/,FR,CM,,Camerun
📰 Media & Testate Giornalistiche,Africa,24h au Bénin,https://www.24haubenin.info,https://www.24haubenin.info/spip.php?page=backend,FR,BJ,,Benin — portale news
📰 Media & Testate Giornalistiche,Africa,7SUR7.CD,https://7sur7.cd,,FR,CD,,RD Congo — portale news
📰 Media & Testate Giornalistiche,Africa,@Verdade Mozambico,https://www.verdade.co.mz,https://verdade.co.mz/feed/,,MZ,,Mozambico
📰 Media & Testate Giornalistiche,Africa,Abidjan.net,https://www.abidjan.net,,FR,CI,,Costa d'Avorio
📰 Media & Testate Giornalistiche,Africa,Actu Cameroun,https://actucameroun.com,https://actucameroun.com/feed/,FR,CM,,Camerun — portale news
📰 Media & Testate Giornalistiche,Africa,Actualite.cd,https://actualite.cd,,,CD,,DRC
📰 Media & Testate Giornalistiche,Africa,ActuNiger,https://www.actuniger.com,,FR,NE,,Niger — portale news
📰 Media & Testate Giornalistiche,Africa,Addis Standard,https://addisstandard.com,,EN,ET,,Etiopia quality
📰 Media & Testate Giornalistiche,Africa,Africa Business,https://africabusiness.com,https://africabusiness.com/feed/,EN,Pan-Africa,,Testata/portale — Pan-Africa · link verificato attivo 06/2026 (https)
📰 Media & Testate Giornalistiche,Africa,Africa Confidential,https://www.africa-confidential.com,,EN,Pan-Africa,,Pan-Africa intelligence
📰 Media & Testate Giornalistiche,Africa,Africa Feeds,https://africafeeds.com,https://africafeeds.com/feed/,,Pan-Africa,,Aggregatore
📰 Media & Testate Giornalistiche,Africa,Africa Intelligence,https://www.africaintelligence.com,,EN,Pan-Africa,,"Testata/portale — Pan-Africa · fonte aggregatore, verifica consigliata"
📰 Media & Testate Giornalistiche,Africa,Africa Newsroom,https://www.africa-newsroom.com,https://www.africa-newsroom.com/rss.xml,EN,Pan-Africa,,"Testata/portale — Pan-Africa · fonte aggregatore, verifica consigliata"
📰 Media & Testate Giornalistiche,Africa,Africa Portal,https://www.africaportal.org,https://africayouthportal.org/feed/,EN,Pan-Africa,,"Testata/portale — Pan-Africa · fonte aggregatore, verifica consigliata"
📰 Media & Testate Giornalistiche,Africa,Africa Times,https://africatimes.com,https://africatimes.com/feed/,EN,Pan-Africa,,"Testata/portale — Pan-Africa · fonte aggregatore, verifica consigliata"
📰 Media & Testate Giornalistiche,Africa,Africa Top Sports,https://www.africatopsports.com,,FR,SN,,Sport Africa
📰 Media & Testate Giornalistiche,Africa,Africa Uncensored,https://africauncensored.online,https://africauncensored.online/feed/,EN,KE,,Kenya investigativo
📰 Media & Testate Giornalistiche,Africa,Africa.com,https://www.africa.com,,EN,Pan-Africa,,"Testata/portale — Pan-Africa · fonte aggregatore, verifica consigliata"
📰 Media & Testate Giornalistiche,Africa,Africaguinee,https://www.africaguinee.com,https://www.africaguinee.com/feed/,FR,GN,,Guinea — portale news
📰 Media & Testate Giornalistiche,Africa,African Business,https://african.business,https://african.business/feed/,EN,GB,,Pan-Africa Business
📰 Media & Testate Giornalistiche,Africa,African Business Magazine,https://africanbusinessmagazine.com,,EN,Pan-Africa,,"Testata/portale — Pan-Africa · fonte aggregatore, verifica consigliata"
📰 Media & Testate Giornalistiche,Africa,African Independent,https://www.africanindependent.com,,,ZA,,Online — Sud Africa
📰 Media & Testate Giornalistiche,Africa,African Independent,https://www.africanindy.com,,EN,Pan-Africa,,"Testata/portale — Pan-Africa · fonte aggregatore, verifica consigliata"
📰 Media & Testate Giornalistiche,Africa,African Manager,https://africanmanager.com,https://africanmanager.com/feed/,EN,Pan-Africa,,"Testata/portale — Pan-Africa · fonte aggregatore, verifica consigliata"
📰 Media & Testate Giornalistiche,Africa,Africanews,https://www.africanews.com,https://www.africanews.com/feed/,EN/FR,Pan-Africa,,News panafricane (gruppo Euronews) — Pan-Africa
📰 Media & Testate Giornalistiche,Africa,Afrik.com,https://www.afrik.com,,FR,FR,,Pan-Africa online
📰 Media & Testate Giornalistiche,Africa,Ahora EG,https://ahoraeg.com,https://ahoraeg.com/feed/,ES,GQ,,Guinea Equatoriale — testata indipendente
📰 Media & Testate Giornalistiche,Africa,AIIJ Uganda,https://aiij.org,https://aiij.org/feed,,UG,,Inv. — Uganda
📰 Media & Testate Giornalistiche,Africa,Al Jazeera Africa,https://www.aljazeera.com/africa,https://www.aljazeera.com/xml/rss/all.xml,EN,QA,,Qatar — finanziata dallo stato del Qatar; sezione Africa
📰 Media & Testate Giornalistiche,Africa,Al-Ahram (Egypt),https://english.ahram.org.eg,,EN,EG,,Egitto gov
📰 Media & Testate Giornalistiche,Africa,Al-Watwan,https://alwatwan.net,,FR/AR,KM,,Comore — quotidiano nazionale
📰 Media & Testate Giornalistiche,Africa,Algeria Watch,https://www.algeria-watch.org,,FR/DE,DZ,,Algeria HR
📰 Media & Testate Giornalistiche,Africa,Alwihda Info,https://www.alwihdainfo.com,https://www.alwihdainfo.com/rss/,FR/AR,TD,,Ciad — testata indipendente
📰 Media & Testate Giornalistiche,Africa,Aminata.com (Guinée),https://www.aminata.com,https://aminata.com/feed/,,GN,,Guinea Conakry
📰 Media & Testate Giornalistiche,Africa,ANCIR (Africa),https://ancir.org,,,Pan-Africa,,Network
📰 Media & Testate Giornalistiche,Africa,APA News,https://apanews.net,https://fr.apanews.net/feed/,EN,Pan-Africa,,"Testata/portale — Pan-Africa · fonte aggregatore, verifica consigliata"
📰 Media & Testate Giornalistiche,Africa,APS — Agence de Presse Sénégalaise,https://aps.sn,https://aps.sn/feed/,FR,SN,,Senegal — agenzia di stampa nazionale
📰 Media & Testate Giornalistiche,Africa,Arise News,https://www.arise.tv,,EN,NG,,Nigeria — all-news
📰 Media & Testate Giornalistiche,Africa,Asaase Radio,https://asaaseradio.com,https://asaaseradio.com/feed/,,GH,,Radio — Ghana
📰 Media & Testate Giornalistiche,Africa,Awoko Sierra Leone,https://awoko.org,,EN,SL,,Sierra Leone
📰 Media & Testate Giornalistiche,Africa,Ayin Network,https://3ayin.com,https://3ayin.com/feed/,AR/EN,SD,,Sudan — giornalismo indipendente
📰 Media & Testate Giornalistiche,Africa,BizNews,https://www.biznews.com,,EN,ZA,,"Testata nazionale — South Africa · fonte aggregatore, verifica consigliata"
📰 Media & Testate Giornalistiche,Africa,Burkina24,https://burkina24.com,https://burkina24.com/feed/,FR,BF,,Burkina Faso — testata digitale
📰 Media & Testate Giornalistiche,Africa,Business & Financial Times,https://thebftonline.com,,EN,GH,,"Testata nazionale — Ghana · fonte aggregatore, verifica consigliata"
📰 Media & Testate Giornalistiche,Africa,Business Daily Africa,https://www.businessdailyafrica.com,https://www.businessdailyafrica.com/bd/rss.xml,EN,KE,,Africa Est business
📰 Media & Testate Giornalistiche,Africa,Business Day,https://www.businesslive.co.za,https://www.businesslive.co.za/rss/,EN,ZA,,Sudafrica business
📰 Media & Testate Giornalistiche,Africa,Business Today Kenya,https://businesstoday.co.ke,https://businesstoday.co.ke/feed/,EN,KE,,"Testata nazionale — Kenya · fonte aggregatore, verifica consigliata"
📰 Media & Testate Giornalistiche,Africa,BusinessDay,https://www.businessdayonline.com,,EN,NG,,"Testata/portale — Nigeria · fonte aggregatore, verifica consigliata"
📰 Media & Testate Giornalistiche,Africa,BusinessDay Nigeria,https://businessday.ng,,EN,NG,,Nigeria — quotidiano economico
📰 Media & Testate Giornalistiche,Africa,BusinessTech,https://businesstech.co.za,,EN,ZA,,"Testata nazionale — South Africa · fonte aggregatore, verifica consigliata"
📰 Media & Testate Giornalistiche,Africa,Cameroon Tribune,https://www.cameroon-tribune.cm,,,CM,,Gov — Camerun
📰 Media & Testate Giornalistiche,Africa,Canal de Moçambique,https://www.canalmoz.co.mz,,,MZ,,Mozambico
📰 Media & Testate Giornalistiche,Africa,Cape Times,https://www.capetimes.co.za,https://capetimes.co.za/rss/,EN,ZA,,"Testata nazionale — South Africa · fonte aggregatore, verifica consigliata"
📰 Media & Testate Giornalistiche,Africa,Capital FM,https://www.capitalfm.co.ke,https://www.capitalfm.co.ke/news/rss,EN,KE,,Kenya radio
📰 Media & Testate Giornalistiche,Africa,Carta de Moçambique,https://cartamz.com,https://cartamz.com/feed/,PT,MZ,,Mozambico — testata indipendente
📰 Media & Testate Giornalistiche,Africa,Citifmonline Ghana,https://citifmonline.com,https://citifmonline.com/?feed=rss2,EN,GH,,Ghana radio
📰 Media & Testate Giornalistiche,Africa,City Press SA,https://www.news24.com/citypress,,,ZA,,Sudafrica
📰 Media & Testate Giornalistiche,Africa,Club-K Angola,https://www.club-k.net,,,AO,,Indip. — Angola
📰 Media & Testate Giornalistiche,Africa,Code for Africa,https://codeforafrica.org,,,Africa,,Data/FC
📰 Media & Testate Giornalistiche,Africa,Corbeau News Centrafrique,https://corbeaunews-centrafrique.org,https://corbeaunews-centrafrique.org/feed/,FR,CF,,RCA — testata online
📰 Media & Testate Giornalistiche,Africa,Cridem,https://cridem.org,,FR,MR,,Mauritania — aggregatore/portale news
📰 Media & Testate Giornalistiche,Africa,Daily Independent,https://www.independent.ng,https://independent.ng/feed/,EN,NG,,"Testata/portale — Nigeria · fonte aggregatore, verifica consigliata"
📰 Media & Testate Giornalistiche,Africa,Daily News Egypt,https://www.dailynewsegypt.com,https://www.dailynewsegypt.com/feed/,EN,EG,,"Testata nazionale — Egypt · fonte aggregatore, verifica consigliata"
📰 Media & Testate Giornalistiche,Africa,Daily News Tanzania,https://www.dailynews.co.tz,,EN,TZ,,Tanzania
📰 Media & Testate Giornalistiche,Africa,Daily Sun,https://www.dailysun.co.za,,EN,ZA,,"Testata nazionale — South Africa · fonte aggregatore, verifica consigliata"
📰 Media & Testate Giornalistiche,Africa,Daily Trust,https://dailytrust.com,https://dailytrust.com/feed/,EN,NG,,Nigeria Nord
📰 Media & Testate Giornalistiche,Africa,Dakar Actu,https://www.dakaractu.com,,FR,SN,,Senegal
📰 Media & Testate Giornalistiche,Africa,Defimedia,https://defimedia.info,,FR,MU,,Mauritius — gruppo Le Défi
📰 Media & Testate Giornalistiche,Africa,Diario Rombe,https://diariorombe.es,https://diariorombe.es/feed/,ES,ES,,Guinea Equatoriale — testata in esilio
📰 Media & Testate Giornalistiche,Africa,Dispatch Live SA,https://www.dispatchlive.co.za,,,ZA,,Est Capo — Sudafrica
📰 Media & Testate Giornalistiche,Africa,Dubawa,https://dubawa.org,https://dubawa.org/feed/,,NG/GH,,Fact-checking Nigeria/Ghana — Africa occ.
📰 Media & Testate Giornalistiche,Africa,Ecofin Agency,https://www.agenceecofin.com,https://www.agenceecofin.com/component/obrss/agence-ecofin-full,,Pan-Africa,,Economia
📰 Media & Testate Giornalistiche,Africa,Economic Confidential,https://economicconfidential.com,https://economicconfidential.com/feed/,EN,NG,,"Testata/portale — Nigeria · fonte aggregatore, verifica consigliata"
📰 Media & Testate Giornalistiche,Africa,Egypt Independent,https://www.egyptindependent.com,https://www.egyptindependent.com/feed/,EN,EG,,Egitto
📰 Media & Testate Giornalistiche,Africa,Egypt Today,https://www.egypttoday.com,,EN,EG,,Egitto — Egyptian Media Group; proprietà ricondotta ai servizi di intelligence secondo il Media Ownership Monitor (RSF)
📰 Media & Testate Giornalistiche,Africa,Egyptian Streets,https://egyptianstreets.com,https://egyptianstreets.com/feed/,EN,EG,,"Testata nazionale — Egypt · fonte aggregatore, verifica consigliata"
📰 Media & Testate Giornalistiche,Africa,El Watan,https://elwatan.com,,FR,DZ,,Algeria
📰 Media & Testate Giornalistiche,Africa,Enquête Plus Sénégal,https://www.enqueteplus.com,https://www.enqueteplus.com/rss.xml,FR,SN,,Senegal investigativo
📰 Media & Testate Giornalistiche,Africa,eSwatini News,https://swazilandnews.com,,EN,SZ,,Eswatini
📰 Media & Testate Giornalistiche,Africa,Expresso das Ilhas,https://expressodasilhas.cv,https://expressodasilhas.cv/rss,PT,CV,,Capo Verde — settimanale principale
📰 Media & Testate Giornalistiche,Africa,Eye Radio,https://www.eyeradio.org,https://www.eyeradio.org/feed/,EN,SD,,Sud Sudan — radio/news Juba
📰 Media & Testate Giornalistiche,Africa,Eyewitness News (EWN),https://ewn.co.za,,EN,ZA,,"Testata nazionale — South Africa · fonte aggregatore, verifica consigliata"
📰 Media & Testate Giornalistiche,Africa,Fasozine,https://fasozine.com,https://fasozine.com/feed/,FR,BF,,Burkina investigativo
📰 Media & Testate Giornalistiche,Africa,Forbes Africa,https://www.forbesafrica.com,,EN,Pan-Africa,,"Testata/portale — Pan-Africa · fonte aggregatore, verifica consigliata"
📰 Media & Testate Giornalistiche,Africa,Foreign Policy Africa,https://foreignpolicy.com/region/africa,https://foreignpolicy.com/feed/,EN,,,Focus Africa
📰 Media & Testate Giornalistiche,Africa,Foroyaa,https://foroyaa.net,,EN,GM,,Gambia — quotidiano indipendente
📰 Media & Testate Giornalistiche,Africa,Fraternité Matin,https://www.fratmat.info,,FR,CI,,Costa d'Avorio gov
📰 Media & Testate Giornalistiche,Africa,FrontPage Africa,https://frontpageafricaonline.com,https://fpa.news/feed/,EN,LR,,Liberia
📰 Media & Testate Giornalistiche,Africa,Gabon Review,https://www.gabonreview.com,https://www.gabonreview.com/feed,,GA,,Gabon
📰 Media & Testate Giornalistiche,Africa,Garowe Online,https://www.garoweonline.com,,SO/EN,SO,,Somalia/Puntland — testata indipendente
📰 Media & Testate Giornalistiche,Africa,Ghana News Agency,https://ghananewsagency.org,,EN,GH,,"Testata nazionale — Ghana · fonte aggregatore, verifica consigliata"
📰 Media & Testate Giornalistiche,Africa,Ghanaian Chronicle,https://thechronicle.com.gh,https://thechronicle.com.gh/feed/,EN,GH,,"Testata nazionale — Ghana · fonte aggregatore, verifica consigliata"
📰 Media & Testate Giornalistiche,Africa,Ghanaian Times,https://www.ghanaiantimes.com.gh,https://ghanaiantimes.com.gh/feed/,EN,GH,,"Testata nazionale — Ghana · fonte aggregatore, verifica consigliata"
📰 Media & Testate Giornalistiche,Africa,GhanaWeb,https://www.ghanaweb.com,,EN,GH,,Ghana
📰 Media & Testate Giornalistiche,Africa,Goobjoog News,https://goobjoog.com,,SO/EN,SO,,Somalia — network news
📰 Media & Testate Giornalistiche,Africa,Graphic Online,https://www.graphic.com.gh,https://www.graphic.com.gh/feeds,EN,GH,,Quotidiano — Ghana
📰 Media & Testate Giornalistiche,Africa,GroundUp,https://www.groundup.org.za,https://www.groundup.org.za/sitenews/rss/,EN,ZA,,Sudafrica civico
📰 Media & Testate Giornalistiche,Africa,Guineenews,https://guineenews.org,https://guineenews.org/feed/,FR,GN,,Guinea — portale storico
📰 Media & Testate Giornalistiche,Africa,HeraldLIVE SA,https://www.heraldlive.co.za,,,ZA,,Port Elizabeth — Sudafrica
📰 Media & Testate Giornalistiche,Africa,Hespress,https://www.hespress.com,,AR,MA,,Marocco mass
📰 Media & Testate Giornalistiche,Africa,Hiiraan Online,https://www.hiiraan.com,https://hiiraan.com/news.xml,SO/EN,SO,,Somalia — portale storico
📰 Media & Testate Giornalistiche,Africa,Huffington Post SA,https://www.huffingtonpost.co.za,,,ZA,,Online — Sudafrica
📰 Media & Testate Giornalistiche,Africa,iAfrikan,https://www.iafrikan.com,https://iafrikan.com/rss/,EN,Pan-Africa,,"Testata/portale — Pan-Africa · fonte aggregatore, verifica consigliata"
📰 Media & Testate Giornalistiche,Africa,ICIR Nigeria,https://www.icirnigeria.org,https://www.icirnigeria.org/feed/,EN,NG,,Nigeria investigativo
📰 Media & Testate Giornalistiche,Africa,Igihe Rwanda,https://www.igihe.com,,,RW,,Kinyarwanda — Rwanda
📰 Media & Testate Giornalistiche,Africa,Independent Uganda,https://www.independent.co.ug,,,UG,,Quality — Uganda
📰 Media & Testate Giornalistiche,Africa,Inforpress,https://inforpress.cv,,PT,CV,,Capo Verde — agenzia di stampa nazionale
📰 Media & Testate Giornalistiche,Africa,IOL,https://www.iol.co.za,https://iol.co.za/rss/,EN,ZA,,"Testata nazionale — South Africa · fonte aggregatore, verifica consigliata"
📰 Media & Testate Giornalistiche,Africa,ITNewsAfrica,https://www.itnewsafrica.com,,EN,Pan-Africa,,"Testata/portale — Pan-Africa · fonte aggregatore, verifica consigliata"
📰 Media & Testate Giornalistiche,Africa,iWatch Africa,https://iwatchafrica.org,https://iwatchafrica.org/feed/,EN,GH,,Ghana investigativo
📰 Media & Testate Giornalistiche,Africa,Jeune Afrique,https://www.jeuneafrique.com,https://www.jeuneafrique.com/feed,FR,FR,,Pan-Africa francofono — Pan-Africa FR
📰 Media & Testate Giornalistiche,Africa,Jornal de Angola Online,https://www.jornaldeangola.ao,,,AO,,Gov — Angola
📰 Media & Testate Giornalistiche,Africa,Journal du Cameroun,https://www.journalducameroun.com,https://fr.journalducameroun.com/feed/,,CM,,Online — Camerun
📰 Media & Testate Giornalistiche,Africa,Journal du Mali,https://www.journaldumali.com,,FR,ML,,Mali — testata indipendente
📰 Media & Testate Giornalistiche,Africa,Joy Online,https://www.myjoyonline.com,https://www.myjoyonline.com/feed/,EN,GH,,Ghana
📰 Media & Testate Giornalistiche,Africa,KBC Channel 1,https://www.kbc.co.ke,https://www.kbc.co.ke/feed/,,KE,,Pubblica — Kenya
📰 Media & Testate Giornalistiche,Africa,Kenyan Wall Street,https://kenyanwallstreet.com,,EN,KE,,"Testata nazionale — Kenya · fonte aggregatore, verifica consigliata"
📰 Media & Testate Giornalistiche,Africa,Kenyans.co.ke,https://www.kenyans.co.ke,https://www.kenyans.co.ke/feeds/news,EN,KE,,"Testata nazionale — Kenya · fonte aggregatore, verifica consigliata"
📰 Media & Testate Giornalistiche,Africa,Koaci,https://www.koaci.com,,FR,CI,,Costa d'Avorio — news Africa occidentale
📰 Media & Testate Giornalistiche,Africa,KT Press Rwanda,https://www.ktpress.rw,https://www.ktpress.rw/feed/,,RW,,Indip. — Rwanda
📰 Media & Testate Giornalistiche,Africa,L'Express de Madagascar,https://lexpress.mg,https://www.lexpress.mg/feeds/posts/default,FR/MG,MG,,Madagascar — quotidiano principale
📰 Media & Testate Giornalistiche,Africa,L'Observateur Paalga,https://www.lobservateur.bf,https://www.lobservateur.bf/index.php?format=feed&amp;type=rss,FR,BF,,Burkina Faso — quotidiano storico
📰 Media & Testate Giornalistiche,Africa,L'Opinion Maroc,https://www.lopinion.ma,,FR,MA,,Marocco
📰 Media & Testate Giornalistiche,Africa,La Nouvelle Tribune,https://lanouvelletribune.info,https://lanouvelletribune.info/feed/,FR,BJ,,Benin — quotidiano indipendente
📰 Media & Testate Giornalistiche,Africa,La Presse (Tunisia),https://www.lapresse.tn,https://www.lapresse.tn/feed/,FR,TN,,Tunisia
📰 Media & Testate Giornalistiche,Africa,Le Calame,https://lecalame.info,https://lecalame.info/?q=rss.xml,FR,MR,,Mauritania — settimanale indipendente
📰 Media & Testate Giornalistiche,Africa,Le Desk Maroc,https://ledesk.ma,,FR,MA,,Marocco investigativo — Marocco Inv.
📰 Media & Testate Giornalistiche,Africa,Le Mauricien,https://www.lemauricien.com,,FR,MU,,Mauritius
📰 Media & Testate Giornalistiche,Africa,Le Monde Afrique,https://www.lemonde.fr/afrique,https://www.lemonde.fr/afrique/rss_full.xml,FR,FR,,Africa Le Monde
📰 Media & Testate Giornalistiche,Africa,Le Potentiel,https://lepotentiel.cd,https://lepotentiel.cd/feed/,FR,CD,,RD Congo — quotidiano Kinshasa
📰 Media & Testate Giornalistiche,Africa,Le Soleil,https://www.lesoleil.sn,https://lesoleil.sn/feed/,FR,SN,,Senegal — quotidiano nazionale
📰 Media & Testate Giornalistiche,Africa,Ledjely,https://ledjely.com,,FR,GN,,Guinea — testata digitale
📰 Media & Testate Giornalistiche,Africa,Lefaso.net,https://lefaso.net,https://lefaso.net/spip.php?page=backend,FR,BF,,Burkina Faso
📰 Media & Testate Giornalistiche,Africa,Legit,https://www.legit.ng,,EN,NG,,"Testata/portale — Nigeria · fonte aggregatore, verifica consigliata"
📰 Media & Testate Giornalistiche,Africa,Les Dépêches de Brazzaville (ADIAC),https://www.adiac-congo.com,,FR,CG,,Congo-Brazzaville — quotidiano principale
📰 Media & Testate Giornalistiche,Africa,Lesotho Times,https://lestimes.com,https://lestimes.com/?feed=rss2,EN,LS,,Lesotho — settimanale principale
📰 Media & Testate Giornalistiche,Africa,Liberian Observer,https://www.liberianobserver.com,http://www.liberianobserver.com/search/?f=rss&amp;t=article&amp;l=50&amp;s=start_time&amp;sd=desc&amp;k%5B%5D=%23topstory,EN,LR,,Liberia — quotidiano storico
📰 Media & Testate Giornalistiche,Africa,Libya Herald,https://www.libyaherald.com,https://www.libyaherald.com/feed/,EN,LY,,Quotidiano online indipendente in inglese — Libia
📰 Media & Testate Giornalistiche,Africa,Mada Masr,https://www.madamasr.com,https://www.madamasr.com/en/feed/,EN/AR,EG,,Egitto indip.
📰 Media & Testate Giornalistiche,Africa,Madagascar Tribune,https://www.madagascar-tribune.com,https://www.madagascar-tribune.com/spip.php?page=backend,FR,MG,,Madagascar — testata online
📰 Media & Testate Giornalistiche,Africa,Maka Angola,https://www.makaangola.org,https://www.makaangola.org/feed/,,AO,,Inv. — Angola
📰 Media & Testate Giornalistiche,Africa,Malawi24,https://malawi24.com,https://malawi24.com/feed/,EN,MW,,Malawi
📰 Media & Testate Giornalistiche,Africa,Maliweb,https://www.maliweb.net,,,ML,,Online — Mali
📰 Media & Testate Giornalistiche,Africa,Masrawy,https://www.masrawy.com,,AR,EG,,Egitto
📰 Media & Testate Giornalistiche,Africa,Mediacongo,https://www.mediacongo.net,,FR,CD,,RD Congo — portale e aggregatore
📰 Media & Testate Giornalistiche,Africa,Mercury SA,https://www.iol.co.za/mercury,https://iol.co.za/rss/iol/mercury/,,ZA,,Durban — Sudafrica
📰 Media & Testate Giornalistiche,Africa,Midi Madagasikara,https://midi-madagasikara.mg,,FR/MG,MG,,Madagascar — quotidiano
📰 Media & Testate Giornalistiche,Africa,Miniflux,https://miniflux.app,,,,Open Source,RSS minimalista — RSS Reader
📰 Media & Testate Giornalistiche,Africa,Mmegi,https://www.mmegi.bw,https://www.mmegi.bw/rss/rss.xml,EN,BW,,Botswana
📰 Media & Testate Giornalistiche,Africa,Modern Ghana,https://www.modernghana.com,,EN,GH,,"Testata nazionale — Ghana · fonte aggregatore, verifica consigliata"
📰 Media & Testate Giornalistiche,Africa,Moneyweb,https://www.moneyweb.co.za,,EN,ZA,,"Testata nazionale — South Africa · fonte aggregatore, verifica consigliata"
📰 Media & Testate Giornalistiche,Africa,Mwananchi Tanzania,https://www.mwananchi.co.tz,https://nation.africa/kenya/rss.xml,SW,TZ,,Tanzania swahili
📰 Media & Testate Giornalistiche,Africa,Médias24,https://medias24.com,https://medias24.com/feed/,FR,MA,,Marocco
📰 Media & Testate Giornalistiche,Africa,Naija News,https://www.naijanews.com,https://www.naijanews.com/feed/,EN,NG,,"Testata/portale — Nigeria · fonte aggregatore, verifica consigliata"
📰 Media & Testate Giornalistiche,Africa,Nairametrics,https://nairametrics.com,,EN,NG,,Nigeria — finanza e dati
📰 Media & Testate Giornalistiche,Africa,Nairobi News,https://nairobinews.nation.africa,,,KE,,Lifestyle — Kenya
📰 Media & Testate Giornalistiche,Africa,Nawaat,https://nawaat.org,https://nawaat.org/feed/,AR/FR,TN,,Tunisia
📰 Media & Testate Giornalistiche,Africa,New African,https://newafricanmagazine.com,https://newafricanmagazine.com/feed/,EN,Pan-Africa,,"Testata/portale — Pan-Africa · fonte aggregatore, verifica consigliata"
📰 Media & Testate Giornalistiche,Africa,New Dawn Liberia,https://thenewdawnliberia.com,https://www.thenewdawnliberia.com/feed/,EN,LR,,Liberia
📰 Media & Testate Giornalistiche,Africa,New Era,https://neweralive.na,https://neweralive.na/feed/,EN,NA,,Namibia — quotidiano di stato
📰 Media & Testate Giornalistiche,Africa,New Narratives,https://newnarratives.org,https://newnarratives.org/feed/,EN,LR,,Liberia investigativo
📰 Media & Testate Giornalistiche,Africa,New Vision Uganda,https://www.newvision.co.ug,,EN,UG,,Uganda gov
📰 Media & Testate Giornalistiche,Africa,News Diggers,https://diggers.news,https://diggers.news/feed/,EN,ZM,,Zambia — quotidiano investigativo
📰 Media & Testate Giornalistiche,Africa,News Ghana,https://www.newsghana.com.gh,https://www.newsghana.com.gh/feed/,EN,GH,,"Testata nazionale — Ghana · fonte aggregatore, verifica consigliata"
📰 Media & Testate Giornalistiche,Africa,News24,https://www.news24.com,https://feeds.news24.com/articles/news24/TopStories/rss,EN,ZA,,Sudafrica online
📰 Media & Testate Giornalistiche,Africa,NewsDay,https://www.newsday.co.zw,https://www.newsday.co.zw/feed/,EN,ZW,,Zimbabwe
📰 Media & Testate Giornalistiche,Africa,Nigerian Tribune,https://tribuneonlineng.com,https://tribuneonlineng.com/feed/,EN,NG,,"Testata/portale — Nigeria · fonte aggregatore, verifica consigliata"
📰 Media & Testate Giornalistiche,Africa,North Africa Journal,https://north-africa.com,https://north-africa.com/feed/,EN,Pan-Africa,,Testata/portale — Pan-Africa · link verificato attivo 06/2026 (https)
📰 Media & Testate Giornalistiche,Africa,Novo Jornal,https://novojornal.co.ao,,PT,AO,,Angola — settimanale indipendente
📰 Media & Testate Giornalistiche,Africa,NTV Kenya,https://ntvkenya.co.ke,https://ntvkenya.co.ke/feed/,EN/SW,KE,,Kenya — Nation Media TV
📰 Media & Testate Giornalistiche,Africa,Nyasa Times,https://www.nyasatimes.com,https://www.nyasatimes.com/feed/,EN,MW,,Malawi
📰 Media & Testate Giornalistiche,Africa,O Democrata,https://odemocratagb.com,https://www.odemocratagb.com/?feed=rss2,PT,GW,,Guinea-Bissau — testata indipendente
📰 Media & Testate Giornalistiche,Africa,O País (Mozambico),https://opais.co.mz,https://opais.co.mz/feed/,PT,MZ,,Mozambico — quotidiano indipendente
📰 Media & Testate Giornalistiche,Africa,Observer Uganda,https://www.observer.ug,https://observer.ug/feed/,,UG,,Indip. — Uganda
📰 Media & Testate Giornalistiche,Africa,OpenSecrets ZA,https://www.opensecrets.org.za,https://www.opensecrets.org.za/feed/,,ZA,Pubblico,Politica sudafricana — Database
📰 Media & Testate Giornalistiche,Africa,Orient XXI Africa,https://orientxxi.info,https://orientxxi.info/?page=backend&lang=fr,FR,FR,,MENA-Africa
📰 Media & Testate Giornalistiche,Africa,Oxpeckers,https://oxpeckers.org,https://oxpeckers.org/feed/,,ZA,,Africa ambiente — Sudafrica — Investigativo
📰 Media & Testate Giornalistiche,Africa,Panafrican News Agency (PANA),https://www.panapress.com,,EN,SN,,Testata/portale — Pan-Africa · link verificato attivo 06/2026 (https)
📰 Media & Testate Giornalistiche,Africa,PM News,https://pmnewsnigeria.com,,EN,NG,,"Testata/portale — Nigeria · fonte aggregatore, verifica consigliata"
📰 Media & Testate Giornalistiche,Africa,Politico SL,https://www.politicosl.com,https://www.politicosl.com/rss.xml,EN,SL,,Sierra Leone — testata indipendente
📰 Media & Testate Giornalistiche,Africa,PoliticsWeb,https://www.politicsweb.co.za,,EN,ZA,,"Testata nazionale — South Africa · fonte aggregatore, verifica consigliata"
📰 Media & Testate Giornalistiche,Africa,Pretoria News,https://www.iol.co.za/pretoria-news,https://iol.co.za/rss/iol/pretoria-news/,,ZA,,Pretoria — Sudafrica
📰 Media & Testate Giornalistiche,Africa,Public Eye (Lesotho),https://publiceyenews.com,https://publiceyenews.com/feed/,EN,LS,,Lesotho — settimanale indipendente
📰 Media & Testate Giornalistiche,Africa,Pulse Ghana,https://www.pulse.com.gh,,EN,GH,,"Testata nazionale — Ghana · fonte aggregatore, verifica consigliata"
📰 Media & Testate Giornalistiche,Africa,Pulse Nigeria,https://www.pulse.ng,,EN,NG,,"Testata/portale — Nigeria · fonte aggregatore, verifica consigliata"
📰 Media & Testate Giornalistiche,Africa,Radio Dabanga,https://www.dabangasudan.org,https://www.dabangasudan.org/en/feed,EN,SD,,Sudan
📰 Media & Testate Giornalistiche,Africa,Radio Ndeke Luka,https://www.radiondekeluka.org,,,FR/SG,,Rep. Centrafricana — Fondation Hirondelle
📰 Media & Testate Giornalistiche,Africa,Radio Okapi,https://www.radiookapi.net,,,CD,,ONU — DRC
📰 Media & Testate Giornalistiche,Africa,Radio Tamazuj,https://www.radiotamazuj.org,https://www.radiotamazuj.org/en/feed,EN/AR,SD,,Sud Sudan — testata indipendente
📰 Media & Testate Giornalistiche,Africa,Reporters (Tunisia),https://www.reporters.tn,https://reporters.tn/feed/,FR,TN,,Tunisia
📰 Media & Testate Giornalistiche,Africa,Republic of Togo,https://www.republicoftogo.com,,FR,TG,,Togo — portale ufficiale news
📰 Media & Testate Giornalistiche,Africa,Reuters Africa,https://af.reuters.com,,EN,Pan-Africa,,"Testata/portale — Pan-Africa · fonte aggregatore, verifica consigliata"
📰 Media & Testate Giornalistiche,Africa,RFI Mali,https://www.rfi.fr/fr/afrique/mali,,FR,FR,,"Francia — radio pubblica internazionale, copertura Mali"
📰 Media & Testate Giornalistiche,Africa,Rwanda Focus,https://www.focus.rw,,,RW,,Business — Rwanda
📰 Media & Testate Giornalistiche,Africa,Sahara Médias,https://www.saharamedias.net,https://saharamedias.net/feed/,AR/FR,MR,,Mauritania — testata principale
📰 Media & Testate Giornalistiche,Africa,SenePlus,https://www.seneplus.com,,FR,SN,,Senegal — opinione e analisi
📰 Media & Testate Giornalistiche,Africa,Seneweb,https://www.seneweb.com,https://www.seneweb.com/feed,FR,SN,,Senegal — portale più visitato
📰 Media & Testate Giornalistiche,Africa,Seychelles Nation,https://www.nation.sc,,EN/FR,SC,,Seychelles — quotidiano nazionale
📰 Media & Testate Giornalistiche,Africa,Seychelles News Agency,https://www.seychellesnewsagency.com,,EN,SC,,Seychelles
📰 Media & Testate Giornalistiche,Africa,Shabait (Eritrea Profile),https://shabait.com,https://shabait.com/feed/,EN/TI/AR,ER,,Eritrea — media di stato (Min. Informazione)
📰 Media & Testate Giornalistiche,Africa,Sidwaya,https://www.sidwaya.info,https://www.sidwaya.info/feed/,FR,BF,,Burkina Faso — quotidiano di stato
📰 Media & Testate Giornalistiche,Africa,SOS Médias Burundi,https://www.sosmediasburundi.org,https://www.sosmediasburundi.org/feed/,FR,BI,,Burundi — rete giornalisti indipendenti
📰 Media & Testate Giornalistiche,Africa,Sowetan,https://www.sowetanlive.co.za,,EN,ZA,,Sudafrica township
📰 Media & Testate Giornalistiche,Africa,State Information Service,https://sis.gov.eg,,EN,EG,,"Testata nazionale — Egypt · fonte aggregatore, verifica consigliata"
📰 Media & Testate Giornalistiche,Africa,Studio Kalangou,https://www.studiokalangou.org,,FR/HA,NE,,Niger — radio/news (Fondation Hirondelle)
📰 Media & Testate Giornalistiche,Africa,Studio Tamani,https://www.studiotamani.org,,,ML,,Radio — Mali
📰 Media & Testate Giornalistiche,Africa,Sudan Tribune,https://sudantribune.com,https://sudantribune.com/rss,EN,SD,,Sudan
📰 Media & Testate Giornalistiche,Africa,Sudans Post,https://www.sudanspost.com,https://www.sudanspost.com/feed/,EN,SD,,Sud Sudan — testata online
📰 Media & Testate Giornalistiche,Africa,Sunday Standard Botswana,https://www.sundaystandard.info,https://www.sundaystandard.info/feed/,EN,BW,,Botswana
📰 Media & Testate Giornalistiche,Africa,Tchadinfos,https://tchadinfos.com,https://tchadinfos.com/feed/,FR,TD,,Ciad — portale news principale
📰 Media & Testate Giornalistiche,Africa,Tel Quel,https://telquel.ma,,FR,MA,,Marocco quality
📰 Media & Testate Giornalistiche,Africa,Tell Magazine,https://tell.ng,https://tell.ng/feed/,EN,NG,,"Testata/portale — Nigeria · fonte aggregatore, verifica consigliata"
📰 Media & Testate Giornalistiche,Africa,The Citizen,https://www.thecitizen.co.tz,https://www.thecitizen.co.tz/feed,EN,TZ,,Tanzania
📰 Media & Testate Giornalistiche,Africa,The Conversation Africa,https://theconversation.com/africa,,EN,,,Africa accademica
📰 Media & Testate Giornalistiche,Africa,The Egyptian Gazette,https://egyptian-gazette.com,,EN,EG,,"Testata nazionale — Egypt · fonte aggregatore, verifica consigliata"
📰 Media & Testate Giornalistiche,Africa,The Fourth Estate Ghana,https://thefourthestategh.com,https://thefourthestategh.com/feed/,EN,GH,,Ghana investigativo
📰 Media & Testate Giornalistiche,Africa,The Independent Mauritius,https://www.lexpress.mu,,FR/EN,MU,,Mauritius
📰 Media & Testate Giornalistiche,Africa,The Libya Observer,https://www.libyaobserver.ly,https://www.libyaobserver.ly/feed,EN,LY,,Testata online in inglese — Libia
📰 Media & Testate Giornalistiche,Africa,The Monitor,https://www.monitor.co.ug,https://www.monitor.co.ug/rss,EN,UG,,Quality
📰 Media & Testate Giornalistiche,Africa,The Namibian,https://www.namibian.com.na,https://www.namibian.com.na/rss/,EN,NA,,Quality — Namibia
📰 Media & Testate Giornalistiche,Africa,The Nation,https://thenationonlineng.net,,EN,NG,,"Testata/portale — Nigeria · fonte aggregatore, verifica consigliata"
📰 Media & Testate Giornalistiche,Africa,The Nation (Malawi),https://mwnation.com,https://mwnation.com/feed/,EN,MW,,Malawi — quotidiano principale
📰 Media & Testate Giornalistiche,Africa,The New Times Rwanda,https://www.newtimes.co.rw,,,RW,,Gov-leaning — Rwanda
📰 Media & Testate Giornalistiche,Africa,The Point,https://thepoint.gm,https://thepoint.gm/posts/rss/xml,EN,GM,,Gambia — quotidiano principale
📰 Media & Testate Giornalistiche,Africa,The Reporter Ethiopia,https://www.thereporterethiopia.com,https://www.thereporterethiopia.com/feed/,EN/AM,ET,,Etiopia
📰 Media & Testate Giornalistiche,Africa,The South African,https://www.thesouthafrican.com,https://www.thesouthafrican.com/feed/,EN,ZA,,"Testata nazionale — South Africa · fonte aggregatore, verifica consigliata"
📰 Media & Testate Giornalistiche,Africa,The Standard (Gambia),https://standard.gm,https://standard.gm/feed/,EN,GM,,Gambia — quotidiano
📰 Media & Testate Giornalistiche,Africa,The Star,https://www.the-star.co.ke,,EN,KE,,"Testata nazionale — Kenya · fonte aggregatore, verifica consigliata"
📰 Media & Testate Giornalistiche,Africa,The Star SA,https://www.iol.co.za/the-star,https://iol.co.za/rss/iol/the-star/,,ZA,,Johannesburg — Sudafrica
📰 Media & Testate Giornalistiche,Africa,The Statesman,https://www.thestatesmanonline.com,https://thestatesmanonline.com/feed/,EN,GH,,"Testata nazionale — Ghana · fonte aggregatore, verifica consigliata"
📰 Media & Testate Giornalistiche,Africa,The Sun,https://www.sunnewsonline.com,,EN,NG,,"Testata/portale — Nigeria · fonte aggregatore, verifica consigliata"
📰 Media & Testate Giornalistiche,Africa,The Zimbabwean,https://www.thezimbabwean.co,https://www.thezimbabwean.co/feed/,EN,ZW,,Zimbabwe indip.
📰 Media & Testate Giornalistiche,Africa,TheWill,https://www.thewillnigeria.com,https://thewillnews.com/feed/,EN,NG,,"Testata/portale — Nigeria · fonte aggregatore, verifica consigliata"
📰 Media & Testate Giornalistiche,Africa,This Day Nigeria,https://www.thisdaylive.com,,EN,NG,,Nigeria business
📰 Media & Testate Giornalistiche,Africa,Times of Eswatini,https://www.times.co.sz,https://times.co.sz/feed/,EN,SZ,,Eswatini — quotidiano principale
📰 Media & Testate Giornalistiche,Africa,TimesLIVE,https://www.timeslive.co.za,,EN,ZA,,Sudafrica
📰 Media & Testate Giornalistiche,Africa,Togo First,https://www.togofirst.com,,FR/EN,TG,,Togo — economia e business
📰 Media & Testate Giornalistiche,Africa,TRT Africa,https://www.trtworld.com/africa,https://www.trtworld.com/rss,EN,TR,,"Turchia — emittente pubblica statale, edizione Africa"
📰 Media & Testate Giornalistiche,Africa,Tuko.co.ke,https://www.tuko.co.ke,,,KE,,Online — Kenya
📰 Media & Testate Giornalistiche,Africa,Tunisia Live,https://www.tunisia-live.net,https://www.tunisia-live.net/feed/,EN,TN,,Tunisia
📰 Media & Testate Giornalistiche,Africa,TV5 Monde Afrique,https://information.tv5monde.com/afrique,,FR,FR,,TV Africa francofona
📰 Media & Testate Giornalistiche,Africa,Téla Nón,https://www.telanon.info,https://www.telanon.info/feed/,PT,ST,,São Tomé e Príncipe — testata principale
📰 Media & Testate Giornalistiche,Africa,Vanguard Nigeria,https://www.vanguardngr.com,,EN,NG,,Nigeria
📰 Media & Testate Giornalistiche,Africa,Ventures Africa,https://venturesafrica.com,,EN,Pan-Africa,,"Testata/portale — Pan-Africa · fonte aggregatore, verifica consigliata"
📰 Media & Testate Giornalistiche,Africa,Watani,https://en.wataninet.com,,EN,EG,,"Testata nazionale — Egypt · fonte aggregatore, verifica consigliata"
📰 Media & Testate Giornalistiche,Africa,Weekend Argus,https://www.iol.co.za/weekend-argus,https://iol.co.za/rss/iol/weekend-argus/,,ZA,,Sudafrica
📰 Media & Testate Giornalistiche,Africa,Youm7,https://www.youm7.com,,AR,EG,,Egitto — Egyptian Media Group; proprietà ricondotta ai servizi di intelligence secondo il Media Ownership Monitor (RSF)
📰 Media & Testate Giornalistiche,Africa,Zambia Daily Mail,https://www.daily-mail.co.zm,https://www.daily-mail.co.zm/feed/,EN,ZM,,Zambia
📰 Media & Testate Giornalistiche,Africa,ZELA Zimbabwe,https://www.zela.org,https://zela.org/feed/,EN,ZW,,Zimbabwe diritti
📰 Media & Testate Giornalistiche,Africa,Zimbabwe Herald,https://www.herald.co.zw,,,ZW,,Gov — Zimbabwe
📰 Media & Testate Giornalistiche,Africa,Zimbabwe Independent,https://theindependent.co.zw,,EN,ZW,,Zimbabwe
📰 Media & Testate Giornalistiche,Africa,ZimEye,https://www.zimeye.net,https://www.zimeye.net/feed/,,ZW,,Diaspora — Zimbabwe
📰 Media & Testate Giornalistiche,Africa,Zitamar News,https://www.zitamar.com,https://www.zitamar.com/rss/,EN,MZ,,Mozambico — economia e sicurezza
📰 Media & Testate Giornalistiche,Medio Oriente & Nord Africa (MENA),+972 Arabic (Local Call),https://www.972mag.com/arabic,,,PS/IL,,Palestina/IL
📰 Media & Testate Giornalistiche,Medio Oriente & Nord Africa (MENA),180post,https://180post.com,https://180post.com/feed,,LB,,Policy — Libano
📰 Media & Testate Giornalistiche,Medio Oriente & Nord Africa (MENA),7iber,https://www.7iber.com,https://www.7iber.com/feed/,AR,JO,,Giordania investigativo — Giordania Inv.
📰 Media & Testate Giornalistiche,Medio Oriente & Nord Africa (MENA),Al Arabiya (English),https://english.alarabiya.net,,EN,SA,,Arabia Saudita
📰 Media & Testate Giornalistiche,Medio Oriente & Nord Africa (MENA),Al Jazeera Arabic,https://www.aljazeera.net,https://www.aljazeera.net/xml/rss/all.xml,AR,QA,,Qatar — finanziata dallo stato del Qatar; edizione araba
📰 Media & Testate Giornalistiche,Medio Oriente & Nord Africa (MENA),Al Jazeera English,https://www.aljazeera.com,https://www.aljazeera.com/xml/rss/all.xml,EN,QA,,"Qatar — finanziata dallo stato del Qatar; edizione inglese, copertura globale"
📰 Media & Testate Giornalistiche,Medio Oriente & Nord Africa (MENA),Al-Jumhuriya (Syria),https://aljumhuriya.net,,AR,SY,,Siria indip.
📰 Media & Testate Giornalistiche,Medio Oriente & Nord Africa (MENA),Al-Masdar Online,https://almasdaronline.com,,AR/EN,YE,,Yemen — testata indipendente
📰 Media & Testate Giornalistiche,Medio Oriente & Nord Africa (MENA),Al-Masry Al-Youm,https://www.almasryalyoum.com,,,EG,,Mass media — Egitto
📰 Media & Testate Giornalistiche,Medio Oriente & Nord Africa (MENA),Al-Modon,https://www.almodon.com,,,Pan-Arab,,Libano-based
📰 Media & Testate Giornalistiche,Medio Oriente & Nord Africa (MENA),Al-Quds,https://www.alquds.com,,AR,PS,,Palestina — quotidiano storico
📰 Media & Testate Giornalistiche,Medio Oriente & Nord Africa (MENA),Al-Quds Al-Arabi,https://www.alquds.co.uk,,EN,GB,,Londra/Pan-Arab
📰 Media & Testate Giornalistiche,Medio Oriente & Nord Africa (MENA),AL24 News,https://al24news.dz,https://al24news.dz/feed/,EN,DZ,,"Testata — Algeria · fonte aggregatore, verifica consigliata"
📰 Media & Testate Giornalistiche,Medio Oriente & Nord Africa (MENA),Ammon News,https://en.ammonnews.net,,,JO,,Online — Giordania
📰 Media & Testate Giornalistiche,Medio Oriente & Nord Africa (MENA),An-Nahar,https://www.annahar.com,,AR,LB,,Libano — quotidiano storico
📰 Media & Testate Giornalistiche,Medio Oriente & Nord Africa (MENA),Anadolu Agency,https://www.aa.com.tr,,TR/EN/Multi,TR,,Turchia — agenzia di stato
📰 Media & Testate Giornalistiche,Medio Oriente & Nord Africa (MENA),APS — Algérie Presse Service,https://www.aps.dz,,FR,DZ,,"Testata — Algeria · fonte aggregatore, verifica consigliata"
📰 Media & Testate Giornalistiche,Medio Oriente & Nord Africa (MENA),Arab News,https://www.arabnews.com,https://www.arabnews.com/rss.xml,EN,SA,,"Arabia Saudita — gruppo SRMG, azionariato di controllo riconducibile al fondo sovrano PIF"
📰 Media & Testate Giornalistiche,Medio Oriente & Nord Africa (MENA),Arab Reporters Inv. (ARIJ),https://en.arij.net,,EN/AR,JO,,Pan-Arab investigativo
📰 Media & Testate Giornalistiche,Medio Oriente & Nord Africa (MENA),Arab Times,https://www.arabtimesonline.com,,EN,KW,,Kuwait — quotidiano anglofono
📰 Media & Testate Giornalistiche,Medio Oriente & Nord Africa (MENA),Arab48,https://www.arab48.com,https://www.arab48.com/rss,AR,IL,,Arabi Israele
📰 Media & Testate Giornalistiche,Medio Oriente & Nord Africa (MENA),Arabian Business,https://www.arabianbusiness.com,,,Golfo,,Business — Gulf
📰 Media & Testate Giornalistiche,Medio Oriente & Nord Africa (MENA),ARY News,https://arynews.tv,,,PK,,Pakistan — TV
📰 Media & Testate Giornalistiche,Medio Oriente & Nord Africa (MENA),Aujourd'hui le Maroc,https://aujourdhui.ma,,FR,MA,,"Testata — Morocco · testata nazionale nota, verifica consigliata"
📰 Media & Testate Giornalistiche,Medio Oriente & Nord Africa (MENA),Bahrain Watch,https://bahrainwatch.org,,,BH,,HR inv. — Bahrain
📰 Media & Testate Giornalistiche,Medio Oriente & Nord Africa (MENA),Bas News,https://www.basnews.com/en,,,IQ,,Kurdistan
📰 Media & Testate Giornalistiche,Medio Oriente & Nord Africa (MENA),BBC Arabic,https://www.bbc.com/arabic,,AR,GB,,UK/MENA
📰 Media & Testate Giornalistiche,Medio Oriente & Nord Africa (MENA),Bianet,https://bianet.org,,TR/EN,TR,,Turchia — rete giornalismo indipendente
📰 Media & Testate Giornalistiche,Medio Oriente & Nord Africa (MENA),BirGün,https://www.birgun.net,,TR,TR,,Turchia — quotidiano opposizione
📰 Media & Testate Giornalistiche,Medio Oriente & Nord Africa (MENA),BNA — Bahrain News Agency,https://www.bna.bh,,AR/EN,BH,,Bahrein — agenzia di stato
📰 Media & Testate Giornalistiche,Medio Oriente & Nord Africa (MENA),Business News,https://www.businessnews.com.tn,,FR,TN,,"Testata — Tunisia · testata nazionale nota, verifica consigliata"
📰 Media & Testate Giornalistiche,Medio Oriente & Nord Africa (MENA),Calcalist,https://www.calcalist.co.il,,HE,IL,,Israele — economico principale
📰 Media & Testate Giornalistiche,Medio Oriente & Nord Africa (MENA),Cumhuriyet,https://www.cumhuriyet.com.tr,,TR,TR,,Turchia — quotidiano laico storico
📰 Media & Testate Giornalistiche,Medio Oriente & Nord Africa (MENA),Daily Pakistan,https://en.dailypakistan.com.pk,https://en.dailypakistan.com.pk/feed,,PK,,Online — Pakistan
📰 Media & Testate Giornalistiche,Medio Oriente & Nord Africa (MENA),Daily Star Lebanon,https://www.dailystar.com.lb,,EN,LB,,Libano
📰 Media & Testate Giornalistiche,Medio Oriente & Nord Africa (MENA),Doha News,https://dohanews.co,https://dohanews.co/feed/,EN,QA,,Qatar — testata digitale
📰 Media & Testate Giornalistiche,Medio Oriente & Nord Africa (MENA),Dünya,https://www.dunya.com,,TR,TR,,Turchia — economico
📰 Media & Testate Giornalistiche,Medio Oriente & Nord Africa (MENA),Echorouk Online,https://www.echoroukonline.com,,AR,DZ,,"Testata — Algeria · fonte aggregatore, verifica consigliata"
📰 Media & Testate Giornalistiche,Medio Oriente & Nord Africa (MENA),El Khabar,https://www.elkhabar.com,,AR,DZ,,"Testata — Algeria · testata nazionale nota, verifica consigliata"
📰 Media & Testate Giornalistiche,Medio Oriente & Nord Africa (MENA),El Moudjahid,https://www.elmoudjahid.dz,,FR,DZ,,"Testata — Algeria · testata nazionale nota, verifica consigliata"
📰 Media & Testate Giornalistiche,Medio Oriente & Nord Africa (MENA),Enab Baladi,https://english.enabbaladi.net,https://english.enabbaladi.net/feed/,EN/AR,SY,,Siria
📰 Media & Testate Giornalistiche,Medio Oriente & Nord Africa (MENA),Gazete Duvar,https://www.gazeteduvar.com.tr,,TR,TR,,Turchia — testata indipendente
📰 Media & Testate Giornalistiche,Medio Oriente & Nord Africa (MENA),Globes,https://en.globes.co.il,https://en.globes.co.il/WebService/Rss/RssFeeder.asmx/FeederNode?iID=942,HE/EN,IL,,Israele — quotidiano economico
📰 Media & Testate Giornalistiche,Medio Oriente & Nord Africa (MENA),Gulf Business,https://gulfbusiness.com,,,Golfo,,Business — Gulf
📰 Media & Testate Giornalistiche,Medio Oriente & Nord Africa (MENA),Gulf Daily News,https://www.gdnonline.com,,EN,BH,,Bahrein — quotidiano anglofono
📰 Media & Testate Giornalistiche,Medio Oriente & Nord Africa (MENA),Gulf News,https://gulfnews.com,https://gulfnews.com/rss,EN,AE,,"Emirati Arabi Uniti — privata (Al Nisr Publishing), Dubai"
📰 Media & Testate Giornalistiche,Medio Oriente & Nord Africa (MENA),Gulf Times,https://www.gulf-times.com,,EN,QA,,Qatar — quotidiano anglofono
📰 Media & Testate Giornalistiche,Medio Oriente & Nord Africa (MENA),Haaretz English,https://www.haaretz.com,https://www.haaretz.com/rss/feed.xml,EN,IL,,Israele
📰 Media & Testate Giornalistiche,Medio Oriente & Nord Africa (MENA),HRANA Iran,https://www.en-hrana.org,https://www.en-hrana.org/feed/,EN,IR,,Iran
📰 Media & Testate Giornalistiche,Medio Oriente & Nord Africa (MENA),Hürriyet,https://www.hurriyet.com.tr,,TR,TR,,Turchia — quotidiano principale
📰 Media & Testate Giornalistiche,Medio Oriente & Nord Africa (MENA),i24NEWS,https://www.i24news.tv,,EN/FR/AR,IL,,"Israele — privata, gruppo Altice (Patrick Drahi); all-news internazionale"
📰 Media & Testate Giornalistiche,Medio Oriente & Nord Africa (MENA),Iran Focus,https://iranfocus.com,https://iranfocus.com/feed/,,IR,,Diaspora inv. — Iran
📰 Media & Testate Giornalistiche,Medio Oriente & Nord Africa (MENA),Iran International,https://www.iranintl.com,https://www.iranintl.com/en/rss,EN,IR,,Iran indip.
📰 Media & Testate Giornalistiche,Medio Oriente & Nord Africa (MENA),Iran Wire,https://iranwire.com,https://iranwire.com/feed/,,IR,,Indip. — Iran
📰 Media & Testate Giornalistiche,Medio Oriente & Nord Africa (MENA),Iraq Oil Report,https://www.iraqoilreport.com,https://www.iraqoilreport.com/feed/,EN,IQ,,Iraq petrolio
📰 Media & Testate Giornalistiche,Medio Oriente & Nord Africa (MENA),Iraqi News,https://www.iraqinews.com,https://www.iraqinews.com/feed/,,IQ,,English — Iraq
📰 Media & Testate Giornalistiche,Medio Oriente & Nord Africa (MENA),Jerusalem Post,https://www.jpost.com,https://www.jpost.com/rss/rssfeedsworld.aspx,EN,IL,,Israele
📰 Media & Testate Giornalistiche,Medio Oriente & Nord Africa (MENA),Jordan News,https://www.jordannews.jo,,,JO,,English — Giordania
📰 Media & Testate Giornalistiche,Medio Oriente & Nord Africa (MENA),Jordan Times,https://www.jordantimes.com,https://www.jordantimes.com/rss,EN,JO,,Giordania
📰 Media & Testate Giornalistiche,Medio Oriente & Nord Africa (MENA),Kapitalis,https://kapitalis.com,https://kapitalis.com/tunisie/feed/,FR,TN,,"Testata — Tunisia · testata nazionale nota, verifica consigliata"
📰 Media & Testate Giornalistiche,Medio Oriente & Nord Africa (MENA),Kayhan London,https://kayhan.london,https://kayhan.london/feed/,FA/EN,IR,,Iran diaspora
📰 Media & Testate Giornalistiche,Medio Oriente & Nord Africa (MENA),Khaleej Times,https://www.khaleejtimes.com,https://www.khaleejtimes.com/api/v1/collections/top-section.rss,EN,AE,,Dubai
📰 Media & Testate Giornalistiche,Medio Oriente & Nord Africa (MENA),KUNA,https://www.kuna.net.kw,,AR/EN,KW,,Kuwait — agenzia di stato
📰 Media & Testate Giornalistiche,Medio Oriente & Nord Africa (MENA),Kurdistan 24,https://www.kurdistan24.net,,EN/KU,IQ,,Kurdistan
📰 Media & Testate Giornalistiche,Medio Oriente & Nord Africa (MENA),Kuwait Times,https://kuwaittimes.com,,EN,KW,,Kuwait — quotidiano anglofono
📰 Media & Testate Giornalistiche,Medio Oriente & Nord Africa (MENA),L'Orient Today,https://www.lorientlejour.com,https://www.lorientlejour.com/rss/lol.rss,EN/FR,LB,,Libano
📰 Media & Testate Giornalistiche,Medio Oriente & Nord Africa (MENA),L'Économiste,https://www.leconomiste.com,,FR,MA,,"Testata — Morocco · testata nazionale nota, verifica consigliata"
📰 Media & Testate Giornalistiche,Medio Oriente & Nord Africa (MENA),LANA — Libyan News Agency,https://www.lana-news.ly,,AR,LY,,"Testata — Libya · fonte aggregatore, verifica consigliata"
📰 Media & Testate Giornalistiche,Medio Oriente & Nord Africa (MENA),Le Matin,https://lematin.ma,,FR,MA,,"Testata — Morocco · testata nazionale nota, verifica consigliata"
📰 Media & Testate Giornalistiche,Medio Oriente & Nord Africa (MENA),Le Quotidien d'Oran,https://www.lequotidien-oran.com,https://lequotidien-oran.dz/rss.xml,FR,DZ,,"Testata — Algeria · testata nazionale nota, verifica consigliata"
📰 Media & Testate Giornalistiche,Medio Oriente & Nord Africa (MENA),Le360,https://le360.ma,,FR,MA,,"Testata — Morocco · testata nazionale nota, verifica consigliata"
📰 Media & Testate Giornalistiche,Medio Oriente & Nord Africa (MENA),Libya Monitor,https://www.libyamonitor.com,https://www.libyamonitor.com/rss.xml,EN,LY,,"Testata — Libya · fonte aggregatore, verifica consigliata"
📰 Media & Testate Giornalistiche,Medio Oriente & Nord Africa (MENA),Libya Prospect,https://libyaprospect.com,https://libyaprospect.com/feed/,EN,LY,,"Testata — Libya · fonte aggregatore, verifica consigliata"
📰 Media & Testate Giornalistiche,Medio Oriente & Nord Africa (MENA),Libyan Express,https://www.libyanexpress.com,https://www.libyanexpress.com/feed/,EN,LY,,"Testata — Libya · fonte aggregatore, verifica consigliata"
📰 Media & Testate Giornalistiche,Medio Oriente & Nord Africa (MENA),Maeen Yemen,https://maeen.com,,AR,YE,,Yemen
📰 Media & Testate Giornalistiche,Medio Oriente & Nord Africa (MENA),Maroc Press,https://www.marocpress.com,,AR,MA,,"Testata — Morocco · fonte aggregatore, verifica consigliata"
📰 Media & Testate Giornalistiche,Medio Oriente & Nord Africa (MENA),Medyascope,https://medyascope.tv,https://medyascope.tv/feed/,TR,TR,,Turchia — web TV indipendente
📰 Media & Testate Giornalistiche,Medio Oriente & Nord Africa (MENA),Megaphone,https://megaphone.news,,AR,LB,,"Media digitale indipendente, Beirut — Libano"
📰 Media & Testate Giornalistiche,Medio Oriente & Nord Africa (MENA),MENAFN,https://menafn.com,,,MENA,,Finance news
📰 Media & Testate Giornalistiche,Medio Oriente & Nord Africa (MENA),Middle East Eye,https://www.middleeasteye.net,https://www.middleeasteye.net/rss,EN,GB,,Medio Oriente — MENA
📰 Media & Testate Giornalistiche,Medio Oriente & Nord Africa (MENA),Middle East Monitor,https://www.middleeastmonitor.com,https://www.middleeastmonitor.com/comments/feed/,,GB/MENA,,UK/MENA
📰 Media & Testate Giornalistiche,Medio Oriente & Nord Africa (MENA),Morocco World News,https://www.moroccoworldnews.com,https://www.moroccoworldnews.com/feed/,,MA,,English — Marocco
📰 Media & Testate Giornalistiche,Medio Oriente & Nord Africa (MENA),Mosaïque FM,https://www.mosaiquefm.net,,FR,TN,,"Testata — Tunisia · testata nazionale nota, verifica consigliata"
📰 Media & Testate Giornalistiche,Medio Oriente & Nord Africa (MENA),Muscat Daily,https://www.muscatdaily.com,,EN,OM,,Oman — quotidiano
📰 Media & Testate Giornalistiche,Medio Oriente & Nord Africa (MENA),Naharnet,https://www.naharnet.com,https://www.naharnet.com/tags/lebanon/en/feed.atom,EN,LB,,Libano — news in inglese
📰 Media & Testate Giornalistiche,Medio Oriente & Nord Africa (MENA),Oman Observer,https://www.omanobserver.om,,EN,OM,,Oman — quotidiano di stato
📰 Media & Testate Giornalistiche,Medio Oriente & Nord Africa (MENA),Petra (Jordan),https://petra.gov.jo,,EN/AR,JO,,Giordania agenzia
📰 Media & Testate Giornalistiche,Medio Oriente & Nord Africa (MENA),Press TV,https://www.presstv.ir,,EN,IR,,Iran — emittente di stato in inglese (gruppo IRIB)
📰 Media & Testate Giornalistiche,Medio Oriente & Nord Africa (MENA),QNA (Qatar),https://www.qna.org.qa,,EN,QA,,Qatar agenzia
📰 Media & Testate Giornalistiche,Medio Oriente & Nord Africa (MENA),Radio Free Europe (Persia),https://www.radiofarda.com,,FA,IR,,Iran
📰 Media & Testate Giornalistiche,Medio Oriente & Nord Africa (MENA),Radio Zamaneh,https://www.radiozamaneh.com,https://www.radiozamaneh.com/feed,FA/EN,IR,,Iran
📰 Media & Testate Giornalistiche,Medio Oriente & Nord Africa (MENA),Raseef22,https://raseef22.net,https://raseef22.net/feed/,AR,LB,,Pan-Arab youth
📰 Media & Testate Giornalistiche,Medio Oriente & Nord Africa (MENA),Rudaw,https://www.rudaw.net/english,https://www.rudaw.net/english/rss,EN,IQ,,Kurdistan iracheno
📰 Media & Testate Giornalistiche,Medio Oriente & Nord Africa (MENA),Samaa TV,https://www.samaa.tv,,,PK,,Pakistan — TV
📰 Media & Testate Giornalistiche,Medio Oriente & Nord Africa (MENA),SANA,https://sana.sy,https://sana.sy/feed/,AR/EN,SY,,Siria — agenzia di stato
📰 Media & Testate Giornalistiche,Medio Oriente & Nord Africa (MENA),Saudi Gazette,https://saudigazette.com.sa,,EN,SA,,Arabia Saudita — privata (Okaz Organization)
📰 Media & Testate Giornalistiche,Medio Oriente & Nord Africa (MENA),Shafaq News,https://shafaq.com,,AR/EN/KU,IQ,,Iraq — agenzia news
📰 Media & Testate Giornalistiche,Medio Oriente & Nord Africa (MENA),Sky News Arabia,https://www.skynewsarabia.com,https://www.skynewsarabia.com/rss,AR,AE,,Abu Dhabi
📰 Media & Testate Giornalistiche,Medio Oriente & Nord Africa (MENA),South24,https://south24.net,,AR/EN,YE,,Yemen — centro studi/news sud Yemen
📰 Media & Testate Giornalistiche,Medio Oriente & Nord Africa (MENA),Sowt (Lebanon),https://sowt.com,,AR,LB,,Libano podcast
📰 Media & Testate Giornalistiche,Medio Oriente & Nord Africa (MENA),SPA — Saudi Press Agency,https://www.spa.gov.sa,,AR/EN,SA,,Arabia Saudita — agenzia di stato
📰 Media & Testate Giornalistiche,Medio Oriente & Nord Africa (MENA),Syria Direct,https://syriadirect.org,https://syriadirect.org/feed/,EN,JO,,Siria investigativo — Siria Inv.
📰 Media & Testate Giornalistiche,Medio Oriente & Nord Africa (MENA),Sözcü,https://www.sozcu.com.tr,,TR,TR,,Turchia — quotidiano opposizione
📰 Media & Testate Giornalistiche,Medio Oriente & Nord Africa (MENA),T24,https://t24.com.tr,,TR,TR,,Turchia — testata digitale indipendente
📰 Media & Testate Giornalistiche,Medio Oriente & Nord Africa (MENA),TAP — Tunis Afrique Presse,https://www.tap.info.tn,,FR,TN,,"Testata — Tunisia · fonte aggregatore, verifica consigliata"
📰 Media & Testate Giornalistiche,Medio Oriente & Nord Africa (MENA),The National UAE,https://www.thenationalnews.com,https://www.thenationalnews.com/rss,EN,AE,,UAE
📰 Media & Testate Giornalistiche,Medio Oriente & Nord Africa (MENA),The Peninsula,https://thepeninsulaqatar.com,,EN,QA,,Qatar — quotidiano anglofono
📰 Media & Testate Giornalistiche,Medio Oriente & Nord Africa (MENA),The Public Source,https://thepublicsource.org,,EN/AR,LB,,"Giornalismo locale indipendente, Beirut — Libano"
📰 Media & Testate Giornalistiche,Medio Oriente & Nord Africa (MENA),The Syria Report,https://syria-report.com,https://syria-report.com/feed/,EN,SY,,Siria — economia e ricostruzione
📰 Media & Testate Giornalistiche,Medio Oriente & Nord Africa (MENA),The Tripoli Post,https://www.tripolipost.com,,EN,LY,,"Testata — Libya · fonte aggregatore, verifica consigliata"
📰 Media & Testate Giornalistiche,Medio Oriente & Nord Africa (MENA),Times of Israel,https://www.timesofisrael.com,https://www.timesofisrael.com/feed/,EN,IL,,Israele
📰 Media & Testate Giornalistiche,Medio Oriente & Nord Africa (MENA),Times of Oman,https://www.timesofoman.com,https://www.timesofoman.com/rss,EN,OM,,Oman
📰 Media & Testate Giornalistiche,Medio Oriente & Nord Africa (MENA),TRT Haber,https://www.trthaber.com,,TR,TR,,Turchia — all-news pubblica
📰 Media & Testate Giornalistiche,Medio Oriente & Nord Africa (MENA),TSA Algérie,https://www.tsa-algerie.com,https://www.tsa-algerie.com/feed/,,DZ,,Online — Algeria
📰 Media & Testate Giornalistiche,Medio Oriente & Nord Africa (MENA),Tunisie Numérique,https://www.tunisienumerique.com,https://www.tunisienumerique.com/feed/,FR,TN,,"Testata — Tunisia · testata nazionale nota, verifica consigliata"
📰 Media & Testate Giornalistiche,Medio Oriente & Nord Africa (MENA),WAFA,https://english.wafa.ps,,AR/EN,PS,,Palestina — agenzia ufficiale
📰 Media & Testate Giornalistiche,Medio Oriente & Nord Africa (MENA),WAM — Emirates News Agency,https://wam.ae,,AR/EN/Multi,AE,,EAU — agenzia di stato
📰 Media & Testate Giornalistiche,Medio Oriente & Nord Africa (MENA),Yabiladi Morocco,https://www.yabiladi.com,https://www.yabiladi.com/rss,,MA,,Diaspora — Marocco
📰 Media & Testate Giornalistiche,Medio Oriente & Nord Africa (MENA),Yemen Monitor,https://yemenmonitor.com,https://www.yemenmonitor.com/feed,,YE,,English — Yemen
📰 Media & Testate Giornalistiche,Medio Oriente & Nord Africa (MENA),Ynetnews,https://www.ynetnews.com,,EN,IL,,Israele — edizione inglese Yedioth
📰 Media & Testate Giornalistiche,Medio Oriente & Nord Africa (MENA),Zan Times,https://zantimes.com,,,IR/AF,,Donne — Iran/Afghanistan
📰 Media & Testate Giornalistiche,Medio Oriente & Nord Africa (MENA),Zawya,https://www.zawya.com,,,Golfo,,Business/Finance — Gulf
📰 Media & Testate Giornalistiche,Asia & Pacifico,38 North (Stimson Center),https://www.38north.org,,EN,US,,Corea del Nord — analisi
📰 Media & Testate Giornalistiche,Asia & Pacifico,7NEWS,https://7news.com.au,,EN,AU,,Australia — Seven Network
📰 Media & Testate Giornalistiche,Asia & Pacifico,9News,https://www.9news.com.au,,EN,AU,,Australia — Nine Network
📰 Media & Testate Giornalistiche,Asia & Pacifico,Aaj Tak,https://www.aajtak.in,,HI,IN,,India — all-news hindi più visto
📰 Media & Testate Giornalistiche,Asia & Pacifico,ABC News (AU),https://www.abc.net.au/news,,EN,AU,,Australia
📰 Media & Testate Giornalistiche,Asia & Pacifico,Afghanistan Analysts Network,https://www.afghanistan-analysts.org,,,AF,,Afghanistan
📰 Media & Testate Giornalistiche,Asia & Pacifico,AKIpress,https://akipress.com,,EN/RU,KG,,Kirghizistan — agenzia regionale
📰 Media & Testate Giornalistiche,Asia & Pacifico,Alt News,https://www.altnews.in,https://www.altnews.in/feed/,EN,IN,,Fact-checking India
📰 Media & Testate Giornalistiche,Asia & Pacifico,Amar Ujala,https://www.amarujala.com,,HI,IN,,"India — hindi, UP/Uttarakhand"
📰 Media & Testate Giornalistiche,Asia & Pacifico,Anandabazar Patrika,https://www.anandabazar.com,,BN,IN,,Bengala Occidentale — bengali principale
📰 Media & Testate Giornalistiche,Asia & Pacifico,Apple Daily HK (archivio),https://hk.appledaily.com,https://appledaily.com/feed/,ZH,HK,,HK (cessato)
📰 Media & Testate Giornalistiche,Asia & Pacifico,Asahi Shimbun,https://www.asahi.com/ajw,,EN/JA,JP,,Giappone quality
📰 Media & Testate Giornalistiche,Asia & Pacifico,ASD ACSC Australia,https://www.cyber.gov.au,,EN,AU,,Australia — CERT
📰 Media & Testate Giornalistiche,Asia & Pacifico,Asia Sentinel,https://www.asiasentinel.com,https://www.asiasentinel.com/feed,,Pan-Asia,,Inv.
📰 Media & Testate Giornalistiche,Asia & Pacifico,Australian Financial Review,https://www.afr.com,,EN,AU,,Business — Australia Business
📰 Media & Testate Giornalistiche,Asia & Pacifico,Bangkok Post,https://www.bangkokpost.com,https://www.bangkokpost.com/rss/data/topstories.xml,EN,TH,,Thailandia
📰 Media & Testate Giornalistiche,Asia & Pacifico,BBS — Bhutan Broadcasting Service,https://www.bbs.bt,https://www.bbs.bt/feed/,EN/DZ,BT,,Bhutan — emittente nazionale
📰 Media & Testate Giornalistiche,Asia & Pacifico,bdnews24,https://bdnews24.com,,,BD,,English — Bangladesh
📰 Media & Testate Giornalistiche,Asia & Pacifico,BenarNews,https://www.benarnews.org,,,SE Asia,,RFE affiliate
📰 Media & Testate Giornalistiche,Asia & Pacifico,Berita Harian Malaysia,https://www.bharian.com.my,,,MY,,Malay-lang — Malaysia
📰 Media & Testate Giornalistiche,Asia & Pacifico,Bernama Malaysia,https://www.bernama.com,,,MY,,Agenzia gov — Malaysia
📰 Media & Testate Giornalistiche,Asia & Pacifico,Bisnis Indonesia,https://www.bisnis.com,,ID,ID,,Indonesia — economico
📰 Media & Testate Giornalistiche,Asia & Pacifico,BOOM Fact Check,https://www.boomlive.in,https://www.boomlive.in/google_feeds.xml,,IN,,Fact-checking India
📰 Media & Testate Giornalistiche,Asia & Pacifico,Borneo Bulletin,https://borneobulletin.com.bn,,EN,BN,,Brunei — quotidiano principale
📰 Media & Testate Giornalistiche,Asia & Pacifico,Borneo Post,https://www.theborneopost.com,,,MY,,Malesia/Borneo
📰 Media & Testate Giornalistiche,Asia & Pacifico,Busan Ilbo,https://www.busan.com,,KO,KR,,"Corea — Busan, quotidiano regionale"
📰 Media & Testate Giornalistiche,Asia & Pacifico,Business Standard,https://www.business-standard.com,,,IN,,Business — India
📰 Media & Testate Giornalistiche,Asia & Pacifico,BusinessWorld,https://www.bworldonline.com,https://bworldonline.com/feed/,EN,PH,,Filippine — economico
📰 Media & Testate Giornalistiche,Asia & Pacifico,CafeF,https://cafef.vn,,VI,VN,,Vietnam — finanza e mercati
📰 Media & Testate Giornalistiche,Asia & Pacifico,Caixin China,https://www.caixin.com,https://www.caixin.com/rss/,ZH,CN,,Cina Business
📰 Media & Testate Giornalistiche,Asia & Pacifico,Cambodia Daily,https://www.cambodiadaily.com,https://www.cambodiadaily.com/feed/,EN,KH,,Cambogia
📰 Media & Testate Giornalistiche,Asia & Pacifico,CamboJA News,https://cambojanews.com,https://cambojanews.com/feed/,EN/KH,KH,,Cambogia — rete giornalisti indipendenti
📰 Media & Testate Giornalistiche,Asia & Pacifico,Cek Fakta (Indonesia),https://cekfakta.tempo.co,,ID,ID,,Indonesia — FC
📰 Media & Testate Giornalistiche,Asia & Pacifico,CERT-In India,https://www.cert-in.org.in,,,IN,,India — CERT
📰 Media & Testate Giornalistiche,Asia & Pacifico,CGTN English,https://www.cgtn.com,,EN,CN,,Cina — emittente di stato (China Media Group)
📰 Media & Testate Giornalistiche,Asia & Pacifico,Channel NewsAsia,https://www.channelnewsasia.com,,,SG,,News — Singapore
📰 Media & Testate Giornalistiche,Asia & Pacifico,China Daily,https://www.chinadaily.com.cn,,EN,CN,,Cina — quotidiano di stato in lingua inglese
📰 Media & Testate Giornalistiche,Asia & Pacifico,China Dialogue,https://chinadialogue.net,https://dialogue.earth/en/feed/,,CN,,Cina ambiente — Analisi
📰 Media & Testate Giornalistiche,Asia & Pacifico,China File,https://www.chinafile.com,https://www.chinafile.com/feed,EN,CN,,Cina Culture
📰 Media & Testate Giornalistiche,Asia & Pacifico,Chosun Ilbo,https://www.chosun.com,,KO,KR,,Corea conservatore
📰 Media & Testate Giornalistiche,Asia & Pacifico,Chronicles of Turkmenistan,https://www.hronikatm.com,https://www.hronikatm.com/feed/,RU/EN,TM,,Turkmenistan — monitoraggio indipendente
📰 Media & Testate Giornalistiche,Asia & Pacifico,Chunichi Shimbun,https://www.chunichi.co.jp,,JA,JP,,Chubu — Nagoya
📰 Media & Testate Giornalistiche,Asia & Pacifico,Colombo Gazette,https://colombogazette.com,,EN,LK,,Sri Lanka
📰 Media & Testate Giornalistiche,Asia & Pacifico,Colombo Telegraph,https://www.colombotelegraph.com,https://www.colombotelegraph.com/index.php/feed/,EN,LK,,Sri Lanka
📰 Media & Testate Giornalistiche,Asia & Pacifico,CommonWealth Magazine,https://english.cw.com.tw,,EN,TW,,Taiwan quality
📰 Media & Testate Giornalistiche,Asia & Pacifico,Crikey,https://www.crikey.com.au,https://www.crikey.com.au/feed/,EN,AU,,Australia — testata indipendente
📰 Media & Testate Giornalistiche,Asia & Pacifico,Daily FT (Sri Lanka),https://www.ft.lk,,EN,LK,,Sri Lanka
📰 Media & Testate Giornalistiche,Asia & Pacifico,Daily Mirror (Sri Lanka),https://www.dailymirror.lk,,EN,LK,,Sri Lanka — quotidiano anglofono
📰 Media & Testate Giornalistiche,Asia & Pacifico,Daily News (Thailandia),https://www.dailynews.co.th,https://www.dailynews.co.th/feed/,TH,TH,,Thailandia — quotidiano
📰 Media & Testate Giornalistiche,Asia & Pacifico,Daily NK,https://www.dailynk.com,https://www.dailynk.com/feed/,EN/KO,KR,,Corea del Nord — fonti interne
📰 Media & Testate Giornalistiche,Asia & Pacifico,Daily Star Bangladesh,https://www.thedailystar.net,,EN,BD,,Bangladesh
📰 Media & Testate Giornalistiche,Asia & Pacifico,Daily Thanthi,https://www.dailythanthi.com,,TA,IN,,Tamil Nadu — tamil più diffuso
📰 Media & Testate Giornalistiche,Asia & Pacifico,Dainik Bhaskar,https://www.bhaskar.com,,HI,IN,,"India — hindi, MP/Rajasthan/Nord"
📰 Media & Testate Giornalistiche,Asia & Pacifico,Dainik Jagran,https://www.jagran.com,,HI,IN,,India — quotidiano hindi più diffuso (UP/Nord)
📰 Media & Testate Giornalistiche,Asia & Pacifico,Dan Tri,https://dantri.com.vn,,VI,VN,,Vietnam — portale news
📰 Media & Testate Giornalistiche,Asia & Pacifico,Deccan Chronicle,https://www.deccanchronicle.com,https://www.deccanchronicle.com/google_feeds.xml,EN,IN,,Sud India — Hyderabad/Chennai
📰 Media & Testate Giornalistiche,Asia & Pacifico,Deccan Herald,https://www.deccanherald.com,,,IN,,South India
📰 Media & Testate Giornalistiche,Asia & Pacifico,DeepSeek,https://www.deepseek.com,,,CN,Freemium,Cina — LLM
📰 Media & Testate Giornalistiche,Asia & Pacifico,Detik.com,https://news.detik.com,https://news.detik.com/googlenews/rss,ID,ID,,Mass media — Indonesia
📰 Media & Testate Giornalistiche,Asia & Pacifico,Dhaka Tribune,https://www.dhakatribune.com,https://www.dhakatribune.com/feed,EN,BD,,Bangladesh
📰 Media & Testate Giornalistiche,Asia & Pacifico,Diamond Online,https://diamond.jp,https://diamond.jp/list/feed/rss/dol,JA,JP,,Giappone — business
📰 Media & Testate Giornalistiche,Asia & Pacifico,Dinamalar,https://www.dinamalar.com,,TA,IN,,Tamil Nadu — tamil
📰 Media & Testate Giornalistiche,Asia & Pacifico,DVB Myanmar,https://english.dvb.no,https://english.dvb.no/feed/,,MM,,Indip. — Myanmar
📰 Media & Testate Giornalistiche,Asia & Pacifico,DVB — Democratic Voice of Burma,https://www.dvb.no,,MY/EN,NO,,Myanmar — media in esilio
📰 Media & Testate Giornalistiche,Asia & Pacifico,East Asia Forum,https://eastasiaforum.org,,,Pan-Asia,,Policy
📰 Media & Testate Giornalistiche,Asia & Pacifico,EastMojo,https://www.eastmojo.com,https://eastmojo.com/feed/,EN,IN,,Nord-Est India — testata digitale
📰 Media & Testate Giornalistiche,Asia & Pacifico,EconomyNext Sri Lanka,https://economynext.com,,,LK,,Economy — Sri Lanka
📰 Media & Testate Giornalistiche,Asia & Pacifico,Eenadu,https://www.eenadu.net,,TE,IN,,Andhra/Telangana — telugu principale
📰 Media & Testate Giornalistiche,Asia & Pacifico,Etilaat-e Roz,https://www.etilaatroz.com,https://www.etilaatroz.com/feed/,FA/EN,AF,,Afghanistan — giornalismo investigativo
📰 Media & Testate Giornalistiche,Asia & Pacifico,Factor Daily,https://factordaily.com,https://factordaily.com/feed/,,IN,,Tech — India
📰 Media & Testate Giornalistiche,Asia & Pacifico,FBC News,https://www.fbcnews.com.fj,https://www.fbcnews.com.fj/feed/,EN,FJ,,Figi — emittente pubblica
📰 Media & Testate Giornalistiche,Asia & Pacifico,Fergana News,https://fergana.agency,,RU,Asia Centrale,,Agenzia indipendente dal 1998 — Uzbekistan e Asia centrale
📰 Media & Testate Giornalistiche,Asia & Pacifico,Fiji Times,https://www.fijitimes.com.fj,,EN,FJ,,Fiji
📰 Media & Testate Giornalistiche,Asia & Pacifico,FijiVillage,https://www.fijivillage.com,,EN,FJ,,Figi — news e radio
📰 Media & Testate Giornalistiche,Asia & Pacifico,Firstpost,https://www.firstpost.com,https://www.firstpost.com/rss,EN,IN,,News — India News
📰 Media & Testate Giornalistiche,Asia & Pacifico,Focusing on Taiwan,https://focustaiwan.tw,,EN,TW,,Taiwan agenzia
📰 Media & Testate Giornalistiche,Asia & Pacifico,Fortify Rights,https://www.fortifyrights.org,,,SE Asia,,Diritti
📰 Media & Testate Giornalistiche,Asia & Pacifico,Free Malaysia Today,https://www.freemalaysiatoday.com,https://www.freemalaysiatoday.com/feeds/rss/headlines,EN,MY,,Malaysia
📰 Media & Testate Giornalistiche,Asia & Pacifico,Free Press Journal,https://www.freepressjournal.in,,EN,IN,,Mumbai — quotidiano storico
📰 Media & Testate Giornalistiche,Asia & Pacifico,Frontline,https://frontline.thehindu.com,https://frontline.thehindu.com/feeder/default.rss,EN,IN,,India — quindicinale (The Hindu)
📰 Media & Testate Giornalistiche,Asia & Pacifico,Gandhara RFE/RL,https://gandhara.rferl.org,,EN,PK,,Pakistan/Afghanistan
📰 Media & Testate Giornalistiche,Asia & Pacifico,Gazeta.uz,https://www.gazeta.uz,https://www.gazeta.uz/oz/rss/,RU/UZ,UZ,,Uzbekistan — portale principale
📰 Media & Testate Giornalistiche,Asia & Pacifico,Geo TV,https://www.geo.tv,https://www.geo.tv/rss,EN,PK,,Pakistan TV
📰 Media & Testate Giornalistiche,Asia & Pacifico,Global Times,https://www.globaltimes.cn,,EN,CN,,Cina — testata del gruppo People's Daily (organo del PCC)
📰 Media & Testate Giornalistiche,Asia & Pacifico,GMA News Online,https://www.gmanetwork.com/news,,EN/TL,PH,,Filippine — network nazionale
📰 Media & Testate Giornalistiche,Asia & Pacifico,Greater Kashmir,https://www.greaterkashmir.com,https://www.greaterkashmir.com/rss,EN,IN,,Kashmir
📰 Media & Testate Giornalistiche,Asia & Pacifico,Gujarat Samachar,https://www.gujaratsamachar.com,,GU,IN,,Gujarat — gujarati principale
📰 Media & Testate Giornalistiche,Asia & Pacifico,Hankyoreh,https://www.hani.co.kr,https://www.hani.co.kr/arti/rss.html,KO,KR,,Corea Progressista
📰 Media & Testate Giornalistiche,Asia & Pacifico,Hankyung (KED),https://www.hankyung.com,,KO/EN,KR,,Corea — economico
📰 Media & Testate Giornalistiche,Asia & Pacifico,Hasht-e Subh (8am Media),https://8am.media,https://8am.media/feed/,FA/EN,AF,,Afghanistan — testata in esilio
📰 Media & Testate Giornalistiche,Asia & Pacifico,Hindu Business Line,https://www.thehindubusinessline.com,https://www.thehindubusinessline.com/feed/,EN,IN,,India Business
📰 Media & Testate Giornalistiche,Asia & Pacifico,Hindustan (Live Hindustan),https://www.livehindustan.com,,HI,IN,,"India — hindi, gruppo HT"
📰 Media & Testate Giornalistiche,Asia & Pacifico,Hindustan Times,https://www.hindustantimes.com,,EN,IN,,India
📰 Media & Testate Giornalistiche,Asia & Pacifico,HK Free Press,https://hongkongfp.com,,EN,HK,,HK indipendente
📰 Media & Testate Giornalistiche,Asia & Pacifico,IDN Times,https://www.idntimes.com,,ID,ID,,Online — Indonesia
📰 Media & Testate Giornalistiche,Asia & Pacifico,India Today,https://www.indiatoday.in,,,IN,,News — India
📰 Media & Testate Giornalistiche,Asia & Pacifico,Indian Express,https://indianexpress.com,,EN,IN,,India quality
📰 Media & Testate Giornalistiche,Asia & Pacifico,Inquirer (Philippines),https://newsinfo.inquirer.net,,EN,PH,,Filippine
📰 Media & Testate Giornalistiche,Asia & Pacifico,InvestigateWest,https://investigatewest.org,https://www.investigatewest.org/latest/rss/,EN,US,,USA Pacific NW — Investigativo
📰 Media & Testate Giornalistiche,Asia & Pacifico,Island Times (Palau),https://islandtimes.org,https://islandtimes.org/feed/,EN,PW,,Palau — testata nazionale
📰 Media & Testate Giornalistiche,Asia & Pacifico,Islands Business,https://islandsbusiness.com,https://islandsbusiness.com/feed/,,Pacifico,,Business — Pacific
📰 Media & Testate Giornalistiche,Asia & Pacifico,Jakarta Globe,https://jakartaglobe.id,https://jakartaglobe.id/feed/,EN,ID,,Indonesia
📰 Media & Testate Giornalistiche,Asia & Pacifico,Jakarta Post,https://www.thejakartapost.com,,EN,ID,,Indonesia
📰 Media & Testate Giornalistiche,Asia & Pacifico,Japan Times,https://www.japantimes.co.jp,,EN,JP,,Giappone in inglese
📰 Media & Testate Giornalistiche,Asia & Pacifico,Jawa Pos,https://www.jawapos.com,https://www.jawapos.com/rss.xml,ID,ID,,"Indonesia — Surabaya, gruppo nazionale"
📰 Media & Testate Giornalistiche,Asia & Pacifico,Jiemian News,https://www.jiemian.com,,ZH,CN,,Cina — business news Shanghai
📰 Media & Testate Giornalistiche,Asia & Pacifico,Jiji Press,https://www.jiji.com,https://www.jiji.com/rss/ranking.rdf,JA,JP,,Giappone agenzia
📰 Media & Testate Giornalistiche,Asia & Pacifico,JoongAng Ilbo,https://koreajoongangdaily.joins.com,,EN/KO,KR,,Corea quality
📰 Media & Testate Giornalistiche,Asia & Pacifico,JPCERT Japan,https://www.jpcert.or.jp,,JA,JP,,Giappone — CERT
📰 Media & Testate Giornalistiche,Asia & Pacifico,JTBC,https://jtbc.co.kr,,KO,KR,,Corea — network news
📰 Media & Testate Giornalistiche,Asia & Pacifico,Kahoku Shimpo,https://kahoku.news,,JA,JP,,Tohoku — Sendai
📰 Media & Testate Giornalistiche,Asia & Pacifico,Kaktus.media,https://kaktus.media,,RU,KG,,Kirghizistan — portale news
📰 Media & Testate Giornalistiche,Asia & Pacifico,Katadata,https://katadata.co.id,,ID,ID,,Indonesia — dati ed economia
📰 Media & Testate Giornalistiche,Asia & Pacifico,Kathmandu Post,https://kathmandupost.com,https://kathmandupost.com/rss,EN,NP,,Nepal
📰 Media & Testate Giornalistiche,Asia & Pacifico,KCNA Watch,https://kcnawatch.org,,EN,KP,,Aggregatore media di stato nordcoreani
📰 Media & Testate Giornalistiche,Asia & Pacifico,Khaama Press,https://www.khaama.com,https://www.khaama.com/feed/,EN,AF,,Afghanistan
📰 Media & Testate Giornalistiche,Asia & Pacifico,Khmer Times,https://www.khmertimeskh.com,https://www.khmertimeskh.com/feed/,,KH,,Cambogia
📰 Media & Testate Giornalistiche,Asia & Pacifico,Khovar,https://khovar.tj,https://khovar.tj/feed/,TG/RU/EN,TJ,,Tagikistan — agenzia di stato
📰 Media & Testate Giornalistiche,Asia & Pacifico,Kobe Shimbun,https://www.kobe-np.co.jp,,JA,JP,,Hyogo — Kobe
📰 Media & Testate Giornalistiche,Asia & Pacifico,Kompas,https://www.kompas.com,,ID,ID,,Indonesia — quotidiano privato (gruppo Kompas Gramedia)
📰 Media & Testate Giornalistiche,Asia & Pacifico,Kompas TV,https://www.kompas.tv,,ID,ID,,Indonesia — all-news (gruppo Kompas)
📰 Media & Testate Giornalistiche,Asia & Pacifico,Kontan,https://www.kontan.co.id,,ID,ID,,Indonesia — economico
📰 Media & Testate Giornalistiche,Asia & Pacifico,Korea Bizwire,https://koreabizwire.com,https://koreabizwire.com/feed,EN,KR,,Corea Business
📰 Media & Testate Giornalistiche,Asia & Pacifico,Korea Herald,https://www.koreaherald.com,https://www.koreaherald.com/rss/newsAll,EN,KR,,Corea del Sud
📰 Media & Testate Giornalistiche,Asia & Pacifico,Korea Times,https://www.koreatimes.co.kr,https://feed.koreatimes.co.kr/k/allnews.xml,EN,KR,,Corea Sud
📰 Media & Testate Giornalistiche,Asia & Pacifico,KrCERT Korea,https://www.krcert.or.kr,,KO,KR,,Corea — CERT
📰 Media & Testate Giornalistiche,Asia & Pacifico,Kuensel,https://kuenselonline.com,https://kuenselonline.com/feed/posts,EN/DZ,BT,,Bhutan — quotidiano nazionale
📰 Media & Testate Giornalistiche,Asia & Pacifico,Kumparan,https://kumparan.com,,ID,ID,,Indonesia — digitale
📰 Media & Testate Giornalistiche,Asia & Pacifico,Kyodo News,https://www.kyodonews.net,,EN,JP,,Giappone agenzia
📰 Media & Testate Giornalistiche,Asia & Pacifico,Kyoto Shimbun,https://www.kyoto-np.co.jp,https://www.kyoto-np.co.jp/list/feed/rss,JA,JP,,Kyoto
📰 Media & Testate Giornalistiche,Asia & Pacifico,Lao Dong,https://laodong.vn,,VI,VN,,Vietnam — quotidiano sindacale
📰 Media & Testate Giornalistiche,Asia & Pacifico,Laotian Times,https://laotiantimes.com,,,LA,,Inglese — Laos
📰 Media & Testate Giornalistiche,Asia & Pacifico,Les Nouvelles Calédoniennes,https://www.lnc.nc,,FR,NC,,Nuova Caledonia — quotidiano
📰 Media & Testate Giornalistiche,Asia & Pacifico,Livemint,https://www.livemint.com,,,IN,,Business — India
📰 Media & Testate Giornalistiche,Asia & Pacifico,Lokmat,https://www.lokmat.com,,MR,IN,,Maharashtra — marathi principale
📰 Media & Testate Giornalistiche,Asia & Pacifico,Loksatta,https://www.loksatta.com,,MR,IN,,Maharashtra — marathi (Indian Express)
📰 Media & Testate Giornalistiche,Asia & Pacifico,Macao News,https://macaonews.org,https://macaonews.org/feed/,EN,MO,,Macao — testata indipendente
📰 Media & Testate Giornalistiche,Asia & Pacifico,Macau Daily Times,https://macaudailytimes.com.mo,https://macaudailytimes.com.mo/feed,EN,MO,,Macao — quotidiano anglofono
📰 Media & Testate Giornalistiche,Asia & Pacifico,Maeil Business (MK),https://www.mk.co.kr,https://www.mk.co.kr/rss/30000001/,KO,KR,,Corea — economico principale
📰 Media & Testate Giornalistiche,Asia & Pacifico,Mainichi Shimbun,https://mainichi.jp/english,,EN/JA,JP,,Giappone
📰 Media & Testate Giornalistiche,Asia & Pacifico,Malay Mail,https://www.malaymail.com,,EN,MY,,Malaysia
📰 Media & Testate Giornalistiche,Asia & Pacifico,Malayala Manorama,https://www.manoramaonline.com,,ML,IN,,Kerala — malayalam più diffuso
📰 Media & Testate Giornalistiche,Asia & Pacifico,Manila Bulletin,https://mb.com.ph,https://mb.com.ph/feed/,EN,PH,,Filippine
📰 Media & Testate Giornalistiche,Asia & Pacifico,Marianas Variety,https://www.mvariety.com,http://www.mvariety.com/search/?f=rss&amp;t=article&amp;l=50&amp;s=start_time&amp;sd=desc&amp;k%5B%5D=%23topstory,EN,MP,,Isole Marianne — quotidiano regionale
📰 Media & Testate Giornalistiche,Asia & Pacifico,Matangi Tonga,https://matangitonga.to,,EN/TO,TO,,Tonga — testata online
📰 Media & Testate Giornalistiche,Asia & Pacifico,Mathrubhumi (English),https://english.mathrubhumi.com,https://english.mathrubhumi.com/sitemaps/mathrubhumien/rss,,IN,,Kerala — India
📰 Media & Testate Giornalistiche,Asia & Pacifico,Mathrubhumi (Malayalam),https://www.mathrubhumi.com,https://www.mathrubhumi.com/sitemaps/mathrubhumi/rss,ML,IN,,Kerala — malayalam
📰 Media & Testate Giornalistiche,Asia & Pacifico,Matichon,https://www.matichon.co.th,https://www.matichon.co.th/feed,TH,TH,,Thailandia — quotidiano
📰 Media & Testate Giornalistiche,Asia & Pacifico,Media Indonesia,https://mediaindonesia.com,,ID,ID,,Indonesia — quotidiano
📰 Media & Testate Giornalistiche,Asia & Pacifico,Medianama,https://www.medianama.com,https://www.medianama.com/feed/,,IN,,Tech policy — India
📰 Media & Testate Giornalistiche,Asia & Pacifico,Mekong Eye,https://www.mekongeye.com,,EN,TH,,Mekong investigativo
📰 Media & Testate Giornalistiche,Asia & Pacifico,Metro TV,https://metrotvnews.com,,ID,ID,,Indonesia — all-news
📰 Media & Testate Giornalistiche,Asia & Pacifico,Mid-Day,https://www.mid-day.com,,EN,IN,,Mumbai — quotidiano cittadino
📰 Media & Testate Giornalistiche,Asia & Pacifico,Mihaaru,https://mihaaru.com,,DV,MV,,Maldive — quotidiano principale
📰 Media & Testate Giornalistiche,Asia & Pacifico,MindaNews,https://mindanews.com,https://mindanews.com/feed/,EN,PH,,Filippine — Mindanao
📰 Media & Testate Giornalistiche,Asia & Pacifico,Mizzima Myanmar,https://mizzima.com,https://eng.mizzima.com/feed,,MM,,Indip. — Myanmar
📰 Media & Testate Giornalistiche,Asia & Pacifico,MoneyControl,https://www.moneycontrol.com,https://www.moneycontrol.com/rss/latestnews.xml,,IN,,Finance — India
📰 Media & Testate Giornalistiche,Asia & Pacifico,Mongabay Indonesia,https://www.mongabay.co.id,,ID,ID,,Ambiente — Indonesia
📰 Media & Testate Giornalistiche,Asia & Pacifico,Montsame,https://montsame.mn,,MN/EN,MN,,Mongolia — agenzia di stampa nazionale
📰 Media & Testate Giornalistiche,Asia & Pacifico,Mothership,https://mothership.sg,,EN,SG,,Singapore — testata digitale
📰 Media & Testate Giornalistiche,Asia & Pacifico,Myanmar Now,https://myanmar-now.org,https://myanmar-now.org/en/feed/,EN,MM,,Myanmar indipendente
📰 Media & Testate Giornalistiche,Asia & Pacifico,Myanmar Times,https://www.mmtimes.com,,EN,MM,,Myanmar
📰 Media & Testate Giornalistiche,Asia & Pacifico,myRepública,https://myrepublica.nagariknetwork.com,https://myrepublica.nagariknetwork.com/feeds,EN,NP,,Nepal — quotidiano anglofono
📰 Media & Testate Giornalistiche,Asia & Pacifico,Nazione Indiana,https://www.nazioneindiana.com,https://www.nazioneindiana.com/feed/,EN,US,,Letteratura — Cultura
📰 Media & Testate Giornalistiche,Asia & Pacifico,NDTV,https://www.ndtv.com,,EN,IN,,India TV news
📰 Media & Testate Giornalistiche,Asia & Pacifico,NDTV Profit,https://www.ndtvprofit.com,,,IN,,Finance — India
📰 Media & Testate Giornalistiche,Asia & Pacifico,Nepali Times,https://www.nepalitimes.com,,EN,NP,,Nepal
📰 Media & Testate Giornalistiche,Asia & Pacifico,New Nation BD,https://thenewnation.net,,,BD,,English — Bangladesh
📰 Media & Testate Giornalistiche,Asia & Pacifico,New Zealand Herald,https://www.nzherald.co.nz,,EN,NZ,,Nuova Zelanda
📰 Media & Testate Giornalistiche,Asia & Pacifico,Newslaundry,https://www.newslaundry.com,,EN,IN,,India media critica
📰 Media & Testate Giornalistiche,Asia & Pacifico,Newsroom NZ,https://newsroom.co.nz,https://newsroom.co.nz/feed/,EN,NZ,,Nuova Zelanda — giornalismo di approfondimento
📰 Media & Testate Giornalistiche,Asia & Pacifico,NHK News Web Easy,https://www3.nhk.or.jp/news/easy,https://www3.nhk.or.jp/rss/news/cat0.xml,JA,JP,,Giappone Simple
📰 Media & Testate Giornalistiche,Asia & Pacifico,NHK World Japan,https://www3.nhk.or.jp/nhkworld,,EN,JP,,Giappone pubblica
📰 Media & Testate Giornalistiche,Asia & Pacifico,Nikkei,https://www.nikkei.com,,JA,JP,,Giappone economia
📰 Media & Testate Giornalistiche,Asia & Pacifico,Nishinippon Shimbun,https://www.nishinippon.co.jp,,JA,JP,,Kyushu — Fukuoka
📰 Media & Testate Giornalistiche,Asia & Pacifico,NK News,https://www.nknews.org,,EN,KR,,Corea del Nord — testata specialistica (Seoul)
📰 Media & Testate Giornalistiche,Asia & Pacifico,OdishaTV,https://odishatv.in,https://odishatv.in/rss,OR/EN,IN,,Odisha — network principale
📰 Media & Testate Giornalistiche,Asia & Pacifico,OhmyNews,https://www.ohmynews.com,,KO,KR,,Corea investigativo
📰 Media & Testate Giornalistiche,Asia & Pacifico,Onlinekhabar,https://www.onlinekhabar.com,https://www.onlinekhabar.com/feed,NE/EN,NP,,Nepal — portale più letto
📰 Media & Testate Giornalistiche,Asia & Pacifico,Oorvani (India),https://oorvani.org,https://oorvani.org/feed,EN,IN,,India investigativo
📰 Media & Testate Giornalistiche,Asia & Pacifico,Orda.kz,https://orda.kz,,RU,KZ,,Kazakistan — testata indipendente
📰 Media & Testate Giornalistiche,Asia & Pacifico,Otago Daily Times,https://www.odt.co.nz,https://www.odt.co.nz/sitemaps/odt/rss,EN,NZ,,Nuova Zelanda — quotidiano regionale
📰 Media & Testate Giornalistiche,Asia & Pacifico,Outlook India,https://www.outlookindia.com,,,IN,,Settimanale — India
📰 Media & Testate Giornalistiche,Asia & Pacifico,Pacific Beat ABC,https://www.abc.net.au/pacific,,,Pacifico,,Pacific
📰 Media & Testate Giornalistiche,Asia & Pacifico,Pacific Daily News (Guam),https://www.guampdn.com,http://www.guampdn.com/search/?f=rss&amp;t=article&amp;l=50&amp;s=start_time&amp;sd=desc&amp;k%5B%5D=%23topstory,EN,GU,,Guam — quotidiano
📰 Media & Testate Giornalistiche,Asia & Pacifico,Pacnews,http://www.pacnews.org,https://pacnews.org/feed/,,Pacifico,,Pacific
📰 Media & Testate Giornalistiche,Asia & Pacifico,Pajhwok Afghan News,https://pajhwok.com,https://pajhwok.com/feed/,EN/FA/PS,AF,,Afghanistan — agenzia indipendente
📰 Media & Testate Giornalistiche,Asia & Pacifico,Philippine Star,https://www.philstar.com,,EN,PH,,Filippine
📰 Media & Testate Giornalistiche,Asia & Pacifico,Pikiran Rakyat,https://www.pikiran-rakyat.com,,ID,ID,,"Indonesia — Giava occidentale, Bandung"
📰 Media & Testate Giornalistiche,Asia & Pacifico,PNG Loop,https://www.pngloop.com,https://www.pngloop.com/feed,EN,PG,,Papua NG
📰 Media & Testate Giornalistiche,Asia & Pacifico,PNG Post-Courier,https://www.postcourier.com.pg,https://www.postcourier.com.pg/feed/,,PG,,Papua NG
📰 Media & Testate Giornalistiche,Asia & Pacifico,Prachatai,https://prachatai.com/english,https://prachatai.com/english/node/feed,,TH,,Diritti — Thailandia
📰 Media & Testate Giornalistiche,Asia & Pacifico,Prajavani,https://www.prajavani.net,,KN,IN,,Karnataka — kannada
📰 Media & Testate Giornalistiche,Asia & Pacifico,Prothom Alo,https://www.prothomalo.com,,BN,BD,,Bangladesh quality
📰 Media & Testate Giornalistiche,Asia & Pacifico,Punjab Kesari,https://www.punjabkesari.in,,HI/PA,IN,,Punjab — hindi/punjabi
📰 Media & Testate Giornalistiche,Asia & Pacifico,Quartz India,https://qz.com/india,,,IN,,Business — India
📰 Media & Testate Giornalistiche,Asia & Pacifico,Quint,https://www.thequint.com,https://www.thequint.com/stories.rss?section=entertainment,EN,IN,,India online
📰 Media & Testate Giornalistiche,Asia & Pacifico,Radio Free Asia Myanmar,https://www.rfa.org/english/news/myanmar,,,MM,,RFA — Myanmar
📰 Media & Testate Giornalistiche,Asia & Pacifico,Radio New Zealand Pacific,https://www.rnz.co.nz/international/pacific-news,,,Pacifico,,RNZ — Pacific
📰 Media & Testate Giornalistiche,Asia & Pacifico,Republika Indonesia,https://www.republika.co.id,,ID,ID,,Muslim — Indonesia
📰 Media & Testate Giornalistiche,Asia & Pacifico,RNZ Pacific,https://www.rnz.co.nz/international,https://www.rnz.co.nz/rss,EN,NZ,,Pacifico
📰 Media & Testate Giornalistiche,Asia & Pacifico,Roar Media LK,https://roar.media/english,https://archive.roar.media/english/feed,,LK,,Culture — Sri Lanka
📰 Media & Testate Giornalistiche,Asia & Pacifico,RTHK News,https://news.rthk.hk,https://news.rthk.hk/rthk/ch/?format=feed&amp;type=rss,EN/ZH,HK,,Hong Kong — emittente pubblica
📰 Media & Testate Giornalistiche,Asia & Pacifico,Ryukyu Shimpo,https://ryukyushimpo.jp,,JA,JP,,Okinawa
📰 Media & Testate Giornalistiche,Asia & Pacifico,Sakal,https://www.esakal.com,,MR,IN,,"Maharashtra — marathi, Pune"
📰 Media & Testate Giornalistiche,Asia & Pacifico,Sakshi,https://www.sakshi.com,,TE,IN,,Andhra/Telangana — telugu
📰 Media & Testate Giornalistiche,Asia & Pacifico,Samoa Observer,https://www.samoaobserver.ws,,,WS,,Samoa
📰 Media & Testate Giornalistiche,Asia & Pacifico,Sandesh,https://sandesh.com,,GU,IN,,Gujarat — gujarati
📰 Media & Testate Giornalistiche,Asia & Pacifico,Sankei News,https://www.sankei.com,https://www.sankei.com/rss/news.xml,JA,JP,,Giappone Cons.
📰 Media & Testate Giornalistiche,Asia & Pacifico,Shinano Mainichi Shimbun,https://www.shinmai.co.jp,,JA,JP,,Nagano
📰 Media & Testate Giornalistiche,Asia & Pacifico,Sin Chew Daily,https://www.sinchew.com.my,,ZH,MY,,Malaysia — sinofono principale
📰 Media & Testate Giornalistiche,Asia & Pacifico,Sixth Tone,https://www.sixthtone.com,https://www.sixthtone.com/rss,EN,CN,,Cina Society
📰 Media & Testate Giornalistiche,Asia & Pacifico,Solomon Star,https://www.solomonstarnews.com,,,SB,,Solomon
📰 Media & Testate Giornalistiche,Asia & Pacifico,Solomon Times,https://www.solomontimes.com,https://www.solomontimes.com/rss/latest-news.xml,EN,SB,,Isole Salomone — testata online
📰 Media & Testate Giornalistiche,Asia & Pacifico,South China Morning Post,https://www.scmp.com,https://www.scmp.com/rss/feed,EN,CN,,Asia-Pacifico
📰 Media & Testate Giornalistiche,Asia & Pacifico,Strait Times,https://www.straitstimes.com,,EN,SG,,Singapore
📰 Media & Testate Giornalistiche,Asia & Pacifico,Suara Merdeka,https://www.suaramerdeka.com,,ID,ID,,"Indonesia — Giava centrale, Semarang"
📰 Media & Testate Giornalistiche,Asia & Pacifico,Sun Online,https://sun.mv,,DV/EN,MV,,Maldive — portale news
📰 Media & Testate Giornalistiche,Asia & Pacifico,Sun Star,https://www.sunstar.com.ph,https://www.sunstar.com.ph/rss,EN,PH,,Filippine
📰 Media & Testate Giornalistiche,Asia & Pacifico,Sydney Morning Herald,https://www.smh.com.au,,EN,AU,,Australia
📰 Media & Testate Giornalistiche,Asia & Pacifico,Tahiti Infos,https://www.tahiti-infos.com,https://www.tahiti-infos.com/xml/syndication.rss,FR,PF,,Polinesia Francese — portale news
📰 Media & Testate Giornalistiche,Asia & Pacifico,Taipei Times,https://www.taipeitimes.com,,EN,TW,,Taiwan
📰 Media & Testate Giornalistiche,Asia & Pacifico,Taiwan FactCheck Center,https://tfc-taiwan.org.tw,https://tfc-taiwan.org.tw/feed/,,TW,,Taiwan — FC
📰 Media & Testate Giornalistiche,Asia & Pacifico,Taiwan News,https://www.taiwannews.com.tw,https://www.taiwannews.com.tw/en/rss,EN,TW,,Taiwan
📰 Media & Testate Giornalistiche,Asia & Pacifico,Taiwan Plus,https://www.taiwanplus.com,https://www.taiwanplus.com/api/news/rss,EN,TW,,Taiwan Public
📰 Media & Testate Giornalistiche,Asia & Pacifico,Tatoli,https://tatoli.tl,https://tatoli.tl/feed/,TET/PT/EN,TL,,Timor Est — agenzia di stampa nazionale
📰 Media & Testate Giornalistiche,Asia & Pacifico,TBS News,https://newsdig.tbs.co.jp,,JA,JP,,Giappone TV
📰 Media & Testate Giornalistiche,Asia & Pacifico,Telangana Today,https://telanganatoday.com,,EN,IN,,Telangana — Hyderabad
📰 Media & Testate Giornalistiche,Asia & Pacifico,Tengrinews,https://tengrinews.kz,,RU/KK,KZ,,Kazakistan — portale news principale
📰 Media & Testate Giornalistiche,Asia & Pacifico,Thai Enquirer,https://www.thaienquirer.com,,TH,TH,,Indip. — Thailandia
📰 Media & Testate Giornalistiche,Asia & Pacifico,Thai PBS World,https://www.thaipbsworld.com,,EN,TH,,Thailandia
📰 Media & Testate Giornalistiche,Asia & Pacifico,Thai Rath,https://www.thairath.co.th,,TH,TH,,Thailandia — quotidiano più diffuso
📰 Media & Testate Giornalistiche,Asia & Pacifico,The Assam Tribune,https://assamtribune.com,https://assamtribune.com/google_feeds.xml,EN,IN,,Assam — Guwahati
📰 Media & Testate Giornalistiche,Asia & Pacifico,The Astana Times,https://astanatimes.com,https://astanatimes.com/feed/,EN,KZ,,Kazakistan — anglofono
📰 Media & Testate Giornalistiche,Asia & Pacifico,The Australian,https://www.theaustralian.com.au,,EN,AU,,Australia premium
📰 Media & Testate Giornalistiche,Asia & Pacifico,The Bhutanese,https://thebhutanese.bt,https://thebhutanese.bt/feed/,EN,BT,,Bhutan — settimanale investigativo
📰 Media & Testate Giornalistiche,Asia & Pacifico,The Conversation AU,https://theconversation.com/au,https://theconversation.com/au/articles/rss,EN,AU,,Accademia — Australia Accademia
📰 Media & Testate Giornalistiche,Asia & Pacifico,The Edge Malaysia,https://theedgemalaysia.com,,EN,MY,,Malaysia business
📰 Media & Testate Giornalistiche,Asia & Pacifico,The Edition,https://edition.mv,,EN,MV,,Maldive — edizione anglofona di Mihaaru
📰 Media & Testate Giornalistiche,Asia & Pacifico,The Express Tribune,https://tribune.com.pk,https://tribune.com.pk/feed/latest,EN,PK,,Quotidiano anglofono — Pakistan
📰 Media & Testate Giornalistiche,Asia & Pacifico,The Hindu,https://www.thehindu.com,https://www.thehindu.com/feeder/default.rss,EN,IN,,India quality
📰 Media & Testate Giornalistiche,Asia & Pacifico,The Island,https://island.lk,,EN,LK,,Sri Lanka — quotidiano
📰 Media & Testate Giornalistiche,Asia & Pacifico,The Morning Context,https://themorningcontext.com,,,IN,,Business — India
📰 Media & Testate Giornalistiche,Asia & Pacifico,The Nation Thailand,https://www.nationthailand.com,,EN,TH,,Thailandia
📰 Media & Testate Giornalistiche,Asia & Pacifico,The National (PNG),https://www.thenational.com.pg,https://www.thenational.com.pg/feed/,EN,PG,,Papua Nuova Guinea — quotidiano
📰 Media & Testate Giornalistiche,Asia & Pacifico,The News International,https://www.thenews.com.pk,,EN,PK,,Quotidiano anglofono — Pakistan
📰 Media & Testate Giornalistiche,Asia & Pacifico,The News Minute,https://www.thenewsminute.com,,EN,IN,,Sud India — testata digitale
📰 Media & Testate Giornalistiche,Asia & Pacifico,The Phnom Penh Post,https://www.phnompenhpost.com,https://phnompenhpost.com/feed/,,KH,,Indip. — Cambogia
📰 Media & Testate Giornalistiche,Asia & Pacifico,The Quint WebQoof,https://www.thequint.com/news/webqoof,https://www.thequint.com/stories.rss?section=entertainment,,IN,,India — FC
📰 Media & Testate Giornalistiche,Asia & Pacifico,The Scoop (Brunei),https://thescoop.co,https://thescoop.co/feed/,EN,BN,,Brunei — testata digitale
📰 Media & Testate Giornalistiche,Asia & Pacifico,The Shillong Times,https://theshillongtimes.com,https://theshillongtimes.com/feed/,EN,IN,,Meghalaya
📰 Media & Testate Giornalistiche,Asia & Pacifico,The Standard (HK),https://www.thestandard.com.hk,,EN,HK,,Hong Kong — quotidiano gratuito
📰 Media & Testate Giornalistiche,Asia & Pacifico,The Telegraph India,https://www.telegraphindia.com,,,IN,,Kolkata — India
📰 Media & Testate Giornalistiche,Asia & Pacifico,The Week (India),https://www.theweek.in,,EN,IN,,India — settimanale
📰 Media & Testate Giornalistiche,Asia & Pacifico,ThePrint,https://theprint.in,https://theprint.in/feed/,EN,IN,,Policy — India Policy
📰 Media & Testate Giornalistiche,Asia & Pacifico,Tirto,https://tirto.id,https://tirto.id/sitemap/r/google-discover,ID,ID,,Indonesia investigativo
📰 Media & Testate Giornalistiche,Asia & Pacifico,Today Online Singapore,https://www.todayonline.com,,,SG,,Singapore
📰 Media & Testate Giornalistiche,Asia & Pacifico,Tokyo Shimbun,https://www.tokyo-np.co.jp,,JA,JP,,Tokyo — quotidiano (Chunichi group)
📰 Media & Testate Giornalistiche,Asia & Pacifico,Tolonews,https://tolonews.com,,EN,AF,,Afghanistan
📰 Media & Testate Giornalistiche,Asia & Pacifico,Toyo Keizai,https://toyokeizai.net,,JA,JP,,Giappone — economico storico
📰 Media & Testate Giornalistiche,Asia & Pacifico,Tribune India,https://www.tribuneindia.com,,,IN,,North India
📰 Media & Testate Giornalistiche,Asia & Pacifico,Tuoi Tre News,https://tuoitrenews.vn,,EN,VN,,Vietnam
📰 Media & Testate Giornalistiche,Asia & Pacifico,Turkmen.news,https://turkmen.news,https://turkmen.news/feed/,RU/EN,TM,,Turkmenistan — testata indipendente in esilio
📰 Media & Testate Giornalistiche,Asia & Pacifico,Turkmenportal,https://turkmenportal.com,,RU/TK,TM,,Turkmenistan — portale news
📰 Media & Testate Giornalistiche,Asia & Pacifico,TVB,https://www.tvb.com,,ZH,HK,,Hong Kong — emittente principale
📰 Media & Testate Giornalistiche,Asia & Pacifico,TVBS,https://news.tvbs.com.tw,,ZH,TW,,Taiwan — network news
📰 Media & Testate Giornalistiche,Asia & Pacifico,Utusan Malaysia,https://www.utusan.com.my,https://www.utusan.com.my/feed/,,MY,,Gov-leaning — Malaysia
📰 Media & Testate Giornalistiche,Asia & Pacifico,UzA — Agenzia nazionale,https://uza.uz,,UZ/RU/EN,UZ,,Uzbekistan — agenzia di stato
📰 Media & Testate Giornalistiche,Asia & Pacifico,Vanuatu Daily Post,https://www.dailypost.vu,http://www.dailypost.vu/search/?f=rss&amp;t=article&amp;l=50&amp;s=start_time&amp;sd=desc&amp;k%5B%5D=%23topstory,,VU,,Vanuatu
📰 Media & Testate Giornalistiche,Asia & Pacifico,Vientiane Times,https://www.vientianetimes.org.la,,,LA,,Gov — Laos
📰 Media & Testate Giornalistiche,Asia & Pacifico,Vietnam Investment Review,https://vir.com.vn,https://vir.com.vn/rss_feed/,VI,VN,,Business — Vietnam
📰 Media & Testate Giornalistiche,Asia & Pacifico,Vietnam Plus,https://en.vietnamplus.vn,https://en.vietnamplus.vn/rss,EN,VN,,Vietnam agenzia
📰 Media & Testate Giornalistiche,Asia & Pacifico,VietnamNet,https://vietnamnet.vn/en,https://vietnamnet.vn/en/news.rss,,VN,,Online — Vietnam
📰 Media & Testate Giornalistiche,Asia & Pacifico,Vijaya Karnataka,https://vijaykarnataka.com,https://vijaykarnataka.com/langapi/sitemap/gstandrssfeed.xml,KN,IN,,Karnataka — kannada
📰 Media & Testate Giornalistiche,Asia & Pacifico,Vishvas News,https://www.vishvasnews.com,https://www.vishvasnews.com/feed/,,IN,,India — FC
📰 Media & Testate Giornalistiche,Asia & Pacifico,Vlast.kz,https://vlast.kz,https://vlast.kz/feed/,RU,KZ,,Kazakistan — testata indipendente
📰 Media & Testate Giornalistiche,Asia & Pacifico,VnEconomy,https://vneconomy.vn,,VI,VN,,Vietnam — economico
📰 Media & Testate Giornalistiche,Asia & Pacifico,VnExpress,https://e.vnexpress.net,https://e.vnexpress.net/rss/news.rss,VI,VN,,Online — Vietnam
📰 Media & Testate Giornalistiche,Asia & Pacifico,VOD Cambodia,https://vodenglish.news,https://vodenglish.news/feed/,EN,KH,,Cambogia indip.
📰 Media & Testate Giornalistiche,Asia & Pacifico,VTV,https://vtv.vn,https://vtv.vn/rss/home.rss,VI,VN,,Vietnam — TV di stato
📰 Media & Testate Giornalistiche,Asia & Pacifico,WION,https://www.wionews.com,,EN,IN,,India — all-news internazionale
📰 Media & Testate Giornalistiche,Asia & Pacifico,Xinhua,https://www.xinhuanet.com/english,,EN,CN,,Cina — agenzia di stampa di stato
📰 Media & Testate Giornalistiche,Asia & Pacifico,Yicai Global,https://www.yicaiglobal.com,,EN,CN,,Cina — economia (Shanghai Media Group)
📰 Media & Testate Giornalistiche,Asia & Pacifico,Yomiuri Shimbun,https://www.yomiuri.co.jp,,JA,JP,,"Giappone, il più letto"
📰 Media & Testate Giornalistiche,Asia & Pacifico,Yonhap News,https://en.yna.co.kr,,EN,KR,,Corea agenzia
📰 Media & Testate Giornalistiche,Nord America — Stampa Statale & Locale,AL.com,https://www.al.com,,EN,US,,Alabama — gruppo Advance Local
📰 Media & Testate Giornalistiche,Nord America — Stampa Statale & Locale,Albuquerque Journal,https://www.abqjournal.com,,EN,MX,,New Mexico — quotidiano principale
📰 Media & Testate Giornalistiche,Nord America — Stampa Statale & Locale,Argus Leader,https://www.argusleader.com,,EN,US,,South Dakota — quotidiano principale
📰 Media & Testate Giornalistiche,Nord America — Stampa Statale & Locale,Arkansas Democrat-Gazette,https://www.arkansasonline.com,,EN,US,,Arkansas — quotidiano statale
📰 Media & Testate Giornalistiche,Nord America — Stampa Statale & Locale,Billings Gazette,https://billingsgazette.com,http://billingsgazette.com/search/?f=rss&amp;t=article&amp;l=50&amp;s=start_time&amp;sd=desc&amp;k%5B%5D=%23topstory,EN,US,,Montana — quotidiano principale
📰 Media & Testate Giornalistiche,Nord America — Stampa Statale & Locale,Bismarck Tribune,https://bismarcktribune.com,http://bismarcktribune.com/search/?f=rss&amp;t=article&amp;l=50&amp;s=start_time&amp;sd=desc&amp;k%5B%5D=%23topstory,EN,US,,North Dakota — capitale statale
📰 Media & Testate Giornalistiche,Nord America — Stampa Statale & Locale,Calgary Herald,https://calgaryherald.com,,EN,CA,,Alberta — Calgary
📰 Media & Testate Giornalistiche,Nord America — Stampa Statale & Locale,Casper Star-Tribune,https://trib.com,http://trib.com/search/?f=rss&amp;t=article&amp;l=50&amp;s=start_time&amp;sd=desc&amp;k%5B%5D=%23topstory,EN,US,,Wyoming — quotidiano statale
📰 Media & Testate Giornalistiche,Nord America — Stampa Statale & Locale,Charleston Gazette-Mail,https://www.wvgazettemail.com,,EN,US,,West Virginia — Pulitzer investigativo
📰 Media & Testate Giornalistiche,Nord America — Stampa Statale & Locale,Charlotte Observer,https://www.charlotteobserver.com,,EN,US,,North Carolina — Charlotte
📰 Media & Testate Giornalistiche,Nord America — Stampa Statale & Locale,Chicago Sun-Times,https://chicago.suntimes.com,https://chicago.suntimes.com/rss/index.xml,EN,US,,Illinois — secondo quotidiano Chicago
📰 Media & Testate Giornalistiche,Nord America — Stampa Statale & Locale,Cincinnati Enquirer,https://www.cincinnati.com,,EN,US,,Ohio — Cincinnati
📰 Media & Testate Giornalistiche,Nord America — Stampa Statale & Locale,Cleveland.com / Plain Dealer,https://www.cleveland.com,,EN,US,,Ohio — Cleveland
📰 Media & Testate Giornalistiche,Nord America — Stampa Statale & Locale,Courier-Journal,https://www.courier-journal.com,,EN,US,,Kentucky — Louisville
📰 Media & Testate Giornalistiche,Nord America — Stampa Statale & Locale,CT Mirror,https://ctmirror.org,,EN,US,,Connecticut — nonprofit
📰 Media & Testate Giornalistiche,Nord America — Stampa Statale & Locale,Dallas Morning News,https://www.dallasnews.com,,EN,US,,Texas — Dallas
📰 Media & Testate Giornalistiche,Nord America — Stampa Statale & Locale,Delaware News Journal,https://www.delawareonline.com,,EN,US,,Delaware — quotidiano principale
📰 Media & Testate Giornalistiche,Nord America — Stampa Statale & Locale,Des Moines Register,https://www.desmoinesregister.com,,EN,US,,Iowa — quotidiano statale
📰 Media & Testate Giornalistiche,Nord America — Stampa Statale & Locale,Deseret News,https://www.deseret.com,https://www.deseret.com/rss/latest.rss,EN,US,,Utah — quotidiano storico
📰 Media & Testate Giornalistiche,Nord America — Stampa Statale & Locale,Hartford Courant,https://www.courant.com,,EN,US,,Connecticut — più antico quotidiano USA
📰 Media & Testate Giornalistiche,Nord America — Stampa Statale & Locale,Honolulu Star-Advertiser,https://www.staradvertiser.com,https://www.staradvertiser.com/feed/,EN,US,,Hawaii — quotidiano principale
📰 Media & Testate Giornalistiche,Nord America — Stampa Statale & Locale,Idaho Statesman,https://www.idahostatesman.com,,EN,US,,Idaho — quotidiano principale
📰 Media & Testate Giornalistiche,Nord America — Stampa Statale & Locale,IndyStar,https://www.indystar.com,,EN,US,,Indiana — Indianapolis
📰 Media & Testate Giornalistiche,Nord America — Stampa Statale & Locale,Las Vegas Review-Journal,https://www.reviewjournal.com,https://www.reviewjournal.com/feed/,EN,US,,Nevada — quotidiano principale
📰 Media & Testate Giornalistiche,Nord America — Stampa Statale & Locale,Milwaukee Journal Sentinel,https://www.jsonline.com,,EN,US,,Wisconsin — quotidiano principale
📰 Media & Testate Giornalistiche,Nord America — Stampa Statale & Locale,MinnPost,https://www.minnpost.com,,EN,US,,Minnesota — nonprofit
📰 Media & Testate Giornalistiche,Nord America — Stampa Statale & Locale,Montana Free Press,https://montanafreepress.org,https://montanafreepress.org/feed/,EN,US,,Montana — nonprofit
📰 Media & Testate Giornalistiche,Nord America — Stampa Statale & Locale,Montreal Gazette,https://montrealgazette.com,,EN,CA,,Québec — quotidiano anglofono
📰 Media & Testate Giornalistiche,Nord America — Stampa Statale & Locale,New Hampshire Union Leader,https://www.unionleader.com,http://www.unionleader.com/search/?f=rss&amp;t=article&amp;l=50&amp;s=start_time&amp;sd=desc&amp;k%5B%5D=%23topstory,EN,US,,New Hampshire — quotidiano statale
📰 Media & Testate Giornalistiche,Nord America — Stampa Statale & Locale,Newsday,https://www.newsday.com,https://www.newsday.com/api/rss/recent,EN,US,,New York — Long Island
📰 Media & Testate Giornalistiche,Nord America — Stampa Statale & Locale,NJ.com / Star-Ledger,https://www.nj.com,,EN,US,,New Jersey — Advance Local
📰 Media & Testate Giornalistiche,Nord America — Stampa Statale & Locale,Omaha World-Herald,https://omaha.com,http://omaha.com/search/?f=rss&amp;t=article&amp;l=50&amp;s=start_time&amp;sd=desc&amp;k%5B%5D=%23topstory,EN,US,,Nebraska — quotidiano principale
📰 Media & Testate Giornalistiche,Nord America — Stampa Statale & Locale,OPB — Oregon Public Broadcasting,https://www.opb.org,,EN,US,,Oregon — emittente pubblica
📰 Media & Testate Giornalistiche,Nord America — Stampa Statale & Locale,Orlando Sentinel,https://www.orlandosentinel.com,,EN,US,,Florida — Orlando
📰 Media & Testate Giornalistiche,Nord America — Stampa Statale & Locale,Pittsburgh Post-Gazette,https://www.post-gazette.com,https://www.post-gazette.com/rss,EN,US,,Pennsylvania — Pittsburgh
📰 Media & Testate Giornalistiche,Nord America — Stampa Statale & Locale,Portland Press Herald,https://www.pressherald.com,https://www.pressherald.com/feed/,EN,US,,Maine — quotidiano principale
📰 Media & Testate Giornalistiche,Nord America — Stampa Statale & Locale,Providence Journal,https://www.providencejournal.com,,EN,US,,Rhode Island — quotidiano statale
📰 Media & Testate Giornalistiche,Nord America — Stampa Statale & Locale,Richmond Times-Dispatch,https://richmond.com,http://richmond.com/search/?f=rss&amp;t=article&amp;l=50&amp;s=start_time&amp;sd=desc&amp;k%5B%5D=%23topstory,EN,US,,Virginia — capitale statale
📰 Media & Testate Giornalistiche,Nord America — Stampa Statale & Locale,Sacramento Bee,https://www.sacbee.com,,EN,US,,California — capitale statale
📰 Media & Testate Giornalistiche,Nord America — Stampa Statale & Locale,SaltWire,https://www.saltwire.com,,EN,CA,,Atlantico canadese — gruppo regionale
📰 Media & Testate Giornalistiche,Nord America — Stampa Statale & Locale,San Antonio Express-News,https://www.expressnews.com,,EN,US,,Texas — San Antonio
📰 Media & Testate Giornalistiche,Nord America — Stampa Statale & Locale,San Diego Union-Tribune,https://www.sandiegouniontribune.com,,EN,US,,California — San Diego
📰 Media & Testate Giornalistiche,Nord America — Stampa Statale & Locale,Spotlight PA,https://www.spotlightpa.org,,EN,US,,Pennsylvania — nonprofit investigativo
📰 Media & Testate Giornalistiche,Nord America — Stampa Statale & Locale,St. Louis Post-Dispatch,https://www.stltoday.com,http://www.stltoday.com/search/?f=rss&amp;t=article&amp;l=50&amp;s=start_time&amp;sd=desc&amp;k%5B%5D=%23topstory,EN,US,,Missouri — St. Louis
📰 Media & Testate Giornalistiche,Nord America — Stampa Statale & Locale,States Newsroom,https://statesnewsroom.com,,EN,,,Rete nonprofit redazioni statali (50 stati)
📰 Media & Testate Giornalistiche,Nord America — Stampa Statale & Locale,Tampa Bay Times,https://www.tampabay.com,,EN,US,,"Florida — Pulitzer, PolitiFact"
📰 Media & Testate Giornalistiche,Nord America — Stampa Statale & Locale,The Baltimore Banner,https://www.thebaltimorebanner.com,,EN,US,,Maryland — nonprofit
📰 Media & Testate Giornalistiche,Nord America — Stampa Statale & Locale,THE CITY,https://www.thecity.nyc,https://www.thecityreporter.nyc/feed/,EN,US,,New York — nonprofit NYC
📰 Media & Testate Giornalistiche,Nord America — Stampa Statale & Locale,The Columbus Dispatch,https://www.dispatch.com,,EN,US,,Ohio — capitale statale
📰 Media & Testate Giornalistiche,Nord America — Stampa Statale & Locale,The Detroit News,https://www.detroitnews.com,,EN,US,,Michigan — Detroit
📰 Media & Testate Giornalistiche,Nord America — Stampa Statale & Locale,The Mercury News,https://www.mercurynews.com,https://www.mercurynews.com/feed/,EN,US,,California — Silicon Valley
📰 Media & Testate Giornalistiche,Nord America — Stampa Statale & Locale,The News & Observer,https://www.newsobserver.com,,EN,US,,North Carolina — Raleigh
📰 Media & Testate Giornalistiche,Nord America — Stampa Statale & Locale,The Oklahoman,https://www.oklahoman.com,,EN,US,,Oklahoma — quotidiano principale
📰 Media & Testate Giornalistiche,Nord America — Stampa Statale & Locale,The Oregonian,https://www.oregonlive.com,,EN,US,,Oregon — quotidiano principale
📰 Media & Testate Giornalistiche,Nord America — Stampa Statale & Locale,The Post and Courier,https://www.postandcourier.com,https://www.postandcourier.com/search/?f=rss&amp;t=article&amp;l=50&amp;s=start_time&amp;sd=desc&amp;k%5B%5D=%23topstory,EN,US,,"South Carolina — Charleston, investigativo"
📰 Media & Testate Giornalistiche,Nord America — Stampa Statale & Locale,The State,https://www.thestate.com,,EN,US,,South Carolina — Columbia
📰 Media & Testate Giornalistiche,Nord America — Stampa Statale & Locale,The Tennessean,https://www.tennessean.com,,EN,US,,Tennessee — Nashville
📰 Media & Testate Giornalistiche,Nord America — Stampa Statale & Locale,The Virginian-Pilot,https://www.pilotonline.com,,EN,US,,Virginia — Norfolk
📰 Media & Testate Giornalistiche,Nord America — Stampa Statale & Locale,Times Union,https://www.timesunion.com,,EN,US,,"New York — Albany, capitale statale"
📰 Media & Testate Giornalistiche,Nord America — Stampa Statale & Locale,Tulsa World,https://tulsaworld.com,http://tulsaworld.com/search/?f=rss&amp;t=article&amp;l=50&amp;s=start_time&amp;sd=desc&amp;k%5B%5D=%23topstory,EN,US,,Oklahoma — Tulsa
📰 Media & Testate Giornalistiche,Nord America — Stampa Statale & Locale,Vancouver Sun,https://vancouversun.com,,EN,CA,,British Columbia — Vancouver
📰 Media & Testate Giornalistiche,Nord America — Stampa Statale & Locale,VTDigger,https://vtdigger.org,https://vtdigger.org/feed/,EN,US,,Vermont — nonprofit investigativo
📰 Media & Testate Giornalistiche,Nord America — Stampa Statale & Locale,Wichita Eagle,https://www.kansas.com,,EN,US,,Kansas — quotidiano principale
📰 Media & Testate Giornalistiche,Nord America — Stampa Statale & Locale,Winnipeg Free Press,https://www.winnipegfreepress.com,https://www.winnipegfreepress.com/feed,EN,CA,,Manitoba — quotidiano principale
📰 Media & Testate Giornalistiche,Nord America — Stampa Statale & Locale,Wisconsin Watch,https://wisconsinwatch.org,,EN,US,,Wisconsin — nonprofit
📰 Media & Testate Giornalistiche,Nord America — Stampa Statale & Locale,WyoFile,https://wyofile.com,,EN,US,,Wyoming — nonprofit
📰 Media & Testate Giornalistiche,Agenzie di Stampa Nazionali,Agerpres,https://www.agerpres.ro,,RO/EN,RO,,Agenzia di stampa rumena
📰 Media & Testate Giornalistiche,Agenzie di Stampa Nazionali,AMNA — Athens-Macedonian News Agency,https://www.amna.gr,,EL/EN,GR,,Agenzia di stampa greca
📰 Media & Testate Giornalistiche,Agenzie di Stampa Nazionali,Andina,https://andina.pe,,ES,PE,,Agenzia di stato peruviana
📰 Media & Testate Giornalistiche,Agenzie di Stampa Nazionali,ANGOP,https://www.angop.ao,,PT,AO,,Agenzia di stato angolana
📰 Media & Testate Giornalistiche,Agenzie di Stampa Nazionali,ANI,https://www.aninews.in,,EN,IN,,Asian News International
📰 Media & Testate Giornalistiche,Agenzie di Stampa Nazionali,ANP,https://www.anp.nl,,NL,NL,,Agenzia di stampa olandese
📰 Media & Testate Giornalistiche,Agenzie di Stampa Nazionali,APA — Austria Presse Agentur,https://apa.at,,DE,AT,,Agenzia di stampa austriaca
📰 Media & Testate Giornalistiche,Agenzie di Stampa Nazionali,APP — Associated Press of Pakistan,https://www.app.com.pk,,EN/UR,PK,,Agenzia di stato pakistana
📰 Media & Testate Giornalistiche,Agenzie di Stampa Nazionali,ATA — Albanian Telegraphic Agency,https://ata.gov.al,,SQ/EN,AL,,Agenzia di stampa albanese
📰 Media & Testate Giornalistiche,Agenzie di Stampa Nazionali,Belga News Agency,https://www.belga.be,,FR/NL,BE,,Agenzia di stampa belga
📰 Media & Testate Giornalistiche,Agenzie di Stampa Nazionali,BelTA,https://www.belta.by,,RU/EN,BY,,Agenzia di stato bielorussa
📰 Media & Testate Giornalistiche,Agenzie di Stampa Nazionali,BSS — Bangladesh Sangbad Sangstha,https://www.bssnews.net,,BN/EN,BD,,Agenzia di stato bengalese
📰 Media & Testate Giornalistiche,Agenzie di Stampa Nazionali,BTA,https://www.bta.bg,,BG/EN,BG,,Agenzia di stampa bulgara
📰 Media & Testate Giornalistiche,Agenzie di Stampa Nazionali,CNA Taiwan (Central News Agency),https://www.cna.com.tw,,ZH,TW,,Agenzia di stampa taiwanese
📰 Media & Testate Giornalistiche,Agenzie di Stampa Nazionali,CNA — Cyprus News Agency,https://www.cna.org.cy,,EL/EN,CY,,Agenzia di stampa cipriota
📰 Media & Testate Giornalistiche,Agenzie di Stampa Nazionali,ENA — Ethiopian News Agency,https://www.ena.et,,AM/EN,ET,,Agenzia di stato etiope
📰 Media & Testate Giornalistiche,Agenzie di Stampa Nazionali,GNA — Ghana News Agency,https://gna.org.gh,,EN,GH,,Agenzia di stato ghanese
📰 Media & Testate Giornalistiche,Agenzie di Stampa Nazionali,HINA,https://www.hina.hr,,HR,HR,,Agenzia di stampa croata
📰 Media & Testate Giornalistiche,Agenzie di Stampa Nazionali,Keystone-SDA,https://www.keystone-sda.ch,,DE/FR/IT,CH,,Agenzia di stampa svizzera
📰 Media & Testate Giornalistiche,Agenzie di Stampa Nazionali,KPL — Lao News Agency,https://kpl.gov.la,,LO/EN,LA,,Agenzia di stato laotiana
📰 Media & Testate Giornalistiche,Agenzie di Stampa Nazionali,Lusa,https://www.lusa.pt,,PT,PT,,Agenzia di stampa portoghese
📰 Media & Testate Giornalistiche,Agenzie di Stampa Nazionali,MAP — Maghreb Arabe Presse,https://www.map.ma,,AR/FR,MA,,Agenzia di stato marocchina
📰 Media & Testate Giornalistiche,Agenzie di Stampa Nazionali,Moldpres,https://www.moldpres.md,,RO/RU/EN,MD,,Agenzia di stampa moldava
📰 Media & Testate Giornalistiche,Agenzie di Stampa Nazionali,MTI (MTVA),https://mti.hu,,HU,HU,,Agenzia di stampa ungherese
📰 Media & Testate Giornalistiche,Agenzie di Stampa Nazionali,NTB,https://www.ntb.no,,NO,NO,,Agenzia di stampa norvegese
📰 Media & Testate Giornalistiche,Agenzie di Stampa Nazionali,PA Media,https://pamediagroup.com,https://pamediagroup.com/feed/,EN,GB,,Agenzia di stampa britannica
📰 Media & Testate Giornalistiche,Agenzie di Stampa Nazionali,PAP,https://www.pap.pl,,PL,PL,,Agenzia di stampa polacca
📰 Media & Testate Giornalistiche,Agenzie di Stampa Nazionali,PNA — Philippine News Agency,https://www.pna.gov.ph,,EN,PH,,Agenzia di stato filippina
📰 Media & Testate Giornalistiche,Agenzie di Stampa Nazionali,PTI — Press Trust of India,https://www.ptinews.com,,EN,IN,,Principale agenzia indiana
📰 Media & Testate Giornalistiche,Agenzie di Stampa Nazionali,Ritzau,https://ritzau.dk,,DA,DK,,Agenzia di stampa danese
📰 Media & Testate Giornalistiche,Agenzie di Stampa Nazionali,SAnews,https://www.sanews.gov.za,https://www.sanews.gov.za/rss-old.xml,EN,ZA,,Agenzia governativa sudafricana
📰 Media & Testate Giornalistiche,Agenzie di Stampa Nazionali,STT,https://stt.fi,https://stt.fi/feed/,FI,FI,,Agenzia di stampa finlandese
📰 Media & Testate Giornalistiche,Agenzie di Stampa Nazionali,Tanjug,https://www.tanjug.rs,,SR/EN,RS,,Agenzia di stampa serba
📰 Media & Testate Giornalistiche,Agenzie di Stampa Nazionali,TASR,https://www.tasr.sk,,SK,SK,,Agenzia di stampa slovacca
📰 Media & Testate Giornalistiche,Agenzie di Stampa Nazionali,The Canadian Press,https://www.thecanadianpress.com,,EN/FR,CA,,Agenzia di stampa canadese
📰 Media & Testate Giornalistiche,Agenzie di Stampa Nazionali,TT Nyhetsbyrån,https://tt.se,,SV,SE,,Agenzia di stampa svedese
📰 Media & Testate Giornalistiche,Agenzie di Stampa Nazionali,ČTK,https://www.ctk.eu,,CS/EN,CZ,,Agenzia di stampa ceca
📰 Media & Testate Giornalistiche,Emittenti Pubbliche & Radio,BBC World Service,https://www.bbc.co.uk/worldservice,,EN/Multi,Globale,,Servizio mondiale BBC — 40+ lingue
📰 Media & Testate Giornalistiche,Emittenti Pubbliche & Radio,BNT,https://bnt.bg,,BG,BG,,Emittente pubblica bulgara
📰 Media & Testate Giornalistiche,Emittenti Pubbliche & Radio,Deutschlandfunk,https://www.deutschlandfunk.de,,DE,DE,,Radio pubblica nazionale tedesca
📰 Media & Testate Giornalistiche,Emittenti Pubbliche & Radio,EBU — European Broadcasting Union,https://www.ebu.ch,,EN/FR,EU,,Unione europea di radiodiffusione — standard e collaborazioni
📰 Media & Testate Giornalistiche,Emittenti Pubbliche & Radio,GBC Ghana,https://www.gbcghanaonline.com,,EN,GH,,Emittente pubblica ghanese
📰 Media & Testate Giornalistiche,Emittenti Pubbliche & Radio,HRT,https://www.hrt.hr,,HR,HR,,Emittente pubblica croata
📰 Media & Testate Giornalistiche,Emittenti Pubbliche & Radio,KBS World,https://world.kbs.co.kr,,Multi,KR,,Servizio estero coreano
📰 Media & Testate Giornalistiche,Emittenti Pubbliche & Radio,ORF,https://orf.at,https://rss.orf.at/news.xml,DE,AT,,Emittente pubblica austriaca
📰 Media & Testate Giornalistiche,Emittenti Pubbliche & Radio,Polskie Radio,https://www.polskieradio.pl,,PL/Multi,PL,,Radio pubblica polacca
📰 Media & Testate Giornalistiche,Emittenti Pubbliche & Radio,PTS Taiwan,https://www.pts.org.tw,,ZH,TW,,Emittente pubblica taiwanese
📰 Media & Testate Giornalistiche,Emittenti Pubbliche & Radio,Radio Pakistan,https://www.radio.gov.pk,,UR/EN,PK,,Radio di stato pakistana
📰 Media & Testate Giornalistiche,Emittenti Pubbliche & Radio,Radio Prague International,https://english.radio.cz,https://english.radio.cz/rcz-rss/en,EN/Multi,CZ,,Servizio estero radio ceca
📰 Media & Testate Giornalistiche,Emittenti Pubbliche & Radio,Radio Romania International,https://www.rri.ro,https://www.rri.ro/feed,RO/Multi,RO,,Servizio estero rumeno
📰 Media & Testate Giornalistiche,Emittenti Pubbliche & Radio,RAI Internazionale,https://www.rainternational.rai.it,,IT/Multi,IT,,Servizio internazionale RAI per italiani nel mondo
📰 Media & Testate Giornalistiche,Emittenti Pubbliche & Radio,RNW Media,https://www.rnw.org,https://www.rnw.media/feed/,EN/NL,Globale,,Radio Paesi Bassi internazionale — media freedom
📰 Media & Testate Giornalistiche,Emittenti Pubbliche & Radio,RTS — Radio-televizija Srbije,https://www.rts.rs,,SR,RS,,Emittente pubblica serba
📰 Media & Testate Giornalistiche,Emittenti Pubbliche & Radio,STVR,https://www.stvr.sk,,SK,SK,,Emittente pubblica slovacca
📰 Media & Testate Giornalistiche,Emittenti Pubbliche & Radio,Sveriges Radio,https://sverigesradio.se,,SV,SE,,Radio pubblica svedese
📰 Media & Testate Giornalistiche,Emittenti Pubbliche & Radio,TVP Info,https://www.tvp.info,http://www.tvp.info/tvp.info/rss+xml.php,PL,PL,,Emittente pubblica polacca
📰 Media & Testate Giornalistiche,Emittenti Pubbliche & Radio,TVR,https://www.tvr.ro,,RO,RO,,Emittente pubblica rumena
📰 Media & Testate Giornalistiche,Emittenti Pubbliche & Radio,TVRI,https://tvri.go.id,,ID,ID,,Emittente pubblica indonesiana
📰 Media & Testate Giornalistiche,Emittenti Pubbliche & Radio,Vatican News,https://www.vaticannews.va,,Multi,VA,,Media vaticani
📰 Media & Testate Giornalistiche,Emittenti Pubbliche & Radio,Česká televize,https://www.ceskatelevize.cz,,CS,CZ,,Emittente pubblica ceca
📊 Statistiche & Dati Macroeconomici,Banche Centrali & Autorità Monetarie,Banca Centrale della Repubblica di San Marino,https://www.bcsm.sm,,IT,SM,,Banca centrale — San Marino
📊 Statistiche & Dati Macroeconomici,Banche Centrali & Autorità Monetarie,Banco Central de Bolivia,https://www.bcb.gob.bo,,ES,BO,,Banca centrale — Bolivia
📊 Statistiche & Dati Macroeconomici,Banche Centrali & Autorità Monetarie,Banco Central de Chile,https://www.bcentral.cl,,ES,CL,,Banca centrale — Chile
📊 Statistiche & Dati Macroeconomici,Banche Centrali & Autorità Monetarie,Banco Central de Costa Rica,https://www.bccr.fi.cr,,ES,CR,,Banca centrale — Costa Rica
📊 Statistiche & Dati Macroeconomici,Banche Centrali & Autorità Monetarie,Banco Central de Cuba,https://www.bc.gob.cu,,ES,CU,,Banca centrale — Cuba
📊 Statistiche & Dati Macroeconomici,Banche Centrali & Autorità Monetarie,Banco Central de la República Argentina,https://www.bcra.gob.ar,,ES,AR,,Banca centrale — Argentina
📊 Statistiche & Dati Macroeconomici,Banche Centrali & Autorità Monetarie,Banco Central de la República Dominicana,https://www.bancentral.gov.do,,ES,DO,,Banca centrale — Dominican Republic
📊 Statistiche & Dati Macroeconomici,Banche Centrali & Autorità Monetarie,Banco Central de Nicaragua,https://www.bcn.gob.ni,,ES,NI,,Banca centrale — Nicaragua
📊 Statistiche & Dati Macroeconomici,Banche Centrali & Autorità Monetarie,Banco Central de Reserva de El Salvador,https://www.bcr.gob.sv,,ES,SV,,Banca centrale — El Salvador
📊 Statistiche & Dati Macroeconomici,Banche Centrali & Autorità Monetarie,Banco Central de Reserva del Perú,https://www.bcrp.gob.pe,,ES,PE,,Banca centrale — Peru
📊 Statistiche & Dati Macroeconomici,Banche Centrali & Autorità Monetarie,Banco Central de Timor-Leste,https://www.bancocentral.tl,,PT,TL,,Banca centrale — Timor-Leste
📊 Statistiche & Dati Macroeconomici,Banche Centrali & Autorità Monetarie,Banco Central de Venezuela,https://www.bcv.org.ve,,ES,VE,,Banca centrale — Venezuela
📊 Statistiche & Dati Macroeconomici,Banche Centrali & Autorità Monetarie,Banco Central del Ecuador,https://www.bce.fin.ec,,ES,EC,,Banca centrale — Ecuador
📊 Statistiche & Dati Macroeconomici,Banche Centrali & Autorità Monetarie,Banco Central del Paraguay,https://www.bcp.gov.py,,ES,PY,,Banca centrale — Paraguay
📊 Statistiche & Dati Macroeconomici,Banche Centrali & Autorità Monetarie,Banco Central del Uruguay,https://www.bcu.gub.uy,,ES,UY,,Banca centrale — Uruguay
📊 Statistiche & Dati Macroeconomici,Banche Centrali & Autorità Monetarie,Banco Central do Brasil,https://www.bcb.gov.br,,PT,BR,,Banca centrale — Brazil
📊 Statistiche & Dati Macroeconomici,Banche Centrali & Autorità Monetarie,Banco de Cabo Verde,https://www.bcv.cv,,PT,CV,,Banca centrale — Cape Verde
📊 Statistiche & Dati Macroeconomici,Banche Centrali & Autorità Monetarie,Banco de Guatemala,https://www.banguat.gob.gt,,ES,GT,,Banca centrale — Guatemala
📊 Statistiche & Dati Macroeconomici,Banche Centrali & Autorità Monetarie,Banco de la República,https://www.banrep.gov.co,,ES,CO,,Banca centrale — Colombia
📊 Statistiche & Dati Macroeconomici,Banche Centrali & Autorità Monetarie,Banco de Moçambique,https://www.bancomoc.mz,,PT,MZ,,Banca centrale — Mozambique
📊 Statistiche & Dati Macroeconomici,Banche Centrali & Autorità Monetarie,Banco de México,https://www.banxico.org.mx,,ES,MX,,Banca centrale — Mexico
📊 Statistiche & Dati Macroeconomici,Banche Centrali & Autorità Monetarie,Banco de Portugal,https://www.bportugal.pt,,PT,PT,,Banca centrale — Portugal
📊 Statistiche & Dati Macroeconomici,Banche Centrali & Autorità Monetarie,Banco Nacional de Angola,https://www.bna.ao,,PT,AO,,Banca centrale — Angola
📊 Statistiche & Dati Macroeconomici,Banche Centrali & Autorità Monetarie,Bangko Sentral ng Pilipinas,https://www.bsp.gov.ph,,EN,PH,,Banca centrale — Philippines
📊 Statistiche & Dati Macroeconomici,Banche Centrali & Autorità Monetarie,Bangladesh Bank,https://www.bb.org.bd,,EN,BD,,Banca centrale — Bangladesh
📊 Statistiche & Dati Macroeconomici,Banche Centrali & Autorità Monetarie,Bank Al-Maghrib,https://www.bkam.ma,,AR,MA,,Banca centrale — Morocco
📊 Statistiche & Dati Macroeconomici,Banche Centrali & Autorità Monetarie,Bank Negara Malaysia,https://www.bnm.gov.my,,MS,MY,,Banca centrale — Malaysia
📊 Statistiche & Dati Macroeconomici,Banche Centrali & Autorità Monetarie,Bank of Albania,https://www.bankofalbania.org,,SQ,AL,,Banca centrale — Albania
📊 Statistiche & Dati Macroeconomici,Banche Centrali & Autorità Monetarie,Bank of Algeria,https://www.bank-of-algeria.dz,,AR,DZ,,Banca centrale — Algeria
📊 Statistiche & Dati Macroeconomici,Banche Centrali & Autorità Monetarie,Bank of Botswana,https://www.bankofbotswana.bw,,EN,BW,,Banca centrale — Botswana
📊 Statistiche & Dati Macroeconomici,Banche Centrali & Autorità Monetarie,Bank of Canada,https://www.bankofcanada.ca,,EN,CA,,Banca centrale — Canada
📊 Statistiche & Dati Macroeconomici,Banche Centrali & Autorità Monetarie,Bank of England,https://www.bankofengland.co.uk,,EN,GB,,Banca centrale — United Kingdom
📊 Statistiche & Dati Macroeconomici,Banche Centrali & Autorità Monetarie,Bank of Eritrea,https://www.boe.gov.er,,EN,ER,,Banca centrale — Eritrea
📊 Statistiche & Dati Macroeconomici,Banche Centrali & Autorità Monetarie,Bank of Finland,https://www.bof.fi,,FI,FI,,Banca centrale — Finland
📊 Statistiche & Dati Macroeconomici,Banche Centrali & Autorità Monetarie,Bank of Ghana,https://www.bog.gov.gh,,EN,GH,,Banca centrale — Ghana
📊 Statistiche & Dati Macroeconomici,Banche Centrali & Autorità Monetarie,Bank of Greece,https://www.bankofgreece.gr,,EL,GR,,Banca centrale — Greece
📊 Statistiche & Dati Macroeconomici,Banche Centrali & Autorità Monetarie,Bank of Guyana,https://www.bankofguyana.org.gy,,EN,GY,,Banca centrale — Guyana
📊 Statistiche & Dati Macroeconomici,Banche Centrali & Autorità Monetarie,Bank of Israel,https://www.boi.org.il,,HE,IL,,Banca centrale — Israel
📊 Statistiche & Dati Macroeconomici,Banche Centrali & Autorità Monetarie,Bank of Jamaica,https://www.boj.org.jm,,EN,JM,,Banca centrale — Jamaica
📊 Statistiche & Dati Macroeconomici,Banche Centrali & Autorità Monetarie,Bank of Japan,https://www.boj.or.jp,,JA,JP,,Banca centrale — Japan
📊 Statistiche & Dati Macroeconomici,Banche Centrali & Autorità Monetarie,Bank of Korea,https://www.bok.or.kr,,KO,KR,,Banca centrale — South Korea
📊 Statistiche & Dati Macroeconomici,Banche Centrali & Autorità Monetarie,Bank of Latvia,https://www.bank.lv,,LV,LV,,Banca centrale — Latvia
📊 Statistiche & Dati Macroeconomici,Banche Centrali & Autorità Monetarie,Bank of Lithuania,https://www.lb.lt,,LT,LT,,Banca centrale — Lithuania
📊 Statistiche & Dati Macroeconomici,Banche Centrali & Autorità Monetarie,Bank of Mauritius,https://www.bom.mu,,EN,MU,,Banca centrale — Mauritius
📊 Statistiche & Dati Macroeconomici,Banche Centrali & Autorità Monetarie,Bank of Mongolia,https://www.mongolbank.mn,,MN,MN,,Banca centrale — Mongolia
📊 Statistiche & Dati Macroeconomici,Banche Centrali & Autorità Monetarie,Bank of Namibia,https://www.bon.com.na,,EN,NA,,Banca centrale — Namibia
📊 Statistiche & Dati Macroeconomici,Banche Centrali & Autorità Monetarie,Bank of Papua New Guinea,https://www.bankpng.gov.pg,,EN,PG,,Banca centrale — Papua New Guinea
📊 Statistiche & Dati Macroeconomici,Banche Centrali & Autorità Monetarie,Bank of South Sudan,https://boss.gov.ss,,EN,SD,,Banca centrale — South Sudan
📊 Statistiche & Dati Macroeconomici,Banche Centrali & Autorità Monetarie,Bank of Tanzania,https://www.bot.go.tz,,EN,TZ,,Banca centrale — Tanzania
📊 Statistiche & Dati Macroeconomici,Banche Centrali & Autorità Monetarie,Bank of Thailand,https://www.bot.or.th,,TH,TH,,Banca centrale — Thailand
📊 Statistiche & Dati Macroeconomici,Banche Centrali & Autorità Monetarie,Bank of the Lao PDR,https://www.bol.gov.la,,LO,LA,,Banca centrale — Laos
📊 Statistiche & Dati Macroeconomici,Banche Centrali & Autorità Monetarie,Bank of Uganda,https://www.bou.or.ug,,EN,UG,,Banca centrale — Uganda
📊 Statistiche & Dati Macroeconomici,Banche Centrali & Autorità Monetarie,Bank of Zambia,https://www.boz.zm,,EN,ZM,,Banca centrale — Zambia
📊 Statistiche & Dati Macroeconomici,Banche Centrali & Autorità Monetarie,Banka Slovenije,https://www.bsi.si,,SL,SI,,Banca centrale — Slovenia
📊 Statistiche & Dati Macroeconomici,Banche Centrali & Autorità Monetarie,Banky Foiben'i Madagasikara,https://www.banky-foibe.mg,,FR,MG,,Banca centrale — Madagascar
📊 Statistiche & Dati Macroeconomici,Banche Centrali & Autorità Monetarie,Banque Centrale de la République de Guinée,https://www.bcrg-guinee.org,,FR,GN,,Banca centrale — Guinea
📊 Statistiche & Dati Macroeconomici,Banche Centrali & Autorità Monetarie,Banque Centrale de Mauritanie,https://www.bcm.mr,,FR,MR,,Banca centrale — Mauritania
📊 Statistiche & Dati Macroeconomici,Banche Centrali & Autorità Monetarie,Banque Centrale de Tunisie,https://www.bct.gov.tn,,AR,TN,,Banca centrale — Tunisia
📊 Statistiche & Dati Macroeconomici,Banche Centrali & Autorità Monetarie,Banque Centrale des Comores,https://www.banque-comores.km,,FR,KM,,Banca centrale — Comoros
📊 Statistiche & Dati Macroeconomici,Banche Centrali & Autorità Monetarie,Banque Centrale des États de l'Afrique de l'Ouest (BCEAO),https://www.bceao.int,,FR,SN,,Banca centrale — Senegal
📊 Statistiche & Dati Macroeconomici,Banche Centrali & Autorità Monetarie,Banque Centrale du Congo,https://www.bcc.cd,,FR,CD,,Banca centrale — DR Congo
📊 Statistiche & Dati Macroeconomici,Banche Centrali & Autorità Monetarie,Banque centrale du Luxembourg,https://www.bcl.lu,,FR,LU,,Banca centrale — Luxembourg
📊 Statistiche & Dati Macroeconomici,Banche Centrali & Autorità Monetarie,Banque de France,https://www.banque-france.fr,,FR,FR,,Banca centrale — France
📊 Statistiche & Dati Macroeconomici,Banche Centrali & Autorità Monetarie,Banque de la République du Burundi,https://www.brb.bi,,FR,BI,,Banca centrale — Burundi
📊 Statistiche & Dati Macroeconomici,Banche Centrali & Autorità Monetarie,Banque des États de l'Afrique Centrale (BEAC),https://www.beac.int,,EN,CM,,Banca centrale — Cameroon
📊 Statistiche & Dati Macroeconomici,Banche Centrali & Autorità Monetarie,Bermuda Monetary Authority,https://www.bma.bm,,EN,BM,,Banca centrale — Bermuda
📊 Statistiche & Dati Macroeconomici,Banche Centrali & Autorità Monetarie,Brunei Darussalam Central Bank,https://www.bdcb.gov.bn,,EN,BN,,Banca centrale — Brunei
📊 Statistiche & Dati Macroeconomici,Banche Centrali & Autorità Monetarie,Bulgarian National Bank,https://www.bnb.bg,,BG,BG,,Banca centrale — Bulgaria
📊 Statistiche & Dati Macroeconomici,Banche Centrali & Autorità Monetarie,Cayman Islands Monetary Authority,https://www.cima.ky,,EN,KY,,Banca centrale — Cayman Islands
📊 Statistiche & Dati Macroeconomici,Banche Centrali & Autorità Monetarie,Central Bank of Armenia,https://www.cba.am,,HY,AM,,Banca centrale — Armenia
📊 Statistiche & Dati Macroeconomici,Banche Centrali & Autorità Monetarie,Central Bank of Aruba,https://www.cbaruba.org,,NL,AW,,Banca centrale — Aruba
📊 Statistiche & Dati Macroeconomici,Banche Centrali & Autorità Monetarie,Central Bank of Azerbaijan,https://www.cbar.az,,AZ/EN,AZ,,Banca centrale azera
📊 Statistiche & Dati Macroeconomici,Banche Centrali & Autorità Monetarie,Central Bank of Bahrain,https://www.cbb.gov.bh,,AR,BH,,Banca centrale — Bahrain
📊 Statistiche & Dati Macroeconomici,Banche Centrali & Autorità Monetarie,Central Bank of Barbados,https://www.centralbank.org.bb,,EN,BB,,Banca centrale — Barbados
📊 Statistiche & Dati Macroeconomici,Banche Centrali & Autorità Monetarie,Central Bank of Belize,https://www.centralbank.org.bz,,EN,BZ,,Banca centrale — Belize
📊 Statistiche & Dati Macroeconomici,Banche Centrali & Autorità Monetarie,Central Bank of Bosnia and Herzegovina,https://www.cbbh.ba,,BS,BA,,Banca centrale — Bosnia and Herzegovina
📊 Statistiche & Dati Macroeconomici,Banche Centrali & Autorità Monetarie,Central Bank of Curaçao and Sint Maarten,https://www.centralbank.cw,,NL,CW,,Banca centrale — Curaçao
📊 Statistiche & Dati Macroeconomici,Banche Centrali & Autorità Monetarie,Central Bank of Cyprus,https://www.centralbank.cy,,EN,CY,,Banca centrale — Cyprus
📊 Statistiche & Dati Macroeconomici,Banche Centrali & Autorità Monetarie,Central Bank of Egypt,https://www.cbe.org.eg,,AR,EG,,Banca centrale — Egypt
📊 Statistiche & Dati Macroeconomici,Banche Centrali & Autorità Monetarie,Central Bank of Eswatini,https://www.centralbank.org.sz,,EN,SZ,,Banca centrale — Eswatini
📊 Statistiche & Dati Macroeconomici,Banche Centrali & Autorità Monetarie,Central Bank of Ireland,https://www.centralbank.ie,,EN,IE,,Banca centrale — Ireland
📊 Statistiche & Dati Macroeconomici,Banche Centrali & Autorità Monetarie,Central Bank of Jordan,https://www.cbj.gov.jo,,AR,JO,,Banca centrale — Jordan
📊 Statistiche & Dati Macroeconomici,Banche Centrali & Autorità Monetarie,Central Bank of Kosovo,https://www.bqk-kos.org,,SQ,XK,,Banca centrale — Kosovo
📊 Statistiche & Dati Macroeconomici,Banche Centrali & Autorità Monetarie,Central Bank of Kuwait,https://www.cbk.gov.kw,,AR,KW,,Banca centrale — Kuwait
📊 Statistiche & Dati Macroeconomici,Banche Centrali & Autorità Monetarie,Central Bank of Lesotho,https://www.centralbank.org.ls,,EN,LS,,Banca centrale — Lesotho
📊 Statistiche & Dati Macroeconomici,Banche Centrali & Autorità Monetarie,Central Bank of Liberia,https://www.cbl.org.lr,,EN,LR,,Banca centrale — Liberia
📊 Statistiche & Dati Macroeconomici,Banche Centrali & Autorità Monetarie,Central Bank of Libya,https://www.cbl.gov.ly,,AR,LY,,Banca centrale — Libya
📊 Statistiche & Dati Macroeconomici,Banche Centrali & Autorità Monetarie,Central Bank of Malta,https://www.centralbankmalta.org,,EN,MT,,Banca centrale — Malta
📊 Statistiche & Dati Macroeconomici,Banche Centrali & Autorità Monetarie,Central Bank of Montenegro,https://www.cbcg.me,,SR,ME,,Banca centrale — Montenegro
📊 Statistiche & Dati Macroeconomici,Banche Centrali & Autorità Monetarie,Central Bank of Myanmar,https://www.cbm.gov.mm,,MY,MM,,Banca centrale — Myanmar
📊 Statistiche & Dati Macroeconomici,Banche Centrali & Autorità Monetarie,Central Bank of Nigeria,https://www.cbn.gov.ng,,EN,NG,,Banca centrale — Nigeria
📊 Statistiche & Dati Macroeconomici,Banche Centrali & Autorità Monetarie,Central Bank of Oman,https://cbo.gov.om,,AR,OM,,Banca centrale — Oman
📊 Statistiche & Dati Macroeconomici,Banche Centrali & Autorità Monetarie,Central Bank of Samoa,https://www.cbs.gov.ws,,EN,WS,,Banca centrale — Samoa
📊 Statistiche & Dati Macroeconomici,Banche Centrali & Autorità Monetarie,Central Bank of Solomon Islands,https://www.cbsi.com.sb,,EN,SB,,Banca centrale — Solomon Islands
📊 Statistiche & Dati Macroeconomici,Banche Centrali & Autorità Monetarie,Central Bank of Somalia,https://www.centralbank.gov.so,,EN,SO,,Banca centrale — Somalia
📊 Statistiche & Dati Macroeconomici,Banche Centrali & Autorità Monetarie,Central Bank of Sri Lanka,https://www.cbsl.gov.lk,,EN,LK,,Banca centrale — Sri Lanka
📊 Statistiche & Dati Macroeconomici,Banche Centrali & Autorità Monetarie,Central Bank of Syria,https://www.cb.gov.sy,,AR,SY,,Banca centrale — Syria
📊 Statistiche & Dati Macroeconomici,Banche Centrali & Autorità Monetarie,Central Bank of the Bahamas,https://www.centralbankbahamas.com,,EN,BS,,Banca centrale — Bahamas
📊 Statistiche & Dati Macroeconomici,Banche Centrali & Autorità Monetarie,Central Bank of the Republic of China (Taiwan),https://www.cbc.gov.tw,,ZH,TW,,Banca centrale — Taiwan
📊 Statistiche & Dati Macroeconomici,Banche Centrali & Autorità Monetarie,Central Bank of the Republic of Turkey,https://www.tcmb.gov.tr,,TR,TR,,Banca centrale — Turkey
📊 Statistiche & Dati Macroeconomici,Banche Centrali & Autorità Monetarie,Central Bank of the Russian Federation,https://www.cbr.ru,,RU,RU,,Banca centrale — Russia
📊 Statistiche & Dati Macroeconomici,Banche Centrali & Autorità Monetarie,Central Bank of the UAE,https://www.centralbank.ae,,AR,AE,,Banca centrale — United Arab Emirates
📊 Statistiche & Dati Macroeconomici,Banche Centrali & Autorità Monetarie,Central Bank of Trinidad and Tobago,https://www.central-bank.org.tt,,EN,TT,,Banca centrale — Trinidad and Tobago
📊 Statistiche & Dati Macroeconomici,Banche Centrali & Autorità Monetarie,Central Bank of Turkmenistan,https://www.cbt.tm,,RU,TM,,Banca centrale — Turkmenistan
📊 Statistiche & Dati Macroeconomici,Banche Centrali & Autorità Monetarie,Central Bank of Uzbekistan,https://www.cbu.uz,,RU,UZ,,Banca centrale — Uzbekistan
📊 Statistiche & Dati Macroeconomici,Banche Centrali & Autorità Monetarie,Centrale Bank van Suriname,https://www.cbvs.sr,,NL,SR,,Banca centrale — Suriname
📊 Statistiche & Dati Macroeconomici,Banche Centrali & Autorità Monetarie,Croatian National Bank,https://www.hnb.hr,,HR,HR,,Banca centrale — Croatia
📊 Statistiche & Dati Macroeconomici,Banche Centrali & Autorità Monetarie,Czech National Bank,https://www.cnb.cz,,CS,CZ,,Banca centrale — Czech Republic
📊 Statistiche & Dati Macroeconomici,Banche Centrali & Autorità Monetarie,Da Afghanistan Bank,https://www.dab.gov.af,,EN,AF,,Banca centrale — Afghanistan
📊 Statistiche & Dati Macroeconomici,Banche Centrali & Autorità Monetarie,Danmarks Nationalbank,https://www.nationalbanken.dk,,DA,DK,,Banca centrale — Denmark
📊 Statistiche & Dati Macroeconomici,Banche Centrali & Autorità Monetarie,De Nederlandsche Bank,https://www.dnb.nl,,NL,NL,,Banca centrale — Netherlands
📊 Statistiche & Dati Macroeconomici,Banche Centrali & Autorità Monetarie,Eastern Caribbean Central Bank (ECCB),https://www.eccb-centralbank.org,,EN,Caraibi,,Banca centrale — West Indies
📊 Statistiche & Dati Macroeconomici,Banche Centrali & Autorità Monetarie,Eesti Pank,https://www.eestipank.ee,,ET,EE,,Banca centrale — Estonia
📊 Statistiche & Dati Macroeconomici,Banche Centrali & Autorità Monetarie,Institut d'Émission d'Outre-Mer (IEOM),https://www.ieom.fr,,FR,FR,,Banca centrale — France
📊 Statistiche & Dati Macroeconomici,Banche Centrali & Autorità Monetarie,Maldives Monetary Authority,https://www.mma.gov.mv,,EN,MV,,Banca centrale — Maldives
📊 Statistiche & Dati Macroeconomici,Banche Centrali & Autorità Monetarie,Monetary Authority of Macao,https://www.amcm.gov.mo,,ZH,MO,,Banca centrale — Macau
📊 Statistiche & Dati Macroeconomici,Banche Centrali & Autorità Monetarie,Monetary Authority of Singapore,https://www.mas.gov.sg,,EN,SG,,Banca centrale — Singapore
📊 Statistiche & Dati Macroeconomici,Banche Centrali & Autorità Monetarie,Narodowy Bank Polski,https://www.nbp.pl,,PL,PL,,Banca centrale — Poland
📊 Statistiche & Dati Macroeconomici,Banche Centrali & Autorità Monetarie,National Bank of Belgium,https://www.nbb.be,,NL,BE,,Banca centrale — Belgium
📊 Statistiche & Dati Macroeconomici,Banche Centrali & Autorità Monetarie,National Bank of Cambodia,https://www.nbc.gov.kh,,KH/EN,KH,,Banca centrale cambogiana
📊 Statistiche & Dati Macroeconomici,Banche Centrali & Autorità Monetarie,National Bank of Ethiopia,https://www.nbe.gov.et,,EN,ET,,Banca centrale — Ethiopia
📊 Statistiche & Dati Macroeconomici,Banche Centrali & Autorità Monetarie,National Bank of Georgia,https://www.nbg.gov.ge,,KA,GE,,Banca centrale — Georgia
📊 Statistiche & Dati Macroeconomici,Banche Centrali & Autorità Monetarie,National Bank of Kazakhstan,https://www.nationalbank.kz,,RU,KZ,,Banca centrale — Kazakhstan
📊 Statistiche & Dati Macroeconomici,Banche Centrali & Autorità Monetarie,National Bank of Moldova,https://www.bnm.md,,RO,MD,,Banca centrale — Moldova
📊 Statistiche & Dati Macroeconomici,Banche Centrali & Autorità Monetarie,National Bank of North Macedonia,https://www.nbrm.mk,,MK,MK,,Banca centrale — North Macedonia
📊 Statistiche & Dati Macroeconomici,Banche Centrali & Autorità Monetarie,National Bank of Romania,https://www.bnr.ro,,RO,RO,,Banca centrale — Romania
📊 Statistiche & Dati Macroeconomici,Banche Centrali & Autorità Monetarie,National Bank of Rwanda,https://www.bnr.rw,,EN,RW,,Banca centrale — Rwanda
📊 Statistiche & Dati Macroeconomici,Banche Centrali & Autorità Monetarie,National Bank of Serbia,https://www.nbs.rs,,SR,RS,,Banca centrale — Serbia
📊 Statistiche & Dati Macroeconomici,Banche Centrali & Autorità Monetarie,National Bank of Tajikistan,https://www.nbt.tj,,RU,TJ,,Banca centrale — Tajikistan
📊 Statistiche & Dati Macroeconomici,Banche Centrali & Autorità Monetarie,National Bank of the Kyrgyz Republic,https://www.nbkr.kg,,RU,KG,,Banca centrale — Kyrgyzstan
📊 Statistiche & Dati Macroeconomici,Banche Centrali & Autorità Monetarie,National Bank of the Republic of Belarus,https://www.nbrb.by,,RU,BY,,Banca centrale — Belarus
📊 Statistiche & Dati Macroeconomici,Banche Centrali & Autorità Monetarie,National Bank of Ukraine,https://www.bank.gov.ua,,UK,UA,,Banca centrale — Ukraine
📊 Statistiche & Dati Macroeconomici,Banche Centrali & Autorità Monetarie,National Reserve Bank of Tonga,https://www.reservebank.to,,EN,TO,,Banca centrale — Tonga
📊 Statistiche & Dati Macroeconomici,Banche Centrali & Autorità Monetarie,Nepal Rastra Bank,https://www.nrb.org.np,,NE,NP,,Banca centrale — Nepal
📊 Statistiche & Dati Macroeconomici,Banche Centrali & Autorità Monetarie,Norges Bank,https://www.norges-bank.no,,NO,NO,,Banca centrale — Norway
📊 Statistiche & Dati Macroeconomici,Banche Centrali & Autorità Monetarie,Národná banka Slovenska,https://www.nbs.sk,,SK,SK,,Banca centrale — Slovakia
📊 Statistiche & Dati Macroeconomici,Banche Centrali & Autorità Monetarie,Oesterreichische Nationalbank,https://www.oenb.at,,DE,AT,,Banca centrale — Austria
📊 Statistiche & Dati Macroeconomici,Banche Centrali & Autorità Monetarie,Palestine Monetary Authority,https://www.pma.ps,,AR,PS,,Banca centrale — Palestine
📊 Statistiche & Dati Macroeconomici,Banche Centrali & Autorità Monetarie,People's Bank of China,https://www.pbc.gov.cn,,ZH,CN,,Banca centrale — China
📊 Statistiche & Dati Macroeconomici,Banche Centrali & Autorità Monetarie,Qatar Central Bank,https://www.qcb.gov.qa,,AR,QA,,Banca centrale — Qatar
📊 Statistiche & Dati Macroeconomici,Banche Centrali & Autorità Monetarie,Reserve Bank of Australia,https://www.rba.gov.au,,EN,AU,,Banca centrale — Australia
📊 Statistiche & Dati Macroeconomici,Banche Centrali & Autorità Monetarie,Reserve Bank of Fiji,https://www.rbf.gov.fj,,EN,FJ,,Banca centrale — Fiji
📊 Statistiche & Dati Macroeconomici,Banche Centrali & Autorità Monetarie,Reserve Bank of Malawi,https://www.rbm.mw,,EN,MW,,Banca centrale — Malawi
📊 Statistiche & Dati Macroeconomici,Banche Centrali & Autorità Monetarie,Reserve Bank of New Zealand,https://www.rbnz.govt.nz,,EN,NZ,,Banca centrale — New Zealand
📊 Statistiche & Dati Macroeconomici,Banche Centrali & Autorità Monetarie,Reserve Bank of Vanuatu,https://www.rbv.gov.vu,,EN,VU,,Banca centrale — Vanuatu
📊 Statistiche & Dati Macroeconomici,Banche Centrali & Autorità Monetarie,Royal Monetary Authority of Bhutan,https://www.rma.org.bt,,EN,BT,,Banca centrale — Bhutan
📊 Statistiche & Dati Macroeconomici,Banche Centrali & Autorità Monetarie,Saudi Central Bank (SAMA),https://www.sama.gov.sa,,AR,SA,,Banca centrale — Saudi Arabia
📊 Statistiche & Dati Macroeconomici,Banche Centrali & Autorità Monetarie,South African Reserve Bank,https://www.resbank.co.za,,EN,ZA,,Banca centrale — South Africa
📊 Statistiche & Dati Macroeconomici,Banche Centrali & Autorità Monetarie,State Bank of Pakistan,https://www.sbp.org.pk,,EN,PK,,Banca centrale — Pakistan
📊 Statistiche & Dati Macroeconomici,Banche Centrali & Autorità Monetarie,State Bank of Vietnam,https://www.sbv.gov.vn,,VI,VN,,Banca centrale — Vietnam
📊 Statistiche & Dati Macroeconomici,Banche Centrali & Autorità Monetarie,Sveriges Riksbank,https://www.riksbank.se,,SV,SE,,Banca centrale — Sweden
📊 Statistiche & Dati Macroeconomici,Banche Centrali & Autorità Monetarie,Swiss National Bank,https://www.snb.ch,,DE,CH,,Banca centrale — Switzerland
📊 Statistiche & Dati Macroeconomici,Istituti di Statistica Nazionali,Agence nationale de la statistique (ANSD),https://www.ansd.sn,,FR,SN,,Istituto nazionale di statistica — Senegal
📊 Statistiche & Dati Macroeconomici,Istituti di Statistica Nazionali,Agency on Statistics,https://www.stat.tj,,RU,TJ,,Istituto nazionale di statistica — Tajikistan
📊 Statistiche & Dati Macroeconomici,Istituti di Statistica Nazionali,Algemeen Bureau voor de Statistiek,https://www.statistics-suriname.org,,NL,SR,,Istituto nazionale di statistica — Suriname
📊 Statistiche & Dati Macroeconomici,Istituti di Statistica Nazionali,Australian Bureau of Statistics (ABS),https://www.abs.gov.au,,EN,AU,,Istituto nazionale di statistica — Australia
📊 Statistiche & Dati Macroeconomici,Istituti di Statistica Nazionali,Badan Pusat Statistik,https://www.bps.go.id,,ID,ID,,Istituto nazionale di statistica — Indonesia
📊 Statistiche & Dati Macroeconomici,Istituti di Statistica Nazionali,Bahamas National Statistics Institute,https://stats.gov.bs,,EN,BS,,Istituto nazionale di statistica — Bahamas
📊 Statistiche & Dati Macroeconomici,Istituti di Statistica Nazionali,Bangladesh Bureau of Statistics,https://www.bbs.gov.bd,,EN,BD,,Istituto nazionale di statistica — Bangladesh
📊 Statistiche & Dati Macroeconomici,Istituti di Statistica Nazionali,Barbados Statistical Service,https://stats.gov.bb,,EN,BB,,Istituto nazionale di statistica — Barbados
📊 Statistiche & Dati Macroeconomici,Istituti di Statistica Nazionali,Bureau of Economic Analysis (BEA),https://www.bea.gov,,EN,US,,Istituto nazionale di statistica — United States
📊 Statistiche & Dati Macroeconomici,Istituti di Statistica Nazionali,Bureau of Labor Statistics (BLS),https://www.bls.gov,,EN,US,,Istituto nazionale di statistica — United States
📊 Statistiche & Dati Macroeconomici,Istituti di Statistica Nazionali,Bureau of National Statistics,https://stat.gov.kz,,RU,KZ,,Istituto nazionale di statistica — Kazakhstan
📊 Statistiche & Dati Macroeconomici,Istituti di Statistica Nazionali,Bureau of Statistics,https://www.bos.gov.ls,,EN,LS,,Istituto nazionale di statistica — Lesotho
📊 Statistiche & Dati Macroeconomici,Istituti di Statistica Nazionali,CAPMAS,https://www.capmas.gov.eg,,AR,EG,,Istituto nazionale di statistica — Egypt
📊 Statistiche & Dati Macroeconomici,Istituti di Statistica Nazionali,Census and Statistics Department,https://www.censtatd.gov.hk,,ZH,HK,,Istituto nazionale di statistica — Hong Kong
📊 Statistiche & Dati Macroeconomici,Istituti di Statistica Nazionali,Central Bureau of Statistics,https://www.cbs.aw,,NL,AW,,Istituto nazionale di statistica — Aruba
📊 Statistiche & Dati Macroeconomici,Istituti di Statistica Nazionali,Central Bureau of Statistics,https://www.cbs.cw,,NL,CW,,Istituto nazionale di statistica — Curaçao
📊 Statistiche & Dati Macroeconomici,Istituti di Statistica Nazionali,Central Organization of Statistics (COSIT),https://cosit.gov.iq,,AR,IQ,,Istituto nazionale di statistica — Iraq
📊 Statistiche & Dati Macroeconomici,Istituti di Statistica Nazionali,Central Statistical Bureau of Latvia,https://www.stat.gov.lv,,LV,LV,,Istituto nazionale di statistica — Latvia
📊 Statistiche & Dati Macroeconomici,Istituti di Statistica Nazionali,Central Statistical Office,https://stats.gov.gd,,EN,GD,,Istituto nazionale di statistica — Grenada
📊 Statistiche & Dati Macroeconomici,Istituti di Statistica Nazionali,Central Statistical Office,https://stats.gov.lc,,EN,LC,,Istituto nazionale di statistica — Saint Lucia
📊 Statistiche & Dati Macroeconomici,Istituti di Statistica Nazionali,Central Statistical Office,https://cso.gov.tt,,EN,TT,,Istituto nazionale di statistica — Trinidad and Tobago
📊 Statistiche & Dati Macroeconomici,Istituti di Statistica Nazionali,Central Statistical Organization,https://www.cso-yemen.org,,AR,YE,,Istituto nazionale di statistica — Yemen
📊 Statistiche & Dati Macroeconomici,Istituti di Statistica Nazionali,Central Statistics Office,https://stats.gov.dm,,EN,DM,,Istituto nazionale di statistica — Dominica
📊 Statistiche & Dati Macroeconomici,Istituti di Statistica Nazionali,Central Statistics Office (CSO),https://www.cso.ie,,EN,IE,,Istituto nazionale di statistica — Ireland
📊 Statistiche & Dati Macroeconomici,Istituti di Statistica Nazionali,Croatian Bureau of Statistics (DZS),https://www.dzs.hr,,HR,HR,,Istituto nazionale di statistica — Croatia
📊 Statistiche & Dati Macroeconomici,Istituti di Statistica Nazionali,Czech Statistical Office (ČSÚ),https://www.csu.gov.cz,,CS,CZ,,Istituto nazionale di statistica — Czech Republic
📊 Statistiche & Dati Macroeconomici,Istituti di Statistica Nazionali,DANE,https://www.dane.gov.co,,ES,CO,,Istituto nazionale di statistica — Colombia
📊 Statistiche & Dati Macroeconomici,Istituti di Statistica Nazionali,Department of Economic Planning and Statistics,https://www.deps.gov.bn,,EN,BN,,Istituto nazionale di statistica — Brunei
📊 Statistiche & Dati Macroeconomici,Istituti di Statistica Nazionali,Department of Statistics,https://www.estadistica.ad,,ES,AD,,Istituto nazionale di statistica — Andorra
📊 Statistiche & Dati Macroeconomici,Istituti di Statistica Nazionali,Department of Statistics Malaysia,https://www.dosm.gov.my,,MS,MY,,Istituto nazionale di statistica — Malaysia
📊 Statistiche & Dati Macroeconomici,Istituti di Statistica Nazionali,Department of Statistics Singapore,https://www.singstat.gov.sg,,EN,SG,,Istituto nazionale di statistica — Singapore
📊 Statistiche & Dati Macroeconomici,Istituti di Statistica Nazionali,DGBAS,https://www.stat.gov.tw,,ZH,TW,,Istituto nazionale di statistica — Taiwan
📊 Statistiche & Dati Macroeconomici,Istituti di Statistica Nazionali,Direction générale de la statistique,https://www.stat-gabon.org,,FR,GA,,Istituto nazionale di statistica — Gabon
📊 Statistiche & Dati Macroeconomici,Istituti di Statistica Nazionali,Energy Information Administration (EIA),https://www.eia.gov,,EN,US,,Istituto nazionale di statistica — United States
📊 Statistiche & Dati Macroeconomici,Istituti di Statistica Nazionali,Federal Competitiveness and Statistics Centre,https://fcsc.gov.ae,,AR,AE,,Istituto nazionale di statistica — United Arab Emirates
📊 Statistiche & Dati Macroeconomici,Istituti di Statistica Nazionali,Federal State Statistics Service (Rosstat),https://www.gks.ru,,RU,RU,,Istituto nazionale di statistica — Russia
📊 Statistiche & Dati Macroeconomici,Istituti di Statistica Nazionali,Federal Statistical Office (Destatis),https://www.destatis.de,,DE,DE,,Istituto nazionale di statistica — Germany
📊 Statistiche & Dati Macroeconomici,Istituti di Statistica Nazionali,Federal Statistical Office (FSO),https://www.bfs.admin.ch,,DE,CH,,Istituto nazionale di statistica — Switzerland
📊 Statistiche & Dati Macroeconomici,Istituti di Statistica Nazionali,Fiji Bureau of Statistics,https://www.statsfiji.gov.fj,,EN,FJ,,Istituto nazionale di statistica — Fiji
📊 Statistiche & Dati Macroeconomici,Istituti di Statistica Nazionali,General Authority for Statistics,https://www.stats.gov.sa,,AR,SA,,Istituto nazionale di statistica — Saudi Arabia
📊 Statistiche & Dati Macroeconomici,Istituti di Statistica Nazionali,Ghana Statistical Service,https://www.statsghana.gov.gh,,EN,GH,,Istituto nazionale di statistica — Ghana
📊 Statistiche & Dati Macroeconomici,Istituti di Statistica Nazionali,Guyana Bureau of Statistics,https://www.statisticsguyana.gov.gy,,EN,GY,,Istituto nazionale di statistica — Guyana
📊 Statistiche & Dati Macroeconomici,Istituti di Statistica Nazionali,Haut Commissariat au Plan,https://www.hcp.ma,,AR,MA,,Istituto nazionale di statistica — Morocco
📊 Statistiche & Dati Macroeconomici,Istituti di Statistica Nazionali,Hellenic Statistical Authority (ELSTAT),https://www.statistics.gr,,EL,GR,,Istituto nazionale di statistica — Greece
📊 Statistiche & Dati Macroeconomici,Istituti di Statistica Nazionali,Hungarian Central Statistical Office (KSH),https://www.ksh.hu,,HU,HU,,Istituto nazionale di statistica — Hungary
📊 Statistiche & Dati Macroeconomici,Istituti di Statistica Nazionali,ICASEES,https://www.icasees.org,,FR,CF,,Istituto nazionale di statistica — Central African Republic
📊 Statistiche & Dati Macroeconomici,Istituti di Statistica Nazionali,INEC,https://www.ecuadorencifras.gob.ec,,ES,EC,,Istituto nazionale di statistica — Ecuador
📊 Statistiche & Dati Macroeconomici,Istituti di Statistica Nazionali,INEGI,https://www.inegi.org.mx,,ES,MX,,Istituto nazionale di statistica — Mexico
📊 Statistiche & Dati Macroeconomici,Istituti di Statistica Nazionali,INIDE,https://www.inide.gob.ni,,ES,NI,,Istituto nazionale di statistica — Nicaragua
📊 Statistiche & Dati Macroeconomici,Istituti di Statistica Nazionali,INSEED,https://www.inseed.td,,FR,TD,,Istituto nazionale di statistica — Chad
📊 Statistiche & Dati Macroeconomici,Istituti di Statistica Nazionali,Institut de statistiques du Burundi (ISTEEBU),https://www.isteebu.bi,,FR,BI,,Istituto nazionale di statistica — Burundi
📊 Statistiche & Dati Macroeconomici,Istituti di Statistica Nazionali,Institut des Statistiques de Djibouti,https://www.instad.dj,,FR,DJ,,Istituto nazionale di statistica — Djibouti
📊 Statistiche & Dati Macroeconomici,Istituti di Statistica Nazionali,Institut national de la statistique,https://www.ins-rdc.org,,FR,CD,,Istituto nazionale di statistica — DR Congo
📊 Statistiche & Dati Macroeconomici,Istituti di Statistica Nazionali,Institut National de la Statistique,https://www.ins-congo.cg,,FR,CG,,Istituto nazionale di statistica — Congo
📊 Statistiche & Dati Macroeconomici,Istituti di Statistica Nazionali,Institut National de la Statistique,https://www.stat-guinee.org,,FR,GN,,Istituto nazionale di statistica — Guinea
📊 Statistiche & Dati Macroeconomici,Istituti di Statistica Nazionali,Institut National de la Statistique,https://www.ins.ci,,FR,CI,,Istituto nazionale di statistica — Ivory Coast
📊 Statistiche & Dati Macroeconomici,Istituti di Statistica Nazionali,Institut national de la statistique,https://www.instat-mali.org,,FR,ML,,Istituto nazionale di statistica — Mali
📊 Statistiche & Dati Macroeconomici,Istituti di Statistica Nazionali,Institut National de la Statistique,https://www.stat-niger.org,,FR,NE,,Istituto nazionale di statistica — Niger
📊 Statistiche & Dati Macroeconomici,Istituti di Statistica Nazionali,Institut National de la Statistique (INS),https://www.ins.tn,,AR,TN,,Istituto nazionale di statistica — Tunisia
📊 Statistiche & Dati Macroeconomici,Istituti di Statistica Nazionali,Institut national de la statistique (INSD),https://www.insd.bf,,FR,BF,,Istituto nazionale di statistica — Burkina Faso
📊 Statistiche & Dati Macroeconomici,Istituti di Statistica Nazionali,Institut national de la statistique (INSEE),https://www.insee.fr,,FR,FR,,Istituto nazionale di statistica — France
📊 Statistiche & Dati Macroeconomici,Istituti di Statistica Nazionali,Institut national de la statistique (INSTAT),https://www.instat.mg,,FR,MG,,Istituto nazionale di statistica — Madagascar
📊 Statistiche & Dati Macroeconomici,Istituti di Statistica Nazionali,Institute of Statistics (INSTAT),https://www.instat.gov.al,,SQ,AL,,Istituto nazionale di statistica — Albania
📊 Statistiche & Dati Macroeconomici,Istituti di Statistica Nazionali,Instituto Brasileiro de Geografia e Estatística (IBGE),https://www.ibge.gov.br,,PT,BR,,Istituto nazionale di statistica — Brazil
📊 Statistiche & Dati Macroeconomici,Istituti di Statistica Nazionali,Instituto Nacional de Estadística,https://www.inege.org,,ES,GQ,,Istituto nazionale di statistica — Equatorial Guinea
📊 Statistiche & Dati Macroeconomici,Istituti di Statistica Nazionali,Instituto Nacional de Estadística,https://www.ine.gob.bo,,ES,BO,,Istituto nazionale di statistica — Bolivia
📊 Statistiche & Dati Macroeconomici,Istituti di Statistica Nazionali,Instituto Nacional de Estadística,https://www.ine.gob.gt,,ES,GT,,Istituto nazionale di statistica — Guatemala
📊 Statistiche & Dati Macroeconomici,Istituti di Statistica Nazionali,Instituto Nacional de Estadística,https://www.ine.gov.py,,ES,PY,,Istituto nazionale di statistica — Paraguay
📊 Statistiche & Dati Macroeconomici,Istituti di Statistica Nazionali,Instituto Nacional de Estadística,https://www.ine.gub.uy,,ES,UY,,Istituto nazionale di statistica — Uruguay
📊 Statistiche & Dati Macroeconomici,Istituti di Statistica Nazionali,Instituto Nacional de Estadística (INE),https://www.ine.es,,ES,ES,,Istituto nazionale di statistica — Spain
📊 Statistiche & Dati Macroeconomici,Istituti di Statistica Nazionali,Instituto Nacional de Estadística (INE),https://www.ine.gob.hn,,ES,HN,,Istituto nazionale di statistica — Honduras
📊 Statistiche & Dati Macroeconomici,Istituti di Statistica Nazionali,Instituto Nacional de Estadística e Informática,https://www.inei.gob.pe,,ES,PE,,Istituto nazionale di statistica — Peru
📊 Statistiche & Dati Macroeconomici,Istituti di Statistica Nazionali,Instituto Nacional de Estadística y Censo,https://www.inec.gob.pa,,ES,PA,,Istituto nazionale di statistica — Panama
📊 Statistiche & Dati Macroeconomici,Istituti di Statistica Nazionali,Instituto Nacional de Estadística y Censos (INDEC),https://www.indec.gob.ar,,ES,AR,,Istituto nazionale di statistica — Argentina
📊 Statistiche & Dati Macroeconomici,Istituti di Statistica Nazionali,Instituto Nacional de Estadísticas,https://www.ine.cl,,ES,CL,,Istituto nazionale di statistica — Chile
📊 Statistiche & Dati Macroeconomici,Istituti di Statistica Nazionali,Instituto Nacional de Estatística,https://www.ine.gov.ao,,PT,AO,,Istituto nazionale di statistica — Angola
📊 Statistiche & Dati Macroeconomici,Istituti di Statistica Nazionali,Instituto Nacional de Estatística,https://ine.cv,,PT,CV,,Istituto nazionale di statistica — Cape Verde
📊 Statistiche & Dati Macroeconomici,Istituti di Statistica Nazionali,Instituto Nacional de Estatística,https://www.stat-guinebissau.com,,PT,GW,,Istituto nazionale di statistica — Guinea-Bissau
📊 Statistiche & Dati Macroeconomici,Istituti di Statistica Nazionali,Instituto Nacional de Estatística,https://www.ine.gov.mz,,PT,MZ,,Istituto nazionale di statistica — Mozambique
📊 Statistiche & Dati Macroeconomici,Istituti di Statistica Nazionali,Instituto Nacional de Estatística,https://www.ine.st,,PT,ST,,Istituto nazionale di statistica — São Tomé and Príncipe
📊 Statistiche & Dati Macroeconomici,Istituti di Statistica Nazionali,Israel Central Bureau of Statistics,https://www.cbs.gov.il,,HE,IL,,Istituto nazionale di statistica — Israel
📊 Statistiche & Dati Macroeconomici,Istituti di Statistica Nazionali,Kiribati Statistics Office,https://nso.gov.ki,,EN,KI,,Istituto nazionale di statistica — Kiribati
📊 Statistiche & Dati Macroeconomici,Istituti di Statistica Nazionali,Kosovo Agency of Statistics (ASK),https://ask.rks-gov.net,,SQ,XK,,Istituto nazionale di statistica — Kosovo
📊 Statistiche & Dati Macroeconomici,Istituti di Statistica Nazionali,Kuwait Central Statistical Bureau,https://www.csb.gov.kw,,AR,KW,,Istituto nazionale di statistica — Kuwait
📊 Statistiche & Dati Macroeconomici,Istituti di Statistica Nazionali,Lao Statistics Bureau,https://www.lsb.gov.la,,LO,LA,,Istituto nazionale di statistica — Laos
📊 Statistiche & Dati Macroeconomici,Istituti di Statistica Nazionali,LISGIS,https://www.lisgis.gov.lr,,EN,LR,,Istituto nazionale di statistica — Liberia
📊 Statistiche & Dati Macroeconomici,Istituti di Statistica Nazionali,Maldives Bureau of Statistics,https://statisticsmaldives.gov.mv,,EN,MV,,Istituto nazionale di statistica — Maldives
📊 Statistiche & Dati Macroeconomici,Istituti di Statistica Nazionali,Monaco Statistics (IMSEE),https://www.monacostatistics.mc,,FR,MC,,Istituto nazionale di statistica — Monaco
📊 Statistiche & Dati Macroeconomici,Istituti di Statistica Nazionali,Myanmar Statistical Information Service,https://www.mmsis.gov.mm,,MY,MM,,Istituto nazionale di statistica — Myanmar
📊 Statistiche & Dati Macroeconomici,Istituti di Statistica Nazionali,Namibia Statistics Agency,https://www.nsa.org.na,,EN,NA,,Istituto nazionale di statistica — Namibia
📊 Statistiche & Dati Macroeconomici,Istituti di Statistica Nazionali,National Agricultural Statistics Service,https://www.nass.usda.gov,,EN,US,,Istituto nazionale di statistica — United States
📊 Statistiche & Dati Macroeconomici,Istituti di Statistica Nazionali,National Bureau of Statistics,https://www.nigerianstat.gov.ng,,EN,NG,,Istituto nazionale di statistica — Nigeria
📊 Statistiche & Dati Macroeconomici,Istituti di Statistica Nazionali,National Bureau of Statistics,https://www.nbs.go.tz,,EN,TZ,,Istituto nazionale di statistica — Tanzania
📊 Statistiche & Dati Macroeconomici,Istituti di Statistica Nazionali,National Bureau of Statistics,https://statistics.gov.ag,,EN,AG,,Istituto nazionale di statistica — Antigua and Barbuda
📊 Statistiche & Dati Macroeconomici,Istituti di Statistica Nazionali,National Bureau of Statistics (BNS),https://www.statistica.md,,RO,MD,,Istituto nazionale di statistica — Moldova
📊 Statistiche & Dati Macroeconomici,Istituti di Statistica Nazionali,National Center for Education Statistics,https://nces.ed.gov,,EN,US,,Istituto nazionale di statistica — United States
📊 Statistiche & Dati Macroeconomici,Istituti di Statistica Nazionali,National Centre for Statistics & Information,https://data.gov.om,,AR,OM,,Istituto nazionale di statistica — Oman
📊 Statistiche & Dati Macroeconomici,Istituti di Statistica Nazionali,National Institute of Statistics,https://www.statistics-cameroon.org,,EN,CM,,Istituto nazionale di statistica — Cameroon
📊 Statistiche & Dati Macroeconomici,Istituti di Statistica Nazionali,National Institute of Statistics,https://www.nis.gov.kh,,KM,KH,,Istituto nazionale di statistica — Cambodia
📊 Statistiche & Dati Macroeconomici,Istituti di Statistica Nazionali,National Institute of Statistics of Rwanda,https://www.statistics.gov.rw,,EN,RW,,Istituto nazionale di statistica — Rwanda
📊 Statistiche & Dati Macroeconomici,Istituti di Statistica Nazionali,National Statistical Committee,https://www.stat.kg,,RU,KG,,Istituto nazionale di statistica — Kyrgyzstan
📊 Statistiche & Dati Macroeconomici,Istituti di Statistica Nazionali,National Statistical Committee (BELSTAT),https://www.belstat.gov.by/en,,RU,BY,,Istituto nazionale di statistica — Belarus
📊 Statistiche & Dati Macroeconomici,Istituti di Statistica Nazionali,National Statistical Institute (NSI),https://www.nsi.bg/en,,BG,BG,,Istituto nazionale di statistica — Bulgaria
📊 Statistiche & Dati Macroeconomici,Istituti di Statistica Nazionali,National Statistical Office,https://www.nsomalawi.mw,,EN,MW,,Istituto nazionale di statistica — Malawi
📊 Statistiche & Dati Macroeconomici,Istituti di Statistica Nazionali,National Statistical Office,https://www.nso.go.th,,TH,TH,,Istituto nazionale di statistica — Thailand
📊 Statistiche & Dati Macroeconomici,Istituti di Statistica Nazionali,National Statistical Office of PNG,https://www.nso.gov.pg,,EN,PG,,Istituto nazionale di statistica — Papua New Guinea
📊 Statistiche & Dati Macroeconomici,Istituti di Statistica Nazionali,National Statistics and Information Authority,https://nsia.gov.af,,EN,AF,,Istituto nazionale di statistica — Afghanistan
📊 Statistiche & Dati Macroeconomici,Istituti di Statistica Nazionali,National Statistics Bureau,https://www.nbs.gov.sc,,EN,SC,,Istituto nazionale di statistica — Seychelles
📊 Statistiche & Dati Macroeconomici,Istituti di Statistica Nazionali,National Statistics Bureau,https://www.nsb.gov.bt,,EN,BT,,Istituto nazionale di statistica — Bhutan
📊 Statistiche & Dati Macroeconomici,Istituti di Statistica Nazionali,National Statistics Office,https://www.cbs.gov.np,,NE,NP,,Istituto nazionale di statistica — Nepal
📊 Statistiche & Dati Macroeconomici,Istituti di Statistica Nazionali,National Statistics Office,https://www.nso.gov.vn,,VI,VN,,Istituto nazionale di statistica — Vietnam
📊 Statistiche & Dati Macroeconomici,Istituti di Statistica Nazionali,National Statistics Office (NSO),https://www.nso.gov.mt,,EN,MT,,Istituto nazionale di statistica — Malta
📊 Statistiche & Dati Macroeconomici,Istituti di Statistica Nazionali,National Statistics Office of Georgia (GeoStat),https://www.geostat.ge,,KA,GE,,Istituto nazionale di statistica — Georgia
📊 Statistiche & Dati Macroeconomici,Istituti di Statistica Nazionali,National Statistics Office of Mongolia,https://www.nso.mn,,MN,MN,,Istituto nazionale di statistica — Mongolia
📊 Statistiche & Dati Macroeconomici,Istituti di Statistica Nazionali,Office for National Statistics (ONS),https://www.ons.gov.uk,,EN,GB,,Istituto nazionale di statistica — United Kingdom
📊 Statistiche & Dati Macroeconomici,Istituti di Statistica Nazionali,Office National des Statistiques,https://www.ons.dz,,AR,DZ,,Istituto nazionale di statistica — Algeria
📊 Statistiche & Dati Macroeconomici,Istituti di Statistica Nazionali,Office of Statistics,https://www.as.llv.li,,DE,LI,,Istituto nazionale di statistica — Liechtenstein
📊 Statistiche & Dati Macroeconomici,Istituti di Statistica Nazionali,Oficina Nacional de Estadística,https://www.one.gob.do,,ES,DO,,Istituto nazionale di statistica — Dominican Republic
📊 Statistiche & Dati Macroeconomici,Istituti di Statistica Nazionali,Oficina Nacional de Estadísticas (ONEI),https://www.onei.gob.cu,,ES,CU,,Istituto nazionale di statistica — Cuba
📊 Statistiche & Dati Macroeconomici,Istituti di Statistica Nazionali,Pakistan Bureau of Statistics,https://www.pbs.gov.pk,,EN,PK,,Istituto nazionale di statistica — Pakistan
📊 Statistiche & Dati Macroeconomici,Istituti di Statistica Nazionali,Palestinian Central Bureau of Statistics,https://www.pcbs.gov.ps,,AR,PS,,Istituto nazionale di statistica — Palestine
📊 Statistiche & Dati Macroeconomici,Istituti di Statistica Nazionali,Philippine Statistics Authority,https://psa.gov.ph,,EN,PH,,Istituto nazionale di statistica — Philippines
📊 Statistiche & Dati Macroeconomici,Istituti di Statistica Nazionali,Planning and Statistics Authority,https://www.psa.gov.qa,,AR,QA,,Istituto nazionale di statistica — Qatar
📊 Statistiche & Dati Macroeconomici,Istituti di Statistica Nazionali,Solomon Islands Statistics,https://www.statistics.gov.sb,,EN,SB,,Istituto nazionale di statistica — Solomon Islands
📊 Statistiche & Dati Macroeconomici,Istituti di Statistica Nazionali,Somalia National Bureau of Statistics,https://www.nbs.gov.so,,EN,SO,,Istituto nazionale di statistica — Somalia
📊 Statistiche & Dati Macroeconomici,Istituti di Statistica Nazionali,State Committee on Statistics,https://www.stat.gov.tm,,RU,TM,,Istituto nazionale di statistica — Turkmenistan
📊 Statistiche & Dati Macroeconomici,Istituti di Statistica Nazionali,State Committee on Statistics,https://stat.uz,,RU,UZ,,Istituto nazionale di statistica — Uzbekistan
📊 Statistiche & Dati Macroeconomici,Istituti di Statistica Nazionali,State Statistical Office,https://www.stat.gov.mk,,MK,MK,,Istituto nazionale di statistica — North Macedonia
📊 Statistiche & Dati Macroeconomici,Istituti di Statistica Nazionali,State Statistics Committee of Azerbaijan,https://www.stat.gov.az,,AZ,AZ,,Istituto nazionale di statistica — Azerbaijan
📊 Statistiche & Dati Macroeconomici,Istituti di Statistica Nazionali,State Statistics Service of Ukraine,https://www.stat.gov.ua,,UK,UA,,Istituto nazionale di statistica — Ukraine
📊 Statistiche & Dati Macroeconomici,Istituti di Statistica Nazionali,STATEC,https://statistiques.public.lu,,FR,LU,,Istituto nazionale di statistica — Luxembourg
📊 Statistiche & Dati Macroeconomici,Istituti di Statistica Nazionali,Statistical Committee of Armenia,https://www.armstat.am,,HY,AM,,Istituto nazionale di statistica — Armenia
📊 Statistiche & Dati Macroeconomici,Istituti di Statistica Nazionali,Statistical Institute of Belize,https://www.sib.org.bz,,EN,BZ,,Istituto nazionale di statistica — Belize
📊 Statistiche & Dati Macroeconomici,Istituti di Statistica Nazionali,Statistical Institute of Jamaica,https://statinja.gov.jm,,EN,JM,,Istituto nazionale di statistica — Jamaica
📊 Statistiche & Dati Macroeconomici,Istituti di Statistica Nazionali,Statistical Office of Montenegro (MONSTAT),https://www.monstat.org,,SR,ME,,Istituto nazionale di statistica — Montenegro
📊 Statistiche & Dati Macroeconomici,Istituti di Statistica Nazionali,Statistical Office of the Republic of Serbia,https://www.stat.gov.rs,,SR,RS,,Istituto nazionale di statistica — Serbia
📊 Statistiche & Dati Macroeconomici,Istituti di Statistica Nazionali,Statistical Office of the Slovak Republic,https://www.susr.sk,,SK,SK,,Istituto nazionale di statistica — Slovakia
📊 Statistiche & Dati Macroeconomici,Istituti di Statistica Nazionali,Statistical Service of Cyprus (CYSTAT),https://www.cystat.gov.cy,,EN,CY,,Istituto nazionale di statistica — Cyprus
📊 Statistiche & Dati Macroeconomici,Istituti di Statistica Nazionali,Statistics and Census Service (DSEC),https://www.dsec.gov.mo,,ZH,MO,,Istituto nazionale di statistica — Macau
📊 Statistiche & Dati Macroeconomici,Istituti di Statistica Nazionali,Statistics Austria,https://www.statistik.at,,DE,AT,,Istituto nazionale di statistica — Austria
📊 Statistiche & Dati Macroeconomici,Istituti di Statistica Nazionali,Statistics Belgium,https://www.statbel.fgov.be,,NL,BE,,Istituto nazionale di statistica — Belgium
📊 Statistiche & Dati Macroeconomici,Istituti di Statistica Nazionali,Statistics Bureau of Japan,https://www.stat.go.jp,,JA,JP,,Istituto nazionale di statistica — Japan
📊 Statistiche & Dati Macroeconomici,Istituti di Statistica Nazionali,Statistics Canada,https://www.statcan.gc.ca,,EN,CA,,Istituto nazionale di statistica — Canada
📊 Statistiche & Dati Macroeconomici,Istituti di Statistica Nazionali,Statistics Denmark,https://www.dst.dk,,DA,DK,,Istituto nazionale di statistica — Denmark
📊 Statistiche & Dati Macroeconomici,Istituti di Statistica Nazionali,Statistics Estonia,https://www.stat.ee,,ET,EE,,Istituto nazionale di statistica — Estonia
📊 Statistiche & Dati Macroeconomici,Istituti di Statistica Nazionali,Statistics Faroe Islands,https://www.hagstova.fo,,FO,FO,,Istituto nazionale di statistica — Faroe Islands
📊 Statistiche & Dati Macroeconomici,Istituti di Statistica Nazionali,Statistics Finland,https://www.stat.fi,,FI,FI,,Istituto nazionale di statistica — Finland
📊 Statistiche & Dati Macroeconomici,Istituti di Statistica Nazionali,Statistics Iceland,https://www.statice.is,,IS,IS,,Istituto nazionale di statistica — Iceland
📊 Statistiche & Dati Macroeconomici,Istituti di Statistica Nazionali,Statistics Korea (KOSTAT),https://kostat.go.kr,,KO,KR,,Istituto nazionale di statistica — South Korea
📊 Statistiche & Dati Macroeconomici,Istituti di Statistica Nazionali,Statistics Mauritius,https://statsmauritius.govmu.org,,EN,MU,,Istituto nazionale di statistica — Mauritius
📊 Statistiche & Dati Macroeconomici,Istituti di Statistica Nazionali,Statistics Netherlands (CBS),https://www.cbs.nl,,NL,NL,,Istituto nazionale di statistica — Netherlands
📊 Statistiche & Dati Macroeconomici,Istituti di Statistica Nazionali,Statistics New Zealand,https://www.stats.govt.nz,,EN,NZ,,Istituto nazionale di statistica — New Zealand
📊 Statistiche & Dati Macroeconomici,Istituti di Statistica Nazionali,Statistics Norway (SSB),https://www.ssb.no,,NO,NO,,Istituto nazionale di statistica — Norway
📊 Statistiche & Dati Macroeconomici,Istituti di Statistica Nazionali,Statistics Poland (GUS),https://www.stat.gov.pl,,PL,PL,,Istituto nazionale di statistica — Poland
📊 Statistiche & Dati Macroeconomici,Istituti di Statistica Nazionali,Statistics Portugal (INE),https://www.ine.pt,,PT,PT,,Istituto nazionale di statistica — Portugal
📊 Statistiche & Dati Macroeconomici,Istituti di Statistica Nazionali,Statistics Sierra Leone,https://www.statistics.sl,,EN,SL,,Istituto nazionale di statistica — Sierra Leone
📊 Statistiche & Dati Macroeconomici,Istituti di Statistica Nazionali,Statistics South Africa,https://www.statssa.gov.za,,EN,ZA,,Istituto nazionale di statistica — South Africa
📊 Statistiche & Dati Macroeconomici,Istituti di Statistica Nazionali,Statistics Sweden (SCB),https://www.scb.se,,SV,SE,,Istituto nazionale di statistica — Sweden
📊 Statistiche & Dati Macroeconomici,Istituti di Statistica Nazionali,The Gambia Bureau of Statistics,https://www.gbosdata.org,,EN,GM,,Istituto nazionale di statistica — Gambia
📊 Statistiche & Dati Macroeconomici,Istituti di Statistica Nazionali,Turkish Statistical Institute (TUIK),https://www.turkstat.gov.tr,,TR,TR,,Istituto nazionale di statistica — Turkey
📊 Statistiche & Dati Macroeconomici,Istituti di Statistica Nazionali,"Ufficio Tecnologia, Dati e Statistica",https://www.statistica.sm,,IT,SM,,Istituto nazionale di statistica — San Marino
📊 Statistiche & Dati Macroeconomici,Istituti di Statistica Nazionali,Uganda Bureau of Statistics,https://www.ubos.org,,EN,UG,,Istituto nazionale di statistica — Uganda
📊 Statistiche & Dati Macroeconomici,Istituti di Statistica Nazionali,United States Census Bureau,https://www.census.gov,,EN,US,,Istituto nazionale di statistica — United States
📊 Statistiche & Dati Macroeconomici,Istituti di Statistica Nazionali,Zambia Statistics Agency,https://www.zamstats.gov.zm,,EN,ZM,,Istituto nazionale di statistica — Zambia
📊 Statistiche & Dati Macroeconomici,Istituti di Statistica Nazionali,Zimbabwe National Statistics Agency,https://www.zimstat.co.zw,,EN,ZW,,Istituto nazionale di statistica — Zimbabwe
📊 Statistiche & Dati Macroeconomici,Organizzazioni Internazionali & Banche di Sviluppo,ADB — Asian Development Bank,https://www.adb.org,,EN,Asia,,"Banca asiatica di sviluppo, dati e report"
📊 Statistiche & Dati Macroeconomici,Organizzazioni Internazionali & Banche di Sviluppo,AfDB — African Development Bank,https://www.afdb.org,,EN/FR,Africa,,Banca africana di sviluppo
📊 Statistiche & Dati Macroeconomici,Organizzazioni Internazionali & Banche di Sviluppo,AIIB,https://www.aiib.org,,EN,Asia,,Asian Infrastructure Investment Bank
📊 Statistiche & Dati Macroeconomici,Organizzazioni Internazionali & Banche di Sviluppo,BOAD — Banque Ouest Africaine de Développement,https://www.boad.org,,FR,Africa Occ.,,Banca sviluppo Africa Occidentale
📊 Statistiche & Dati Macroeconomici,Organizzazioni Internazionali & Banche di Sviluppo,CABEI — Central American Bank,https://www.bcie.org,,ES,America Centrale,,Banco Centroamericano de Integración Económica
📊 Statistiche & Dati Macroeconomici,Organizzazioni Internazionali & Banche di Sviluppo,CAF — Banco de Desarrollo de América Latina,https://www.caf.com,,ES/EN,LatAm,,Banca di sviluppo latinoamericana
📊 Statistiche & Dati Macroeconomici,Organizzazioni Internazionali & Banche di Sviluppo,CDB — Caribbean Development Bank,https://www.caribank.org,,EN,Caraibi,,Banca caraibica di sviluppo
📊 Statistiche & Dati Macroeconomici,Organizzazioni Internazionali & Banche di Sviluppo,EADB — East African Development Bank,https://www.eadb.org,,EN,Africa Or.,,Banca sviluppo Africa Orientale
📊 Statistiche & Dati Macroeconomici,Organizzazioni Internazionali & Banche di Sviluppo,EBRD,https://www.ebrd.com,,EN,Europa,,Banca europea per la ricostruzione e lo sviluppo
📊 Statistiche & Dati Macroeconomici,Organizzazioni Internazionali & Banche di Sviluppo,EIB — European Investment Bank,https://www.eib.org,,EN,EU,,Banca europea per gli investimenti
📊 Statistiche & Dati Macroeconomici,Organizzazioni Internazionali & Banche di Sviluppo,GCF — Green Climate Fund,https://www.greenclimate.fund,,EN,Globale,,Fondo verde per il clima ONU
📊 Statistiche & Dati Macroeconomici,Organizzazioni Internazionali & Banche di Sviluppo,GEF — Global Environment Facility,https://www.thegef.org,,EN,Globale,,Fondo globale per l'ambiente
📊 Statistiche & Dati Macroeconomici,Organizzazioni Internazionali & Banche di Sviluppo,IDA — International Development Association,https://ida.worldbank.org,,EN,Globale,,Braccio concessionale Banca Mondiale
📊 Statistiche & Dati Macroeconomici,Organizzazioni Internazionali & Banche di Sviluppo,IDB — Inter-American Development Bank,https://www.iadb.org,,EN/ES,Americhe,,Banca interamericana di sviluppo
📊 Statistiche & Dati Macroeconomici,Organizzazioni Internazionali & Banche di Sviluppo,IFAD,https://www.ifad.org,,EN,Globale,,Fondo sviluppo agricolo ONU
📊 Statistiche & Dati Macroeconomici,Organizzazioni Internazionali & Banche di Sviluppo,IFC — International Finance Corporation,https://www.ifc.org,,EN,Globale,,Braccio privato Banca Mondiale
📊 Statistiche & Dati Macroeconomici,Organizzazioni Internazionali & Banche di Sviluppo,IMO — International Maritime Organization,https://www.imo.org,,EN,Globale,,Organizzazione marittima internazionale ONU
📊 Statistiche & Dati Macroeconomici,Organizzazioni Internazionali & Banche di Sviluppo,IsDB — Islamic Development Bank,https://www.isdb.org,,EN/AR,Globale,,Banca islamica di sviluppo
📊 Statistiche & Dati Macroeconomici,Organizzazioni Internazionali & Banche di Sviluppo,ITU,https://www.itu.int,,EN/Multi,Globale,,"Unione internazionale telecomunicazioni, dati ICT"
📊 Statistiche & Dati Macroeconomici,Organizzazioni Internazionali & Banche di Sviluppo,MIGA,https://www.miga.org,,EN,Globale,,"Garanzie investimenti, Banca Mondiale"
📊 Statistiche & Dati Macroeconomici,Organizzazioni Internazionali & Banche di Sviluppo,NDB — New Development Bank,https://www.ndb.int,,EN,BRICS,,Banca di sviluppo BRICS
📊 Statistiche & Dati Macroeconomici,Organizzazioni Internazionali & Banche di Sviluppo,UNCTAD,https://unctad.org,,EN,Globale,,Conferenza ONU commercio e sviluppo — dati e report
📊 Statistiche & Dati Macroeconomici,Organizzazioni Internazionali & Banche di Sviluppo,UNESCO,https://www.unesco.org,,EN/Multi,Globale,,"Educazione, scienza e cultura ONU"
📊 Statistiche & Dati Macroeconomici,Organizzazioni Internazionali & Banche di Sviluppo,UNFCCC,https://unfccc.int,,EN,Globale,,Convenzione ONU cambiamenti climatici — NDC registry
📊 Statistiche & Dati Macroeconomici,Organizzazioni Internazionali & Banche di Sviluppo,UNIDO,https://www.unido.org,,EN,Globale,,Sviluppo industriale ONU
📊 Statistiche & Dati Macroeconomici,Organizzazioni Internazionali & Banche di Sviluppo,WFP — World Food Programme,https://www.wfp.org,,EN/Multi,Globale,,Programma alimentare mondiale
📊 Statistiche & Dati Macroeconomici,"Sondaggi, Barometri & Dataset Comparativi",Arab Barometer,https://www.arabbarometer.org,,EN/AR,MENA,,Sondaggi mondo arabo
📊 Statistiche & Dati Macroeconomici,"Sondaggi, Barometri & Dataset Comparativi",Asian Barometer,https://www.asianbarometer.org,,EN,Asia,,Sondaggi democrazia in Asia
📊 Statistiche & Dati Macroeconomici,"Sondaggi, Barometri & Dataset Comparativi",Constitute Project,https://www.constituteproject.org,,EN,Globale,,Costituzioni mondiali comparate
📊 Statistiche & Dati Macroeconomici,"Sondaggi, Barometri & Dataset Comparativi",Correlates of War,https://correlatesofwar.org,,EN,Globale,,Dataset storici guerre e alleanze
📊 Statistiche & Dati Macroeconomici,"Sondaggi, Barometri & Dataset Comparativi",CSES — Comparative Study of Electoral Systems,https://cses.org,,EN,Globale,,Studio comparato sistemi elettorali — microdati 50+ Paesi
📊 Statistiche & Dati Macroeconomici,"Sondaggi, Barometri & Dataset Comparativi",Eurobarometer — Surveys,https://europa.eu/eurobarometer/surveys/browse/all,,Multi,EU,,Sondaggi periodici opinione pubblica UE per Paese
📊 Statistiche & Dati Macroeconomici,"Sondaggi, Barometri & Dataset Comparativi",European Social Survey,https://www.europeansocialsurvey.org,,EN,Europa,,Survey sociale comparata europea
📊 Statistiche & Dati Macroeconomici,"Sondaggi, Barometri & Dataset Comparativi",Fragile States Index,https://fragilestatesindex.org,,EN,Globale,,Fragilità statale (Fund for Peace)
📊 Statistiche & Dati Macroeconomici,"Sondaggi, Barometri & Dataset Comparativi",FRED — Federal Reserve Economic Data,https://fred.stlouisfed.org,,EN,Globale,Gratuito,"Database macro time-series (St. Louis Fed) — 800k+ serie, API"
📊 Statistiche & Dati Macroeconomici,"Sondaggi, Barometri & Dataset Comparativi",Gallup World Poll,https://www.gallup.com/analytics/318875/global-research.aspx,,EN,Globale,,Sondaggi globali opinione pubblica — 140+ Paesi
📊 Statistiche & Dati Macroeconomici,"Sondaggi, Barometri & Dataset Comparativi",Global Competitiveness Index — WEF,https://www.weforum.org/reports/the-global-competitiveness-report-2020,,EN,Globale,,Indice competitività WEF per Paese
📊 Statistiche & Dati Macroeconomici,"Sondaggi, Barometri & Dataset Comparativi",Global Innovation Index (WIPO),https://www.globalinnovationindex.org,,EN,Globale,,Innovazione per Paese
📊 Statistiche & Dati Macroeconomici,"Sondaggi, Barometri & Dataset Comparativi",Global Peace Index (IEP),https://www.economicsandpeace.org,,EN,Globale,,Institute for Economics and Peace
📊 Statistiche & Dati Macroeconomici,"Sondaggi, Barometri & Dataset Comparativi",Henley & Partners — Passport Index,https://www.henleyglobal.com,,EN,Globale,,Indice passaporti e mobilità
📊 Statistiche & Dati Macroeconomici,"Sondaggi, Barometri & Dataset Comparativi",ISSP,https://issp.org,,EN,Globale,,Programma survey sociale internazionale
📊 Statistiche & Dati Macroeconomici,"Sondaggi, Barometri & Dataset Comparativi",LAPOP — Latin American Public Opinion Project,https://www.vanderbilt.edu/lapop,,EN/ES,LatAm,,Sondaggi opinione pubblica latinoamericana — Vanderbilt
📊 Statistiche & Dati Macroeconomici,"Sondaggi, Barometri & Dataset Comparativi",Latinobarómetro,https://www.latinobarometro.org,,ES,LatAm,,Opinione pubblica latinoamericana
📊 Statistiche & Dati Macroeconomici,"Sondaggi, Barometri & Dataset Comparativi",Legatum Prosperity Index,https://www.prosperity.com,,EN,Globale,,Indice prosperità per Paese
📊 Statistiche & Dati Macroeconomici,"Sondaggi, Barometri & Dataset Comparativi",Lowy Asia Power Index,https://power.lowyinstitute.org,,EN,Asia,,Potenza comparata in Asia
📊 Statistiche & Dati Macroeconomici,"Sondaggi, Barometri & Dataset Comparativi",Mo Ibrahim Index (IIAG),https://mo.ibrahim.foundation/iiag,,EN,Africa,,Indice governance africana per Paese
📊 Statistiche & Dati Macroeconomici,"Sondaggi, Barometri & Dataset Comparativi",ND-GAIN Index,https://gain.nd.edu,,EN,Globale,,Adattamento climatico per Paese
📊 Statistiche & Dati Macroeconomici,"Sondaggi, Barometri & Dataset Comparativi",Polity5 Project,https://www.systemicpeace.org/polityproject.html,,EN,Globale,,Dataset regime politico storico 1800-presente
📊 Statistiche & Dati Macroeconomici,"Sondaggi, Barometri & Dataset Comparativi",QoG — Quality of Government Dataset,https://www.gu.se/en/quality-government/qog-data,,EN,Globale,,Dataset qualità governance per Paese — Università Göteborg
📊 Statistiche & Dati Macroeconomici,"Sondaggi, Barometri & Dataset Comparativi",World Values Survey,https://www.worldvaluessurvey.org,,EN,Globale,,Valori comparati ~100 Paesi
🏢 Registri Aziendali & Corporate Intelligence,Camere di Commercio,AACCLA (American Chambers in Latin America),https://www.aaccla.org,,EN,LatAm,,Federazione delle AmCham in America Latina e Caraibi — LatAm
🏢 Registri Aziendali & Corporate Intelligence,Camere di Commercio,AARGAU CHAMBER OF COMMERCE AND INDUSTRY,https://www.aihk.ch/,,,CH,,Dataset strutturato: selezione dei membri della World Chambers Federation (WCF)
🏢 Registri Aziendali & Corporate Intelligence,Camere di Commercio,ABBOTSFORD CHAMBER OF COMMERCE,https://www.abbotsfordchamber.com/,,,,,Dataset strutturato: selezione dei membri della World Chambers Federation (WCF)
🏢 Registri Aziendali & Corporate Intelligence,Camere di Commercio,ABHA CHAMBER OF COMMERCE,https://www.abhacci.org.sa/,,,SA,,Dataset strutturato: selezione dei membri della World Chambers Federation (WCF)
🏢 Registri Aziendali & Corporate Intelligence,Camere di Commercio,Abu Dhabi Chamber of Commerce & Industry,https://www.abudhabichamber.ae/,,,AE,,Dataset strutturato: selezione dei membri della World Chambers Federation (WCF)
🏢 Registri Aziendali & Corporate Intelligence,Camere di Commercio,African Chambers of Commerce,https://africanchambersofcommerce.org,,EN,Pan-Africa,,Rete africana — Pan-Africa
🏢 Registri Aziendali & Corporate Intelligence,Camere di Commercio,Albania — Union of Chambers,https://uccial.al,,SQ/EN,AL,,Unione camere albanesi
🏢 Registri Aziendali & Corporate Intelligence,Camere di Commercio,AmCham Honduras,https://amchamhonduras.org,,ES,HN,,Camera di Commercio Americana (AmCham) — membro AACCLA
🏢 Registri Aziendali & Corporate Intelligence,Camere di Commercio,AmCham Jamaica,https://amchamjamaica.org,,EN,JM,,Camera di Commercio Americana (AmCham) — membro AACCLA
🏢 Registri Aziendali & Corporate Intelligence,Camere di Commercio,AmCham Peru,https://amcham.org.pe,,ES,PE,,Camera di Commercio Americana (AmCham) — membro AACCLA
🏢 Registri Aziendali & Corporate Intelligence,Camere di Commercio,Argentina — CAC,https://www.cac.com.ar,,ES,AR,,Cámara Argentina de Comercio
🏢 Registri Aziendali & Corporate Intelligence,Camere di Commercio,ASCAME,https://www.ascame.org,,EN/FR,,,Camere del Mediterraneo
🏢 Registri Aziendali & Corporate Intelligence,Camere di Commercio,Australia — ACCI,https://www.australianchamber.com.au,,EN,AU,,Camera di commercio e industria australiana
🏢 Registri Aziendali & Corporate Intelligence,Camere di Commercio,Bahrain — BCCI,https://www.bcci.bh,,AR/EN,BH,,Camera di commercio del Bahrein
🏢 Registri Aziendali & Corporate Intelligence,Camere di Commercio,Belarus — BelCCI,https://www.cci.by,,RU/EN,BY,,Camera di commercio bielorussa
🏢 Registri Aziendali & Corporate Intelligence,Camere di Commercio,Bosnia — Spoljnotrgovinska komora BiH,https://komorabih.ba,,BS/EN,BA,,Camera di commercio estero BiH
🏢 Registri Aziendali & Corporate Intelligence,Camere di Commercio,Brazil — CACB,https://cacb.org.br,,PT,BR,,Confederazione associazioni commerciali
🏢 Registri Aziendali & Corporate Intelligence,Camere di Commercio,Brazil — CNI,https://www.portaldaindustria.com.br,,PT,BR,,Confederazione nazionale industria
🏢 Registri Aziendali & Corporate Intelligence,Camere di Commercio,Burkina Faso,https://cci.bf/?q=en,,,BF,,Dataset strutturato: membri della Pan African Chamber of Commerce and Industry (
🏢 Registri Aziendali & Corporate Intelligence,Camere di Commercio,CACCI (Confederation of Asia-Pacific Chambers of Commerce and Industry),https://www.cacci.biz/,,,,,Camere di commercio Asia-Pacifico — rete regionale
🏢 Registri Aziendali & Corporate Intelligence,Camere di Commercio,Camera di Commercio — Algeria,https://caci.dz/en/,,,DZ,,Dataset strutturato: membri della Pan African Chamber of Commerce and Industry (
🏢 Registri Aziendali & Corporate Intelligence,Camere di Commercio,Camera di Commercio — Austria,https://www.wko.at/,,DE,AT,,Dataset strutturato: membri effettivi e affiliati di Eurochambres
🏢 Registri Aziendali & Corporate Intelligence,Camere di Commercio,Camera di Commercio — Belgio,https://belgianchambers.be/,,,BE,,Dataset strutturato: membri effettivi e affiliati di Eurochambres
🏢 Registri Aziendali & Corporate Intelligence,Camere di Commercio,Camera di Commercio — Benin,https://www.cci.bj/,,,BJ,,Dataset strutturato: membri della Pan African Chamber of Commerce and Industry (
🏢 Registri Aziendali & Corporate Intelligence,Camere di Commercio,Camera di Commercio — Botswana,https://bb.org.bw/,,,BW,,Dataset strutturato: membri della Pan African Chamber of Commerce and Industry (
🏢 Registri Aziendali & Corporate Intelligence,Camere di Commercio,Camera di Commercio — Bulgaria,https://www.bcci.bg/,,BG,BG,,Dataset strutturato: membri effettivi e affiliati di Eurochambres
🏢 Registri Aziendali & Corporate Intelligence,Camere di Commercio,Camera di Commercio — Camerun,http://ccima.cm/,,,CM,,Dataset strutturato: membri della Pan African Chamber of Commerce and Industry (
🏢 Registri Aziendali & Corporate Intelligence,Camere di Commercio,Camera di Commercio — Cile,https://www.amchamchile.cl/,,ES,CL,,Dataset strutturato: le Camere di Commercio Americane (AmChams) in America Latin
🏢 Registri Aziendali & Corporate Intelligence,Camere di Commercio,Camera di Commercio — Cipro,http://www.ccci.org.cy/,,EL,CY,,Dataset strutturato: membri effettivi e affiliati di Eurochambres
🏢 Registri Aziendali & Corporate Intelligence,Camere di Commercio,Camera di Commercio — Croazia,http://www.investincroatia.hr/,,HR,HR,,Dataset strutturato: membri effettivi e affiliati di Eurochambres
🏢 Registri Aziendali & Corporate Intelligence,Camere di Commercio,Camera di Commercio — Ecuador,https://www.ecamcham.com,,ES,EC,,Dataset strutturato: le Camere di Commercio Americane (AmChams) in America Latin
🏢 Registri Aziendali & Corporate Intelligence,Camere di Commercio,Camera di Commercio — Egitto,http://fedcoc.org.eg/,,,EG,,Dataset strutturato: membri della Pan African Chamber of Commerce and Industry (
🏢 Registri Aziendali & Corporate Intelligence,Camere di Commercio,Camera di Commercio — Estonia,https://www.koda.ee/,,,EE,,Dataset strutturato: membri effettivi e affiliati di Eurochambres
🏢 Registri Aziendali & Corporate Intelligence,Camere di Commercio,Camera di Commercio — Etiopia,https://www.ethiopianchamber.com/,,,ET,,Dataset strutturato: membri della Pan African Chamber of Commerce and Industry (
🏢 Registri Aziendali & Corporate Intelligence,Camere di Commercio,Camera di Commercio — Finlandia,https://www.kauppakamari.fi/,,FI,FI,,Dataset strutturato: membri effettivi e affiliati di Eurochambres
🏢 Registri Aziendali & Corporate Intelligence,Camere di Commercio,Camera di Commercio — Francia,https://www.cci.fr/,,FR,FR,,Dataset strutturato: membri effettivi e affiliati di Eurochambres
🏢 Registri Aziendali & Corporate Intelligence,Camere di Commercio,Camera di Commercio — Georgia,http://www.gcci.ge/,,,GE,,Dataset strutturato: membri effettivi e affiliati di Eurochambres
🏢 Registri Aziendali & Corporate Intelligence,Camere di Commercio,Camera di Commercio — Germania,https://www.dihk.de/de,,DE,DE,,Dataset strutturato: membri effettivi e affiliati di Eurochambres
🏢 Registri Aziendali & Corporate Intelligence,Camere di Commercio,Camera di Commercio — Ghana,http://ghanachamber.org/,,,GH,,Dataset strutturato: membri della Pan African Chamber of Commerce and Industry (
🏢 Registri Aziendali & Corporate Intelligence,Camere di Commercio,Camera di Commercio — Grecia,http://www.uhc.gr/,,EL,GR,,Dataset strutturato: membri effettivi e affiliati di Eurochambres
🏢 Registri Aziendali & Corporate Intelligence,Camere di Commercio,Camera di Commercio — Guatemala,https://www.amchamguate.com,,ES,GT,,Dataset strutturato: le Camere di Commercio Americane (AmChams) in America Latin
🏢 Registri Aziendali & Corporate Intelligence,Camere di Commercio,Camera di Commercio — Irlanda,https://www.chambers.ie/,,EN,IE,,Dataset strutturato: membri effettivi e affiliati di Eurochambres
🏢 Registri Aziendali & Corporate Intelligence,Camere di Commercio,Camera di Commercio — Italia,https://www.unioncamere.gov.it/,,IT,IT,,Dataset strutturato: membri effettivi e affiliati di Eurochambres
🏢 Registri Aziendali & Corporate Intelligence,Camere di Commercio,Camera di Commercio — Kenya,https://www.kenyachamber.or.ke/,,,KE,,Dataset strutturato: membri della Pan African Chamber of Commerce and Industry (
🏢 Registri Aziendali & Corporate Intelligence,Camere di Commercio,Camera di Commercio — Lettonia,https://www.chamber.lv/,,LV,LV,,Dataset strutturato: membri effettivi e affiliati di Eurochambres
🏢 Registri Aziendali & Corporate Intelligence,Camere di Commercio,Camera di Commercio — Lituania,https://chambers.lt/,,LT,LT,,Dataset strutturato: membri effettivi e affiliati di Eurochambres
🏢 Registri Aziendali & Corporate Intelligence,Camere di Commercio,Camera di Commercio — Lussemburgo,https://www.cc.lu/accueil/,,,LU,,Dataset strutturato: membri effettivi e affiliati di Eurochambres
🏢 Registri Aziendali & Corporate Intelligence,Camere di Commercio,Camera di Commercio — Malta,https://www.maltachamber.org.mt/,,,MT,,Dataset strutturato: membri effettivi e affiliati di Eurochambres
🏢 Registri Aziendali & Corporate Intelligence,Camere di Commercio,Camera di Commercio — Messico,https://amcham.org.mx,,ES,MX,,Dataset strutturato: le Camere di Commercio Americane (AmChams) in America Latin
🏢 Registri Aziendali & Corporate Intelligence,Camere di Commercio,Camera di Commercio — Nigeria,http://naccima.com/,,,NG,,Dataset strutturato: membri della Pan African Chamber of Commerce and Industry (
🏢 Registri Aziendali & Corporate Intelligence,Camere di Commercio,Camera di Commercio — Norvegia,http://dnhf.no/home-en/,,NO,NO,,Dataset strutturato: membri effettivi e affiliati di Eurochambres
🏢 Registri Aziendali & Corporate Intelligence,Camere di Commercio,Camera di Commercio — Panama,https://www.panamcham.com,,ES,PA,,Dataset strutturato: le Camere di Commercio Americane (AmChams) in America Latin
🏢 Registri Aziendali & Corporate Intelligence,Camere di Commercio,Camera di Commercio — Polonia,https://kig.pl/,,PL,PL,,Dataset strutturato: membri effettivi e affiliati di Eurochambres
🏢 Registri Aziendali & Corporate Intelligence,Camere di Commercio,Camera di Commercio — Portogallo,https://www.ccip.pt/pt/,,PT,PT,,Dataset strutturato: membri effettivi e affiliati di Eurochambres
🏢 Registri Aziendali & Corporate Intelligence,Camere di Commercio,Camera di Commercio — Romania,https://ccir.ro/,,RO,RO,,Dataset strutturato: membri effettivi e affiliati di Eurochambres
🏢 Registri Aziendali & Corporate Intelligence,Camere di Commercio,Camera di Commercio — Ruanda,http://rwandachamber.org/,,,RW,,Dataset strutturato: membri della Pan African Chamber of Commerce and Industry (
🏢 Registri Aziendali & Corporate Intelligence,Camere di Commercio,Camera di Commercio — Senegal,https://cciad.sn/,,,SN,,Dataset strutturato: membri della Pan African Chamber of Commerce and Industry (
🏢 Registri Aziendali & Corporate Intelligence,Camere di Commercio,Camera di Commercio — Slovacchia,https://www.sopk.sk/,,SK,SK,,Dataset strutturato: membri effettivi e affiliati di Eurochambres
🏢 Registri Aziendali & Corporate Intelligence,Camere di Commercio,Camera di Commercio — Slovenia,https://www.gzs.si/,,SL,SI,,Dataset strutturato: membri effettivi e affiliati di Eurochambres
🏢 Registri Aziendali & Corporate Intelligence,Camere di Commercio,Camera di Commercio — Spagna,https://www.camara.es/en,,ES,ES,,Dataset strutturato: membri effettivi e affiliati di Eurochambres
🏢 Registri Aziendali & Corporate Intelligence,Camere di Commercio,Camera di Commercio — Sudafrica,http://sacci.org.za/,,,ZA,,Dataset strutturato: membri della Pan African Chamber of Commerce and Industry (
🏢 Registri Aziendali & Corporate Intelligence,Camere di Commercio,Camera di Commercio — Svizzera,https://www.sihk.ch/,,,CH,,Dataset strutturato: membri effettivi e affiliati di Eurochambres
🏢 Registri Aziendali & Corporate Intelligence,Camere di Commercio,Camera di Commercio — Tanzania,http://tccia.com/,,,TZ,,Dataset strutturato: membri della Pan African Chamber of Commerce and Industry (
🏢 Registri Aziendali & Corporate Intelligence,Camere di Commercio,Camera di Commercio — Turchia,https://www.tobb.org.tr,,TR,TR,,Dataset strutturato: membri effettivi e affiliati di Eurochambres
🏢 Registri Aziendali & Corporate Intelligence,Camere di Commercio,Camera di Commercio — Ucraina,https://ucci.org.ua/,,UK,UA,,Dataset strutturato: membri effettivi e affiliati di Eurochambres
🏢 Registri Aziendali & Corporate Intelligence,Camere di Commercio,Camera di Commercio — Uganda,https://www.chamberuganda.go.ug/,,,UG,,Dataset strutturato: membri della Pan African Chamber of Commerce and Industry (
🏢 Registri Aziendali & Corporate Intelligence,Camere di Commercio,Camera di Commercio — Ungheria,https://mkik.hu/,,HU,HU,,Dataset strutturato: membri effettivi e affiliati di Eurochambres
🏢 Registri Aziendali & Corporate Intelligence,Camere di Commercio,Camera di Commercio — Uruguay,https://www.ccuruguayusa.com,,ES,UY,,Dataset strutturato: le Camere di Commercio Americane (AmChams) in America Latin
🏢 Registri Aziendali & Corporate Intelligence,Camere di Commercio,Camera di Commercio — Zambia,https://zambiachamber.org/,,,ZM,,Dataset strutturato: membri della Pan African Chamber of Commerce and Industry (
🏢 Registri Aziendali & Corporate Intelligence,Camere di Commercio,Canada — Canadian Chamber of Commerce,https://chamber.ca,,EN/FR,CA,,Camera di commercio canadese
🏢 Registri Aziendali & Corporate Intelligence,Camere di Commercio,Chile — CNC,https://www.cnc.cl,,ES,CL,,Camera nazionale commercio cilena
🏢 Registri Aziendali & Corporate Intelligence,Camere di Commercio,China — CCPIT,https://www.ccpit.org,,ZH/EN,CN,,Consiglio promozione commercio internazionale
🏢 Registri Aziendali & Corporate Intelligence,Camere di Commercio,Colombia — Confecámaras,https://confecamaras.org.co,,ES,CO,,Rete camere colombiane
🏢 Registri Aziendali & Corporate Intelligence,Camere di Commercio,Côte d'Ivoire — CCI-CI,https://www.cci.ci,,FR,CI,,Camera di commercio ivoriana
🏢 Registri Aziendali & Corporate Intelligence,Camere di Commercio,Denmark — Dansk Erhverv,https://www.danskerhverv.dk,,DA,DK,,Camera di commercio danese
🏢 Registri Aziendali & Corporate Intelligence,Camere di Commercio,Dominican Rep. — Cámara Santo Domingo,https://camarasantodomingo.do,,ES,DO,,Camera di Santo Domingo
🏢 Registri Aziendali & Corporate Intelligence,Camere di Commercio,EBO Worldwide Network,https://eboworldwide.eu,,EN,EU,,Rete delle organizzazioni imprenditoriali europee all'estero — UE
🏢 Registri Aziendali & Corporate Intelligence,Camere di Commercio,El Salvador,https://www.amchamsal.com,,ES,SV,,Dataset strutturato: le Camere di Commercio Americane (AmChams) in America Latin
🏢 Registri Aziendali & Corporate Intelligence,Camere di Commercio,Eurochambres,https://www.eurochambres.eu,,EN,EU,,Rete camere europee — UE
🏢 Registri Aziendali & Corporate Intelligence,Camere di Commercio,FGCCC (Federation of GCC Chambers),https://fgccc.org/en/,,AR/EN,Golfo,,Federazione delle camere di commercio del Golfo — Golfo
🏢 Registri Aziendali & Corporate Intelligence,Camere di Commercio,GCC — Segretariato Generale,https://gcc-sg.org,,AR/EN,Golfo,,Organizzazione intergovernativa del Golfo (non una federazione camerale) — Golfo — Istituzione
🏢 Registri Aziendali & Corporate Intelligence,Camere di Commercio,Hong Kong — HKGCC,https://www.chamber.org.hk,,EN/ZH,HK,,Camera generale di commercio HK
🏢 Registri Aziendali & Corporate Intelligence,Camere di Commercio,ICC — International Chamber of Commerce,https://iccwbo.org,,EN,Globale,,Camera di commercio internazionale (Parigi)
🏢 Registri Aziendali & Corporate Intelligence,Camere di Commercio,Iceland — Iceland Chamber of Commerce,https://www.chamber.is,,IS/EN,IS,,Camera di commercio islandese
🏢 Registri Aziendali & Corporate Intelligence,Camere di Commercio,India — CII,https://www.cii.in,,EN,IN,,Confederation of Indian Industry
🏢 Registri Aziendali & Corporate Intelligence,Camere di Commercio,India — FICCI,https://www.ficci.in,,EN,IN,,Federazione camere indiane
🏢 Registri Aziendali & Corporate Intelligence,Camere di Commercio,Israel — Federation of Chambers,https://www.chamber.org.il,,HE/EN,IL,,Federazione camere israeliane
🏢 Registri Aziendali & Corporate Intelligence,Camere di Commercio,Japan — JCCI,https://www.jcci.or.jp,,JA/EN,JP,,Camera di commercio e industria giapponese
🏢 Registri Aziendali & Corporate Intelligence,Camere di Commercio,Jordan — Jordan Chamber of Commerce,https://www.jocc.org.jo,,AR/EN,JO,,Camera di commercio giordana
🏢 Registri Aziendali & Corporate Intelligence,Camere di Commercio,Kazakhstan — Atameken,https://atameken.kz,,KK/RU/EN,KZ,,Camera nazionale imprenditori
🏢 Registri Aziendali & Corporate Intelligence,Camere di Commercio,Kuwait — KCCI,https://www.kcci.org.kw,,AR/EN,KW,,Camera di commercio kuwaitiana
🏢 Registri Aziendali & Corporate Intelligence,Camere di Commercio,Lebanon — CCIA Beirut,https://www.ccib.org.lb,,AR/FR/EN,LB,,Camera di Beirut e Monte Libano
🏢 Registri Aziendali & Corporate Intelligence,Camere di Commercio,Mauritius — MCCI,https://www.mcci.org,,EN/FR,MU,,Camera di commercio mauriziana
🏢 Registri Aziendali & Corporate Intelligence,Camere di Commercio,Moldova — Camera de Comerț,https://chamber.md,,RO/EN,MD,,Camera di commercio moldava
🏢 Registri Aziendali & Corporate Intelligence,Camere di Commercio,Mongolia — MNCCI,https://mongolchamber.mn,,MN/EN,MN,,Camera di commercio mongola
🏢 Registri Aziendali & Corporate Intelligence,Camere di Commercio,Morocco — CGEM,https://www.cgem.ma,,FR/AR,MA,,Confederazione imprese marocchine
🏢 Registri Aziendali & Corporate Intelligence,Camere di Commercio,Mozambique — CTA,https://cta.org.mz,,PT,MZ,,Confederazione associazioni economiche
🏢 Registri Aziendali & Corporate Intelligence,Camere di Commercio,Namibia — NCCI,https://www.ncci.org.na,,EN,NA,,Camera di commercio namibiana
🏢 Registri Aziendali & Corporate Intelligence,Camere di Commercio,Nepal — FNCCI,https://fncci.org,,EN/NE,NP,,Federazione camere nepalesi
🏢 Registri Aziendali & Corporate Intelligence,Camere di Commercio,Nigeria — Lagos Chamber (LCCI),https://lagoschamber.com,,EN,NG,,Camera di Lagos
🏢 Registri Aziendali & Corporate Intelligence,Camere di Commercio,North Macedonia — Economic Chamber,https://www.mchamber.mk,,MK/EN,MK,,Camera economica macedone
🏢 Registri Aziendali & Corporate Intelligence,Camere di Commercio,Oman — OCCI,https://chamberoman.om,,AR/EN,OM,,Camera di commercio omanita
🏢 Registri Aziendali & Corporate Intelligence,Camere di Commercio,PACCI (Pan-African Chambers),https://pacci.org,,EN/FR,Pan-Africa,,Camere panafricane — Pan-Africa
🏢 Registri Aziendali & Corporate Intelligence,Camere di Commercio,Pakistan — FPCCI,https://fpcci.org.pk,,EN,PK,,Federazione camere pakistane
🏢 Registri Aziendali & Corporate Intelligence,Camere di Commercio,Peru — Cámara de Comercio de Lima,https://www.camaralima.org.pe,,ES,PE,,Camera di commercio di Lima
🏢 Registri Aziendali & Corporate Intelligence,Camere di Commercio,Philippines — PCCI,https://www.philippinechamber.com,,EN,PH,,Camera di commercio filippina
🏢 Registri Aziendali & Corporate Intelligence,Camere di Commercio,Qatar Chamber — Comitato Sanità,https://www.qatarchamber.com/members,,EN,QA,,Qatar Chamber — settore sanitario privato
🏢 Registri Aziendali & Corporate Intelligence,Camere di Commercio,Repubblica Ceca,https://www.komora.cz/,,CS,CZ,,Dataset strutturato: membri effettivi e affiliati di Eurochambres
🏢 Registri Aziendali & Corporate Intelligence,Camere di Commercio,Russia — TPP RF,https://tpprf.ru,,RU/EN,RU,,Camera di commercio e industria russa
🏢 Registri Aziendali & Corporate Intelligence,Camere di Commercio,Saudi Arabia — Council of Saudi Chambers,https://csc.org.sa,,AR/EN,SA,,Consiglio camere saudite
🏢 Registri Aziendali & Corporate Intelligence,Camere di Commercio,Serbia — Privredna komora Srbije,https://pks.rs,,SR/EN,RS,,Camera di commercio serba
🏢 Registri Aziendali & Corporate Intelligence,Camere di Commercio,Singapore — SBF,https://www.sbf.org.sg,,EN,SG,,Singapore Business Federation
🏢 Registri Aziendali & Corporate Intelligence,Camere di Commercio,Sri Lanka — Ceylon Chamber of Commerce,https://www.chamber.lk,,EN,LK,,Camera di commercio di Ceylon
🏢 Registri Aziendali & Corporate Intelligence,Camere di Commercio,Thailand — Thai Chamber of Commerce,https://www.thaichamber.org,,TH/EN,TH,,Camera di commercio thailandese
🏢 Registri Aziendali & Corporate Intelligence,Camere di Commercio,Trinidad e Tobago,https://www.amchamtt.com,,,TT,,Dataset strutturato: le Camere di Commercio Americane (AmChams) in America Latin
🏢 Registri Aziendali & Corporate Intelligence,Camere di Commercio,UAE — Dubai Chamber,https://www.dubaichamber.com,,AR/EN,AE,,Camera di commercio di Dubai
🏢 Registri Aziendali & Corporate Intelligence,Camere di Commercio,UK — British Chambers of Commerce,https://www.britishchambers.org.uk,,EN,GB,,Federazione camerale britannica
🏢 Registri Aziendali & Corporate Intelligence,Camere di Commercio,US — U.S. Chamber of Commerce,https://www.uschamber.com,,EN,US,,Camera di commercio statunitense
🏢 Registri Aziendali & Corporate Intelligence,Camere di Commercio,VenAmCham (Venezuela),https://www.venamcham.org,,ES,VE,,Camera di Commercio Americana (AmCham) — membro AACCLA
🏢 Registri Aziendali & Corporate Intelligence,Camere di Commercio,Venezuela — Fedecámaras,https://fedecamaras.org,,ES,VE,,Federazione camere venezuelane
🏢 Registri Aziendali & Corporate Intelligence,Camere di Commercio,Vietnam — VCCI,https://vcci.com.vn,,VI/EN,VN,,Camera di commercio vietnamita
🏢 Registri Aziendali & Corporate Intelligence,Risk Management & Business Intelligence,ALIDE,https://www.alide.org.pe,,ES,PE,,Assoc. latinoam. istituzioni finanziarie per sviluppo — Risk/Credit
🏢 Registri Aziendali & Corporate Intelligence,Risk Management & Business Intelligence,BIIA (Business Information Industry Association),https://www.biia.com,,,,,Associazione settore business information — Globale
🏢 Registri Aziendali & Corporate Intelligence,Risk Management & Business Intelligence,Buró de Crédito,https://www.burodecredito.com.mx,,ES,MX,,Credit bureau — Messico
🏢 Registri Aziendali & Corporate Intelligence,Risk Management & Business Intelligence,CFPB — Consumer Reporting Companies List,https://www.consumerfinance.gov/consumer-tools/credit-reports-and-scores/consumer-reporting-companies/companies-list/,,,,,Elenco ufficiale credit bureau USA — CFPB — Database
🏢 Registri Aziendali & Corporate Intelligence,Risk Management & Business Intelligence,Coface,https://www.coface.com,,FR,FR,,Risk economico — Francia
🏢 Registri Aziendali & Corporate Intelligence,Risk Management & Business Intelligence,Confcommercio Milano,https://www.confcommerciomilano.it,,IT,IT,,Associazione commercio Milano — Reti imprese · Italia
🏢 Registri Aziendali & Corporate Intelligence,Risk Management & Business Intelligence,CRIBIS,https://www.cribis.com/it,,IT,IT,,Business information e credit risk Italia — Gruppo CRIF
🏢 Registri Aziendali & Corporate Intelligence,Risk Management & Business Intelligence,CTOS Credit Malaysia,https://ctoscredit.com.my,,EN,MY,,Credit reporting agency — Malaysia
🏢 Registri Aziendali & Corporate Intelligence,Risk Management & Business Intelligence,D&B Cambodia,https://www.dnbcb.com,,EN,KH,,Credit bureau Cambodia — Dun & Bradstreet
🏢 Registri Aziendali & Corporate Intelligence,Risk Management & Business Intelligence,Datazn.ai,https://www.datazn.ai,,EN,,,ESG data providers comparatore 2026
🏢 Registri Aziendali & Corporate Intelligence,Risk Management & Business Intelligence,Decisimo,https://decisimo.com,,EN,,,Credit bureau data e risk scoring — Africa focus
🏢 Registri Aziendali & Corporate Intelligence,Risk Management & Business Intelligence,FATF,https://www.fatf-gafi.org,,,,,AML — Int. org.
🏢 Registri Aziendali & Corporate Intelligence,Risk Management & Business Intelligence,FEBIS,https://www.febis.org,,EN,Globale,,Federation of Business Information Services — Globale
🏢 Registri Aziendali & Corporate Intelligence,Risk Management & Business Intelligence,iDenfy,https://www.idenfy.com,,EN,,,Fraud prevention e identity verification
🏢 Registri Aziendali & Corporate Intelligence,Risk Management & Business Intelligence,Jamlab,https://jamlab.africa,,,Africa,,Media innovation
🏢 Registri Aziendali & Corporate Intelligence,Risk Management & Business Intelligence,Kroll,https://www.kroll.com/en,,EN,Globale,,"Due diligence, investigazioni, compliance e risk intelligence — Globale"
🏢 Registri Aziendali & Corporate Intelligence,Risk Management & Business Intelligence,LexisNexis,https://www.lexisnexis.com,,,,Commerciale,Legale e notizie — A pagamento — Database
🏢 Registri Aziendali & Corporate Intelligence,Risk Management & Business Intelligence,MetricStream,https://www.metricstream.com,,EN,,,Piattaforma GRC e cyber risk management — Leader Forrester 2026
🏢 Registri Aziendali & Corporate Intelligence,Risk Management & Business Intelligence,Moody's,https://www.moodys.com,,,,,Ratings — Research
🏢 Registri Aziendali & Corporate Intelligence,Risk Management & Business Intelligence,Nexis Uni,https://www.lexisnexis.com/en-us/products/nexis-uni.page,,,,,Giornali archivio — Accademico — Database
🏢 Registri Aziendali & Corporate Intelligence,Risk Management & Business Intelligence,ORBIS (Bureau van Dijk),https://orbis.bvdinfo.com,,,,A pagamento,Dati aziende globali — A pagamento
🏢 Registri Aziendali & Corporate Intelligence,Risk Management & Business Intelligence,Riskonnect,https://riskonnect.com,,EN,,,Enterprise risk management platform — Band 1 Forrester 2026
🏢 Registri Aziendali & Corporate Intelligence,Risk Management & Business Intelligence,S&P Global,https://www.spglobal.com,,,,,Ratings — Research
🏢 Registri Aziendali & Corporate Intelligence,Risk Management & Business Intelligence,Stock Analysis,https://stockanalysis.com,,EN,,,Dati finanziari e profili aziendali — Gratuito
🏢 Registri Aziendali & Corporate Intelligence,Risk Management & Business Intelligence,Streamlit,https://streamlit.io,,,,Open Source,Python — Data app
🏢 Registri Aziendali & Corporate Intelligence,Risk Management & Business Intelligence,Sweep,https://www.sweep.net,,EN,,,ESG reporting e sustainability software — SaaS
🏢 Registri Aziendali & Corporate Intelligence,Registri & Ownership,Argentina — IGJ,https://www.argentina.gob.ar/justicia/igj,,ES,AR,,Inspección General de Justicia
🏢 Registri Aziendali & Corporate Intelligence,Registri & Ownership,Armenia — e-Register,https://www.e-register.am,,HY/EN,AM,,Registro imprese armeno
🏢 Registri Aziendali & Corporate Intelligence,Registri & Ownership,Australia — ASIC,https://asic.gov.au,,EN,AU,,Regolatore + registro imprese
🏢 Registri Aziendali & Corporate Intelligence,Registri & Ownership,Austria — Firmenbuch (JustizOnline),https://justizonline.gv.at,,DE,AT,,Registro imprese austriaco
🏢 Registri Aziendali & Corporate Intelligence,Registri & Ownership,Bahrain — Sijilat,https://www.sijilat.bh,,AR/EN,BH,,Registro commerciale del Bahrein
🏢 Registri Aziendali & Corporate Intelligence,Registri & Ownership,Belgium — KBO/BCE,https://kbopub.economie.fgov.be,,NL/FR,BE,,Banque-Carrefour des Entreprises
🏢 Registri Aziendali & Corporate Intelligence,Registri & Ownership,Bolivia — SEPREC,https://www.seprec.gob.bo,,ES,BO,,Registro di commercio boliviano
🏢 Registri Aziendali & Corporate Intelligence,Registri & Ownership,Botswana — CIPA,https://www.cipa.co.bw,,EN,BW,,Registro imprese del Botswana
🏢 Registri Aziendali & Corporate Intelligence,Registri & Ownership,Bulgaria — Trade Register (Registry Agency),https://portal.registryagency.bg,,BG/EN,BG,,Registro commerciale bulgaro
🏢 Registri Aziendali & Corporate Intelligence,Registri & Ownership,Canada — Corporations Canada,https://ised-isde.canada.ca/cc/lgcy/fdrlCrpSrch.html,,EN/FR,CA,,Ricerca società federali
🏢 Registri Aziendali & Corporate Intelligence,Registri & Ownership,Chile — Registro de Empresas y Sociedades,https://www.registrodeempresasysociedades.cl,,ES,CL,,Registro imprese semplificato
🏢 Registri Aziendali & Corporate Intelligence,Registri & Ownership,China — GSXT (National Enterprise Credit),https://www.gsxt.gov.cn,,ZH,CN,,Sistema nazionale credito imprese
🏢 Registri Aziendali & Corporate Intelligence,Registri & Ownership,Colombia — RUES,https://www.rues.org.co,,ES,CO,,Registro unico imprese e società
🏢 Registri Aziendali & Corporate Intelligence,Registri & Ownership,Croatia — Sudski registar,https://sudreg.pravosudje.hr,,HR,HR,,Registro giudiziario imprese
🏢 Registri Aziendali & Corporate Intelligence,Registri & Ownership,Cyprus — Companies Section (DRCOR),https://www.companies.gov.cy,,EL/EN,CY,,Registro società cipriota
🏢 Registri Aziendali & Corporate Intelligence,Registri & Ownership,Czechia — Veřejný rejstřík (Justice.cz),https://or.justice.cz,,CS,CZ,,Registro pubblico imprese ceco
🏢 Registri Aziendali & Corporate Intelligence,Registri & Ownership,Denmark — CVR (Virk),https://datacvr.virk.dk,,DA/EN,DK,,Registro centrale imprese danese
🏢 Registri Aziendali & Corporate Intelligence,Registri & Ownership,Ecuador — Superintendencia de Compañías,https://www.supercias.gob.ec,,ES,EC,,Vigilanza e registro società ecuadoriano
🏢 Registri Aziendali & Corporate Intelligence,Registri & Ownership,Estonia — e-Business Register,https://ariregister.rik.ee,,ET/EN,EE,,Registro imprese estone
🏢 Registri Aziendali & Corporate Intelligence,Registri & Ownership,"EU e-Justice — BRIS ""Find a company""",https://e-justice.europa.eu/topics/registers-business-insolvency-land/business-registers-search-company-eu_en,,Multi,EU+EEA,,Interconnessione registri imprese UE
🏢 Registri Aziendali & Corporate Intelligence,Registri & Ownership,Finland — PRH / Virre,https://www.prh.fi,,FI/EN,FI,,"Patent and Registration Office, registro imprese"
🏢 Registri Aziendali & Corporate Intelligence,Registri & Ownership,France — Infogreffe,https://www.infogreffe.fr,,FR,FR,,Registro del commercio (RCS)
🏢 Registri Aziendali & Corporate Intelligence,Registri & Ownership,France — INPI Data (RNE),https://data.inpi.fr,,FR,FR,,"Registro nazionale imprese, open data"
🏢 Registri Aziendali & Corporate Intelligence,Registri & Ownership,Georgia — NAPR,https://napr.gov.ge,,KA/EN,GE,,Registro pubblico georgiano
🏢 Registri Aziendali & Corporate Intelligence,Registri & Ownership,Germany — Handelsregister,https://www.handelsregister.de,,DE,DE,,Registro commerciale
🏢 Registri Aziendali & Corporate Intelligence,Registri & Ownership,Germany — Unternehmensregister,https://www.unternehmensregister.de/en,,DE/EN,DE,,Registro imprese federale
🏢 Registri Aziendali & Corporate Intelligence,Registri & Ownership,Ghana — Office of the Registrar of Companies,https://orc.gov.gh,,EN,GH,,Registro società ghanese
🏢 Registri Aziendali & Corporate Intelligence,Registri & Ownership,GLEIF — Legal Entity Identifier,https://www.gleif.org,,EN,Globale,,Database LEI globale
🏢 Registri Aziendali & Corporate Intelligence,Registri & Ownership,Greece — GEMI Business Portal,https://publicity.businessportal.gr,,EL/EN,GR,,Pubblicità registro imprese greco
🏢 Registri Aziendali & Corporate Intelligence,Registri & Ownership,Guatemala — Registro Mercantil,https://www.registromercantil.gob.gt,,ES,GT,,Registro mercantile guatemalteco
🏢 Registri Aziendali & Corporate Intelligence,Registri & Ownership,Hong Kong — Companies Registry,https://www.cr.gov.hk,,EN/ZH,HK,,ICRIS
🏢 Registri Aziendali & Corporate Intelligence,Registri & Ownership,Hungary — e-Cégjegyzék,https://www.e-cegjegyzek.hu,,HU,HU,,Registro società ungherese
🏢 Registri Aziendali & Corporate Intelligence,Registri & Ownership,India — MCA21,https://www.mca.gov.in,,EN,IN,,Ministry of Corporate Affairs
🏢 Registri Aziendali & Corporate Intelligence,Registri & Ownership,Indonesia — AHU Online,https://ahu.go.id,,ID,ID,,Registro entità giuridiche (Min. Giustizia)
🏢 Registri Aziendali & Corporate Intelligence,Registri & Ownership,Ireland — CRO,https://www.cro.ie,,EN,IE,,Companies Registration Office
🏢 Registri Aziendali & Corporate Intelligence,Registri & Ownership,"Japan — Hōjin Bangō (Corporate Number, NTA)",https://www.houjin-bangou.nta.go.jp,,JA/EN,JP,,Registro numeri societari giapponese
🏢 Registri Aziendali & Corporate Intelligence,Registri & Ownership,Kenya — Business Registration Service,https://brs.go.ke,,EN,KE,,Registro imprese keniota
🏢 Registri Aziendali & Corporate Intelligence,Registri & Ownership,Kompass,https://www.kompass.com,,Multi,Globale,,Directory B2B globale
🏢 Registri Aziendali & Corporate Intelligence,Registri & Ownership,Latvia — Uzņēmumu reģistrs,https://www.ur.gov.lv,,LV/EN,LV,,Registro imprese lettone
🏢 Registri Aziendali & Corporate Intelligence,Registri & Ownership,Lithuania — Registrų centras,https://www.registrucentras.lt,,LT/EN,LT,,Centro registri lituano
🏢 Registri Aziendali & Corporate Intelligence,Registri & Ownership,Luxembourg — LBR (RCS),https://www.lbr.lu,,FR/EN,LU,,Registre de Commerce et des Sociétés
🏢 Registri Aziendali & Corporate Intelligence,Registri & Ownership,Malaysia — SSM,https://www.ssm.com.my,,MS/EN,MY,,Suruhanjaya Syarikat Malaysia
🏢 Registri Aziendali & Corporate Intelligence,Registri & Ownership,Malta — Malta Business Registry,https://mbr.mt,,EN,MT,,Registro imprese maltese
🏢 Registri Aziendali & Corporate Intelligence,Registri & Ownership,Mexico — SIGER / RPC,https://rpc.economia.gob.mx,,ES,MX,,Registro pubblico del commercio
🏢 Registri Aziendali & Corporate Intelligence,Registri & Ownership,Namibia — BIPA,https://www.bipa.na,,EN,NA,,Registro imprese e PI namibiano
🏢 Registri Aziendali & Corporate Intelligence,Registri & Ownership,Nepal — Office of Company Registrar,https://ocr.gov.np,,NE/EN,NP,,Registro società nepalese
🏢 Registri Aziendali & Corporate Intelligence,Registri & Ownership,Netherlands — KvK,https://www.kvk.nl,,NL,NL,,Camera di commercio/registro
🏢 Registri Aziendali & Corporate Intelligence,Registri & Ownership,New Zealand — Companies Office,https://companies-register.companiesoffice.govt.nz,,EN,NZ,,Registro società neozelandese
🏢 Registri Aziendali & Corporate Intelligence,Registri & Ownership,Nigeria — CAC Public Search,https://search.cac.gov.ng,,EN,NG,,Corporate Affairs Commission
🏢 Registri Aziendali & Corporate Intelligence,Registri & Ownership,North Data,https://www.northdata.com,,EN/DE,Europa,,Aggregatore dati societari DACH+
🏢 Registri Aziendali & Corporate Intelligence,Registri & Ownership,Norway — Brønnøysundregistrene,https://www.brreg.no,,NO/EN,NO,,Registri nazionali norvegesi
🏢 Registri Aziendali & Corporate Intelligence,Registri & Ownership,Pakistan — SECP,https://www.secp.gov.pk,,EN,PK,,"Securities & Exchange Commission Pakistan, registro società"
🏢 Registri Aziendali & Corporate Intelligence,Registri & Ownership,Peru — SUNARP,https://www.sunarp.gob.pe,,ES,PE,,Sovrintendenza registri pubblici
🏢 Registri Aziendali & Corporate Intelligence,Registri & Ownership,Philippines — SEC Philippines,https://www.sec.gov.ph,,EN,PH,,Registro e regolatore societario
🏢 Registri Aziendali & Corporate Intelligence,Registri & Ownership,Poland — KRS (eKRS),https://ekrs.ms.gov.pl,,PL,PL,,Registro giudiziario nazionale
🏢 Registri Aziendali & Corporate Intelligence,Registri & Ownership,Portugal — Publicações MJ,https://publicacoes.mj.pt,,PT,PT,,Pubblicazioni societarie obbligatorie
🏢 Registri Aziendali & Corporate Intelligence,Registri & Ownership,Qatar — MOCI,https://www.moci.gov.qa,,AR/EN,QA,,"Ministero commercio, registro qatariota"
🏢 Registri Aziendali & Corporate Intelligence,Registri & Ownership,Romania — ONRC,https://www.onrc.ro,,RO,RO,,Oficiul Național al Registrului Comerțului
🏢 Registri Aziendali & Corporate Intelligence,Registri & Ownership,Russia — EGRUL (FNS),https://egrul.nalog.ru,,RU,RU,,Registro statale persone giuridiche
🏢 Registri Aziendali & Corporate Intelligence,Registri & Ownership,Rwanda — RDB Business Registration,https://rdb.rw,,EN,RW,,Registro imprese ruandese
🏢 Registri Aziendali & Corporate Intelligence,Registri & Ownership,Saudi Arabia — Ministry of Commerce,https://mc.gov.sa,,AR/EN,SA,,Registro commerciale saudita
🏢 Registri Aziendali & Corporate Intelligence,Registri & Ownership,Serbia — APR,https://www.apr.gov.rs,,SR/EN,RS,,Agenzia registri economici serba
🏢 Registri Aziendali & Corporate Intelligence,Registri & Ownership,Singapore — ACRA Bizfile,https://www.bizfile.gov.sg,,EN,SG,,Registro imprese
🏢 Registri Aziendali & Corporate Intelligence,Registri & Ownership,Slovakia — ORSR,https://www.orsr.sk,,SK,SK,,Registro commerciale slovacco
🏢 Registri Aziendali & Corporate Intelligence,Registri & Ownership,Slovenia — AJPES,https://www.ajpes.si,,SL/EN,SI,,Agenzia registri pubblici slovena
🏢 Registri Aziendali & Corporate Intelligence,Registri & Ownership,South Africa — CIPC,https://www.cipc.co.za,,EN,ZA,,Companies & IP Commission
🏢 Registri Aziendali & Corporate Intelligence,Registri & Ownership,Spain — Registradores,https://www.registradores.org,,ES,ES,,Registro Mercantil
🏢 Registri Aziendali & Corporate Intelligence,Registri & Ownership,Sweden — Bolagsverket,https://bolagsverket.se,,SV/EN,SE,,Ufficio registrazione società svedese
🏢 Registri Aziendali & Corporate Intelligence,Registri & Ownership,Switzerland — Zefix,https://www.zefix.ch,,DE/FR/IT/EN,CH,,Indice centrale ditte svizzero
🏢 Registri Aziendali & Corporate Intelligence,Registri & Ownership,Taiwan — FindBiz (MOEA),https://findbiz.nat.gov.tw,,ZH/EN,TW,,Registro società taiwanese
🏢 Registri Aziendali & Corporate Intelligence,Registri & Ownership,Tanzania — BRELA,https://www.brela.go.tz,,SW/EN,TZ,,Registro imprese tanzaniano
🏢 Registri Aziendali & Corporate Intelligence,Registri & Ownership,Thailand — DBD,https://www.dbd.go.th,,TH/EN,TH,,Department of Business Development
🏢 Registri Aziendali & Corporate Intelligence,Registri & Ownership,Uganda — URSB,https://ursb.go.ug,,EN,UG,,Registro imprese ugandese
🏢 Registri Aziendali & Corporate Intelligence,Registri & Ownership,Ukraine — Unified State Register (USR),https://usr.minjust.gov.ua,,UK,UA,,Registro statale unificato
🏢 Registri Aziendali & Corporate Intelligence,Registri & Ownership,US — Delaware Division of Corporations,https://icis.corp.delaware.gov,,EN,US,,Ricerca entità Delaware
🏢 Registri Aziendali & Corporate Intelligence,Registri & Ownership,US — SEC EDGAR (Company Search),https://www.sec.gov/cgi-bin/browse-edgar?action=getcompany,,EN,US,,Filing societari quotate
🏢 Registri Aziendali & Corporate Intelligence,Registri & Ownership,Vietnam — National Business Registration Portal,https://dangkykinhdoanh.gov.vn,,VI/EN,VN,,Portale registrazione imprese
🏢 Registri Aziendali & Corporate Intelligence,Registri & Ownership,Zambia — PACRA,https://www.pacra.org.zm,,EN,ZM,,Registro imprese zambiano
🏢 Registri Aziendali & Corporate Intelligence,Catasti & Registri Immobiliari,ANCPI Romania,https://www.ancpi.ro,,RO,RO,,Catasto rumeno
🏢 Registri Aziendali & Corporate Intelligence,Catasti & Registri Immobiliari,BLM — Bureau of Land Management (USA),https://www.blm.gov/programs/lands-and-realty,,EN,US,,Registro terreni pubblici federali USA
🏢 Registri Aziendali & Corporate Intelligence,Catasti & Registri Immobiliari,Cadastre Luxembourg,https://www.cadastre.lu,,,LU,,Catasto ufficiale Lussemburgo
🏢 Registri Aziendali & Corporate Intelligence,Catasti & Registri Immobiliari,Cadastre.gouv.fr,https://www.cadastre.gouv.fr,,FR,FR,,Catasto francese
🏢 Registri Aziendali & Corporate Intelligence,Catasti & Registri Immobiliari,Canada Land Survey System,https://clss.nrcan.gc.ca,,EN/FR,CA,,Sistema catastale Canada — Natural Resources
🏢 Registri Aziendali & Corporate Intelligence,Catasti & Registri Immobiliari,Daeji Online (Korea),https://www.eum.go.kr,,KO,KR,,Sistema informazioni catastali Corea del Sud
🏢 Registri Aziendali & Corporate Intelligence,Catasti & Registri Immobiliari,EuroGeographics,https://eurogeographics.org,,EN,Europa,,Rete catasti e cartografie nazionali
🏢 Registri Aziendali & Corporate Intelligence,Catasti & Registri Immobiliari,Geoportal.gov.pl,https://www.geoportal.gov.pl,,PL,PL,,Geoportale e catasto polacco
🏢 Registri Aziendali & Corporate Intelligence,Catasti & Registri Immobiliari,Geoportal.gov.sk,https://www.geoportal.sk,,SK,SK,,Portale geospaziale e catastale Slovacchia
🏢 Registri Aziendali & Corporate Intelligence,Catasti & Registri Immobiliari,GeoViewer Belgium (Geopunt),https://www.geopunt.be,,NL/FR,BE,,Portale geospaziale e catasto Belgio
🏢 Registri Aziendali & Corporate Intelligence,Catasti & Registri Immobiliari,GUGiK — Land Registry Poland,https://www.gugik.gov.pl,,PL,PL,,Ufficio geodetico e cartografico Polonia
🏢 Registri Aziendali & Corporate Intelligence,Catasti & Registri Immobiliari,HM Land Registry,https://www.gov.uk/government/organisations/land-registry,,EN,GB,,Registro immobiliare Inghilterra/Galles
🏢 Registri Aziendali & Corporate Intelligence,Catasti & Registri Immobiliari,iGovSG — SLA Land Registry,https://www.sla.gov.sg,,EN,SG,,Singapore Land Authority — registro fondiario
🏢 Registri Aziendali & Corporate Intelligence,Catasti & Registri Immobiliari,Kadaster,https://www.kadaster.nl,,NL/EN,NL,,Catasto olandese
🏢 Registri Aziendali & Corporate Intelligence,Catasti & Registri Immobiliari,Kadastr.ru,https://kadastr.ru,,RU,RU,,Servizio federale catasto Russia (portale cittadino)
🏢 Registri Aziendali & Corporate Intelligence,Catasti & Registri Immobiliari,Kartverket,https://www.kartverket.no,,NO/EN,NO,,Catasto e cartografia norvegese
🏢 Registri Aziendali & Corporate Intelligence,Catasti & Registri Immobiliari,Land Portal,https://landportal.org,,EN,Globale,,Hub globale dati fondiari e accesso alla terra
🏢 Registri Aziendali & Corporate Intelligence,Catasti & Registri Immobiliari,Land Registry Ireland (PRAI),https://www.prai.ie,,EN,IE,,Property Registration Authority Irlanda
🏢 Registri Aziendali & Corporate Intelligence,Catasti & Registri Immobiliari,Lantmäteriet,https://www.lantmateriet.se,,SV/EN,SE,,Catasto e cartografia svedese
🏢 Registri Aziendali & Corporate Intelligence,Catasti & Registri Immobiliari,LINZ — Land Information NZ,https://www.linz.govt.nz,,EN,NZ,,Catasto neozelandese
🏢 Registri Aziendali & Corporate Intelligence,Catasti & Registri Immobiliari,Maanmittauslaitos,https://www.maanmittauslaitos.fi,,FI/EN,FI,,Catasto finlandese
🏢 Registri Aziendali & Corporate Intelligence,Catasti & Registri Immobiliari,NSW Land Registry Services,https://www.nswlrs.com.au,,EN,AU,,Registro fondiario New South Wales Australia
🏢 Registri Aziendali & Corporate Intelligence,Catasti & Registri Immobiliari,Registers of Scotland,https://www.ros.gov.uk,,EN,GB,,Registro immobiliare scozzese
🏢 Registri Aziendali & Corporate Intelligence,Catasti & Registri Immobiliari,Rosreestr,https://rosreestr.gov.ru,,RU,RU,,Registro immobiliare russo
🏢 Registri Aziendali & Corporate Intelligence,Catasti & Registri Immobiliari,Sede Catastro,https://www.sedecatastro.gob.es,,ES,ES,,Catasto spagnolo
🏢 Registri Aziendali & Corporate Intelligence,Catasti & Registri Immobiliari,SNIG — Geoportal Portugal,https://snig.dgterritorio.gov.pt,,PT,PT,,Sistema nazionale informazione geografica Portogallo
🏢 Registri Aziendali & Corporate Intelligence,Catasti & Registri Immobiliari,Tailte Éireann,https://www.tailte.ie,,EN,IE,,Catasto e registro immobiliare irlandese
🏢 Registri Aziendali & Corporate Intelligence,Catasti & Registri Immobiliari,TKGM — Land Registry Türkiye,https://www.tkgm.gov.tr,,TR,TR,,Catasto e registro fondiario Turchia
🏢 Registri Aziendali & Corporate Intelligence,Catasti & Registri Immobiliari,ČÚZK,https://cuzk.gov.cz,,CS/EN,CZ,,Catasto ceco
"⚖️ Sanzioni, PEP & Compliance","AML, Sanzioni & PEP",ACRC Korea,https://www.acrc.go.kr,,KO/EN,KR,,Anticorruzione e diritti civili coreana
"⚖️ Sanzioni, PEP & Compliance","AML, Sanzioni & PEP",Administration for the Prevention of Money Laundering,https://www.apml.gov.rs/english/introduction,,EN,RS,,Fonte ufficiale citata da OpenSanctions · verifica consigliata prima del merge
"⚖️ Sanzioni, PEP & Compliance","AML, Sanzioni & PEP",AFA — Agence Française Anticorruption,https://www.agence-francaise-anticorruption.gouv.fr,,FR,FR,,Agenzia anticorruzione francese
"⚖️ Sanzioni, PEP & Compliance","AML, Sanzioni & PEP",AMLC Philippines,https://www.amlc.gov.ph,,EN,PH,,FIU filippina
"⚖️ Sanzioni, PEP & Compliance","AML, Sanzioni & PEP",AMLO Thailand,https://www.amlo.go.th,,TH/EN,TH,,FIU thailandese
"⚖️ Sanzioni, PEP & Compliance","AML, Sanzioni & PEP",ANI Romania,https://www.integritate.eu,,RO/EN,RO,,Agenzia nazionale integrità rumena
"⚖️ Sanzioni, PEP & Compliance","AML, Sanzioni & PEP",Anti Money Laundering and Counter Terrorist Financing Unit,https://sanctions.amlu.gov.jo/,,AR,JO,,Fonte ufficiale citata da OpenSanctions · verifica consigliata prima del merge
"⚖️ Sanzioni, PEP & Compliance","AML, Sanzioni & PEP",Anti-Corruption bureau of Georgia,https://acb.gov.ge/,,KA,GE,,Fonte ufficiale citata da OpenSanctions · verifica consigliata prima del merge
"⚖️ Sanzioni, PEP & Compliance","AML, Sanzioni & PEP",AUSTRAC,https://www.austrac.gov.au,,EN,AU,,FIU e regolatore AML australiano
"⚖️ Sanzioni, PEP & Compliance","AML, Sanzioni & PEP",Australia — DFAT Consolidated List,https://www.dfat.gov.au/international-relations/security/sanctions/consolidated-list,,EN,AU,,Sanzioni australiane
"⚖️ Sanzioni, PEP & Compliance","AML, Sanzioni & PEP",Australian Border Force,https://www.abf.gov.au/,,EN,AU,,Fonte ufficiale citata da OpenSanctions · verifica consigliata prima del merge
"⚖️ Sanzioni, PEP & Compliance","AML, Sanzioni & PEP",Basel Institute on Governance,https://baselgovernance.org,,EN,Globale,,"Basel AML Index, asset recovery"
"⚖️ Sanzioni, PEP & Compliance","AML, Sanzioni & PEP",Bureau of Industry and Security,https://www.bis.gov/,,EN,US,,Fonte ufficiale citata da OpenSanctions · verifica consigliata prima del merge
"⚖️ Sanzioni, PEP & Compliance","AML, Sanzioni & PEP",Canada — Consolidated Autonomous Sanctions,https://www.international.gc.ca/world-monde/international_relations-relations_internationales/sanctions/consolidated-consolide.aspx,,EN/FR,CA,,Lista sanzioni canadese
"⚖️ Sanzioni, PEP & Compliance","AML, Sanzioni & PEP",CBA Poland,https://www.cba.gov.pl,,PL/EN,PL,,Ufficio centrale anticorruzione polacco
"⚖️ Sanzioni, PEP & Compliance","AML, Sanzioni & PEP",Centrul Antiterorist al Serviciului de Informaţii şi Securitate al Republicii Moldova,https://antiteror.sis.md/,,RO,MD,,Fonte ufficiale citata da OpenSanctions · verifica consigliata prima del merge
"⚖️ Sanzioni, PEP & Compliance","AML, Sanzioni & PEP",CGU Brasil,https://www.gov.br/cgu,,PT,BR,,Controladoria-Geral da União
"⚖️ Sanzioni, PEP & Compliance","AML, Sanzioni & PEP",COAF,https://www.gov.br/coaf,,PT,BR,,FIU brasiliana
"⚖️ Sanzioni, PEP & Compliance","AML, Sanzioni & PEP",Consejo para la Transparencia,https://www.consejotransparencia.cl/,,ES,CL,,Fonte ufficiale citata da OpenSanctions · verifica consigliata prima del merge
"⚖️ Sanzioni, PEP & Compliance","AML, Sanzioni & PEP",Council of the European Union,https://european-union.europa.eu/institutions-law-budget/institutions-and-bodies/search-all-eu-institutions-and-bodies/council-european-union_en,,EN,EU,,Fonte ufficiale citata da OpenSanctions · verifica consigliata prima del merge
"⚖️ Sanzioni, PEP & Compliance","AML, Sanzioni & PEP",CPIB Singapore,https://www.cpib.gov.sg,,EN,SG,,Corrupt Practices Investigation Bureau
"⚖️ Sanzioni, PEP & Compliance","AML, Sanzioni & PEP",CTIF-CFI,https://www.ctif-cfi.be,,FR/NL/EN,BE,,FIU belga
"⚖️ Sanzioni, PEP & Compliance","AML, Sanzioni & PEP",DC Office of Contracting and Procurement,https://ocp.dc.gov/page/about-ocp,,EN,US,,Fonte ufficiale citata da OpenSanctions · verifica consigliata prima del merge
"⚖️ Sanzioni, PEP & Compliance","AML, Sanzioni & PEP",Direction Générale du Trésor,https://www.tresor.economie.gouv.fr/,,FR,FR,,Fonte ufficiale citata da OpenSanctions · verifica consigliata prima del merge
"⚖️ Sanzioni, PEP & Compliance","AML, Sanzioni & PEP",Directorate of Defense Trade Controls,https://www.pmddtc.state.gov/ddtc_public/ddtc_public?id=ddtc_public_portal_homepage,,EN,US,,Fonte ufficiale citata da OpenSanctions · verifica consigliata prima del merge
"⚖️ Sanzioni, PEP & Compliance","AML, Sanzioni & PEP","Directorate‑General for Financial Stability, Financial Services and Capital Markets Union",https://commission.europa.eu/about-european-commission/departments-and-executive-agencies/financial-stability-financial-services-and-capital-markets-union_en,,EN,EU,,Fonte ufficiale citata da OpenSanctions · verifica consigliata prima del merge
"⚖️ Sanzioni, PEP & Compliance","AML, Sanzioni & PEP",EFCC Nigeria,https://www.efcc.gov.ng,,EN,NG,,Economic and Financial Crimes Commission
"⚖️ Sanzioni, PEP & Compliance","AML, Sanzioni & PEP",EPPO — European Public Prosecutor's Office,https://www.eppo.europa.eu,,EN,EU,,Procura europea
"⚖️ Sanzioni, PEP & Compliance","AML, Sanzioni & PEP",EU Sanctions Map,https://www.sanctionsmap.eu,,EN,EU,,Regimi sanzionatori UE per Paese
"⚖️ Sanzioni, PEP & Compliance","AML, Sanzioni & PEP",EU — Consolidated Financial Sanctions (FISMA),https://finance.ec.europa.eu/eu-and-world/sanctions-restrictive-measures/overview-sanctions-and-related-resources_en,,EN,EU,,Lista consolidata asset freeze UE
"⚖️ Sanzioni, PEP & Compliance","AML, Sanzioni & PEP",European Network of Fugitive Active Search Teams,https://eumostwanted.eu/enfast,,EN,EU,,Fonte ufficiale citata da OpenSanctions · verifica consigliata prima del merge
"⚖️ Sanzioni, PEP & Compliance","AML, Sanzioni & PEP",Executive Office for Control & Non-proliferation,https://www.uaeiec.gov.ae/en-us/,,,AE,,Fonte ufficiale citata da OpenSanctions · verifica consigliata prima del merge
"⚖️ Sanzioni, PEP & Compliance","AML, Sanzioni & PEP",Federal Public Service Finance,https://finance.belgium.be/en/control-financial-instruments-and-institutions/compliance/financial-sanctions,,EN,BE,,Fonte ufficiale citata da OpenSanctions · verifica consigliata prima del merge
"⚖️ Sanzioni, PEP & Compliance","AML, Sanzioni & PEP",FIC — Financial Intelligence Centre,https://www.fic.gov.za,,EN,ZA,,FIU sudafricana
"⚖️ Sanzioni, PEP & Compliance","AML, Sanzioni & PEP",Financial Intelligence Kyrgyz Republic,https://fiu.gov.kg/,,KY,KG,,Fonte ufficiale citata da OpenSanctions · verifica consigliata prima del merge
"⚖️ Sanzioni, PEP & Compliance","AML, Sanzioni & PEP",Finanšu izlūkošanas dienests,https://fid.gov.lv/en,,EN,LV,,Fonte ufficiale citata da OpenSanctions · verifica consigliata prima del merge
"⚖️ Sanzioni, PEP & Compliance","AML, Sanzioni & PEP",FINTRAC,https://fintrac-canafe.canada.ca,,EN/FR,CA,,FIU canadese
"⚖️ Sanzioni, PEP & Compliance","AML, Sanzioni & PEP",FIU-Nederland,https://www.fiu-nederland.nl,,NL/EN,NL,,FIU olandese
"⚖️ Sanzioni, PEP & Compliance","AML, Sanzioni & PEP",FRC Kenya,https://www.frc.go.ke,,EN,KE,,FIU keniota
"⚖️ Sanzioni, PEP & Compliance","AML, Sanzioni & PEP",General Control Office of the Union,https://portaldatransparencia.gov.br/,,PT,BR,,Fonte ufficiale citata da OpenSanctions · verifica consigliata prima del merge
"⚖️ Sanzioni, PEP & Compliance","AML, Sanzioni & PEP",Generalny Inspektor Informacji Finansowej,https://www.gov.pl/web/finanse/generalny-inspektor-informacji-finansowej,,PL,PL,,Fonte ufficiale citata da OpenSanctions · verifica consigliata prima del merge
"⚖️ Sanzioni, PEP & Compliance","AML, Sanzioni & PEP",Government of the Czech Republic,https://vlada.gov.cz/en/,,EN,CZ,,Fonte ufficiale citata da OpenSanctions · verifica consigliata prima del merge
"⚖️ Sanzioni, PEP & Compliance","AML, Sanzioni & PEP",Government Procurement Policy Board,https://www.gppb.gov.ph/,,EN,PH,,Fonte ufficiale citata da OpenSanctions · verifica consigliata prima del merge
"⚖️ Sanzioni, PEP & Compliance","AML, Sanzioni & PEP",GRECO — Group of States against Corruption,https://www.coe.int/en/web/greco,,EN/FR,Europa,,Monitoraggio anticorruzione Consiglio d'Europa
"⚖️ Sanzioni, PEP & Compliance","AML, Sanzioni & PEP",IACA — International Anti-Corruption Academy,https://www.iaca.int,,EN,Globale,,Accademia internazionale anticorruzione
"⚖️ Sanzioni, PEP & Compliance","AML, Sanzioni & PEP",ICAC Hong Kong,https://www.icac.org.hk,,EN/ZH,HK,,Independent Commission Against Corruption
"⚖️ Sanzioni, PEP & Compliance","AML, Sanzioni & PEP",INTERPOL — Notices (Red Notices),https://www.interpol.int/How-we-work/Notices/View-Red-Notices,,EN,Globale,,Ricercati internazionali
"⚖️ Sanzioni, PEP & Compliance","AML, Sanzioni & PEP",JFIU Hong Kong,https://www.jfiu.gov.hk,,EN/ZH,HK,,FIU di Hong Kong
"⚖️ Sanzioni, PEP & Compliance","AML, Sanzioni & PEP",KNAB Latvia,https://www.knab.gov.lv,,LV/EN,LV,,Anticorruzione lettone
"⚖️ Sanzioni, PEP & Compliance","AML, Sanzioni & PEP",KoFIU,https://www.kofiu.go.kr,,KO/EN,KR,,FIU sudcoreana
"⚖️ Sanzioni, PEP & Compliance","AML, Sanzioni & PEP",Luxembourg Open Data Platform,https://data.public.lu/,,FR,LU,,Fonte ufficiale citata da OpenSanctions · verifica consigliata prima del merge
"⚖️ Sanzioni, PEP & Compliance","AML, Sanzioni & PEP",Ministerstwo Spraw Wewnętrznych i Administracji,https://www.gov.pl/web/mswia,,PL,PL,,Fonte ufficiale citata da OpenSanctions · verifica consigliata prima del merge
"⚖️ Sanzioni, PEP & Compliance","AML, Sanzioni & PEP",Ministr Zahraničních Věcí,https://mzv.gov.cz/jnp/cz/index.html,,CS,CZ,,Fonte ufficiale citata da OpenSanctions · verifica consigliata prima del merge
"⚖️ Sanzioni, PEP & Compliance","AML, Sanzioni & PEP","Ministry of Economy, Trade and Industry",https://www.meti.go.jp/,,JA,JP,,Fonte ufficiale citata da OpenSanctions · verifica consigliata prima del merge
"⚖️ Sanzioni, PEP & Compliance","AML, Sanzioni & PEP",Ministry of Foreign Affairs,https://www.government.nl/ministries/ministry-of-foreign-affairs,,EN,NL,,Fonte ufficiale citata da OpenSanctions · verifica consigliata prima del merge
"⚖️ Sanzioni, PEP & Compliance","AML, Sanzioni & PEP",Ministry of Home Affairs,https://www.mha.gov.in/en/page/about-ministry,,EN,IN,,Fonte ufficiale citata da OpenSanctions · verifica consigliata prima del merge
"⚖️ Sanzioni, PEP & Compliance","AML, Sanzioni & PEP","Ministry of Home Affairs, Government of Nepal",https://moha.gov.np/,,NE,NP,,Fonte ufficiale citata da OpenSanctions · verifica consigliata prima del merge
"⚖️ Sanzioni, PEP & Compliance","AML, Sanzioni & PEP",Money Laundering Combating Unit,https://mlcu.org.eg/ar/,,AR,EG,,Fonte ufficiale citata da OpenSanctions · verifica consigliata prima del merge
"⚖️ Sanzioni, PEP & Compliance","AML, Sanzioni & PEP",NAB Pakistan,https://nab.gov.pk,,EN,PK,,National Accountability Bureau
"⚖️ Sanzioni, PEP & Compliance","AML, Sanzioni & PEP",NABU Ukraine,https://nabu.gov.ua,,UK/EN,UA,,Ufficio nazionale anticorruzione ucraino
"⚖️ Sanzioni, PEP & Compliance","AML, Sanzioni & PEP",NACC Thailand,https://www.nacc.go.th,,TH/EN,TH,,Commissione anticorruzione thailandese
"⚖️ Sanzioni, PEP & Compliance","AML, Sanzioni & PEP",National Bureau for Counter Terror Financing,https://nbctf.mod.gov.il/en/aboutus/Pages/mandate.aspx,,,IL,,Fonte ufficiale citata da OpenSanctions · verifica consigliata prima del merge
"⚖️ Sanzioni, PEP & Compliance","AML, Sanzioni & PEP",National Commission for Combating Terrorism,http://www.cnlct.tn/,,AR,TN,,Fonte ufficiale citata da OpenSanctions · verifica consigliata prima del merge
"⚖️ Sanzioni, PEP & Compliance","AML, Sanzioni & PEP",National Counter Terrorism Committee,https://portal.moi.gov.qa/wps/portal/NCTC/aboutCommittee/profile/,,EN,QA,,Fonte ufficiale citata da OpenSanctions · verifica consigliata prima del merge
"⚖️ Sanzioni, PEP & Compliance","AML, Sanzioni & PEP",National Police Corps of Spain,https://www.policia.es/_es/index.php,,ES,ES,,Fonte ufficiale citata da OpenSanctions · verifica consigliata prima del merge
"⚖️ Sanzioni, PEP & Compliance","AML, Sanzioni & PEP",National Security and Defense Council,https://www.rnbo.gov.ua/en/,,EN,UA,,Fonte ufficiale citata da OpenSanctions · verifica consigliata prima del merge
"⚖️ Sanzioni, PEP & Compliance","AML, Sanzioni & PEP",National Treasury of South Africa,https://www.treasury.gov.za/,,,ZA,,Fonte ufficiale citata da OpenSanctions · verifica consigliata prima del merge
"⚖️ Sanzioni, PEP & Compliance","AML, Sanzioni & PEP",New Zealand Police,https://www.police.govt.nz/,,EN,NZ,,Fonte ufficiale citata da OpenSanctions · verifica consigliata prima del merge
"⚖️ Sanzioni, PEP & Compliance","AML, Sanzioni & PEP",NFIU Nigeria,https://www.nfiu.gov.ng,,EN,NG,,FIU nigeriana
"⚖️ Sanzioni, PEP & Compliance","AML, Sanzioni & PEP",Nigeria Sanctions Committe,https://nigsac.gov.ng/AboutUs,,EN,NG,,Fonte ufficiale citata da OpenSanctions · verifica consigliata prima del merge
"⚖️ Sanzioni, PEP & Compliance","AML, Sanzioni & PEP",OFAC — Sanctions List Search,https://ofac.treasury.gov/sanctions-list-search-tool,,EN,US,,SDN + Consolidated List; ricerca fuzzy
"⚖️ Sanzioni, PEP & Compliance","AML, Sanzioni & PEP",OFAC — Sanctions List Service (download),https://sanctionslist.ofac.treas.gov,,EN,US,,Dataset XML/CSV scaricabili
"⚖️ Sanzioni, PEP & Compliance","AML, Sanzioni & PEP",Office of the Ombudsman (Filippine),https://www.ombudsman.gov.ph,,EN,PH,,Anticorruzione filippina
"⚖️ Sanzioni, PEP & Compliance","AML, Sanzioni & PEP",Permanent Committee for Counter-Terrorism,https://pctc.pss.gov.sa/,,AR,SA,,Fonte ufficiale citata da OpenSanctions · verifica consigliata prima del merge
"⚖️ Sanzioni, PEP & Compliance","AML, Sanzioni & PEP",Police of Poland,https://www.policja.pl/,,PL,PL,,Fonte ufficiale citata da OpenSanctions · verifica consigliata prima del merge
"⚖️ Sanzioni, PEP & Compliance","AML, Sanzioni & PEP",Povjerenstvo za odlučivanje o sukobu interesa,https://www.sukobinteresa.hr/,,HR,HR,,Fonte ufficiale citata da OpenSanctions · verifica consigliata prima del merge
"⚖️ Sanzioni, PEP & Compliance","AML, Sanzioni & PEP",PPATK,https://www.ppatk.go.id,,ID/EN,ID,,FIU indonesiana
"⚖️ Sanzioni, PEP & Compliance","AML, Sanzioni & PEP",Public Safety Canada,https://www.publicsafety.gc.ca/index-en.aspx,,EN,CA,,Fonte ufficiale citata da OpenSanctions · verifica consigliata prima del merge
"⚖️ Sanzioni, PEP & Compliance","AML, Sanzioni & PEP",Republic of Iraq Anti-Money Laundering and Countering Financing of Terrorism Office,https://aml.iq/?lang=en,,AR,IQ,,Fonte ufficiale citata da OpenSanctions · verifica consigliata prima del merge
"⚖️ Sanzioni, PEP & Compliance","AML, Sanzioni & PEP",Republic of Türkiye Ministry of Treasury and Finance - Financial Crimes Investigation Board,https://en.hmb.gov.tr/,,,TR,,Fonte ufficiale citata da OpenSanctions · verifica consigliata prima del merge
"⚖️ Sanzioni, PEP & Compliance","AML, Sanzioni & PEP",Rosfinmonitoring,https://www.fedsfm.ru,,RU,RU,,FIU russa
"⚖️ Sanzioni, PEP & Compliance","AML, Sanzioni & PEP",Secretaría Nacional para la Lucha contra el Lavado de Activos y Financiamiento del Terrorismo,https://www.gub.uy/secretaria-nacional-lucha-contra-lavado-activos-financiamiento-terrorismo,,ES,UY,,Fonte ufficiale citata da OpenSanctions · verifica consigliata prima del merge
"⚖️ Sanzioni, PEP & Compliance","AML, Sanzioni & PEP",SEPBLAC,https://www.sepblac.es,,ES/EN,ES,,FIU spagnola
"⚖️ Sanzioni, PEP & Compliance","AML, Sanzioni & PEP",SFMS Ukraine,https://fiu.gov.ua,,UK/EN,UA,,FIU ucraina
"⚖️ Sanzioni, PEP & Compliance","AML, Sanzioni & PEP",Singapore Government Directory,https://www.sgdi.gov.sg/,,EN,SG,,Fonte ufficiale citata da OpenSanctions · verifica consigliata prima del merge
"⚖️ Sanzioni, PEP & Compliance","AML, Sanzioni & PEP",SIU South Africa,https://www.siu.org.za,,EN,ZA,,Special Investigating Unit
"⚖️ Sanzioni, PEP & Compliance","AML, Sanzioni & PEP",StAR — Stolen Asset Recovery Initiative,https://star.worldbank.org,,EN,Globale,,"Recupero asset, Banca Mondiale/UNODC"
"⚖️ Sanzioni, PEP & Compliance","AML, Sanzioni & PEP",State Commission for Prevention of Corruption,https://dksk.mk/,,MK,MK,,Fonte ufficiale citata da OpenSanctions · verifica consigliata prima del merge
"⚖️ Sanzioni, PEP & Compliance","AML, Sanzioni & PEP",STT Lithuania,https://www.stt.lt,,LT/EN,LT,,Servizio investigazioni speciali lituano
"⚖️ Sanzioni, PEP & Compliance","AML, Sanzioni & PEP",Switzerland — SECO Sanctions,https://www.seco.admin.ch/seco/en/home/Aussenwirtschaftspolitik_Wirtschaftliche_Zusammenarbeit/Wirtschaftsbeziehungen/exportkontrollen-und-sanktionen/sanktionen-embargos.html,,EN/DE,CH,,Sanzioni svizzere
"⚖️ Sanzioni, PEP & Compliance","AML, Sanzioni & PEP",The National Office for Preventing and Combating Money Laundering,https://onpcsb.ro/en/a/115/general-framework,,EN,RO,,Fonte ufficiale citata da OpenSanctions · verifica consigliata prima del merge
"⚖️ Sanzioni, PEP & Compliance","AML, Sanzioni & PEP",The National Office for the Prevention and Combating of Money Laundering of Romania,https://www.onpcsb.ro/,,RO,RO,,Fonte ufficiale citata da OpenSanctions · verifica consigliata prima del merge
"⚖️ Sanzioni, PEP & Compliance","AML, Sanzioni & PEP",The Principality of Monaco,https://www.gouv.mc/,,FR,MC,,Fonte ufficiale citata da OpenSanctions · verifica consigliata prima del merge
"⚖️ Sanzioni, PEP & Compliance","AML, Sanzioni & PEP",TRACE International,https://www.traceinternational.org,,EN,Globale,,"Anti-bribery compliance, TRACE Matrix"
"⚖️ Sanzioni, PEP & Compliance","AML, Sanzioni & PEP",U.S. Department of State,https://www.state.gov/,,EN,US,,Fonte ufficiale citata da OpenSanctions · verifica consigliata prima del merge
"⚖️ Sanzioni, PEP & Compliance","AML, Sanzioni & PEP",U.S. Office of Personnel Management,https://www.opm.gov/,,EN,US,,Fonte ufficiale citata da OpenSanctions · verifica consigliata prima del merge
"⚖️ Sanzioni, PEP & Compliance","AML, Sanzioni & PEP",U4 Anti-Corruption Resource Centre,https://www.u4.no,,EN,Globale,,"Ricerca anticorruzione, Bergen"
"⚖️ Sanzioni, PEP & Compliance","AML, Sanzioni & PEP",UIF — Unità di Informazione Finanziaria (Italia),https://uif.bancaditalia.it,,IT,IT,,"FIU italiana, Banca d'Italia"
"⚖️ Sanzioni, PEP & Compliance","AML, Sanzioni & PEP",UK OFSI — Consolidated List,https://www.gov.uk/government/publications/financial-sanctions-consolidated-list-of-targets,,EN,GB,,Asset freeze targets
"⚖️ Sanzioni, PEP & Compliance","AML, Sanzioni & PEP",UK Sanctions List (FCDO),https://www.gov.uk/government/publications/the-uk-sanctions-list,,EN,GB,,Lista unica UK (dal 28/01/2026)
"⚖️ Sanzioni, PEP & Compliance","AML, Sanzioni & PEP",UN Security Council — Consolidated List,https://www.un.org/securitycouncil/content/un-sc-consolidated-list,,EN,Globale,,Lista consolidata Consiglio di Sicurezza
"⚖️ Sanzioni, PEP & Compliance","AML, Sanzioni & PEP",UNCAC Coalition,https://uncaccoalition.org,,EN,Globale,,Rete società civile convenzione ONU
"⚖️ Sanzioni, PEP & Compliance","AML, Sanzioni & PEP",United Nations Security Council,https://main.un.org/securitycouncil/en,,EN,,,Fonte ufficiale citata da OpenSanctions · verifica consigliata prima del merge
"⚖️ Sanzioni, PEP & Compliance","AML, Sanzioni & PEP",World Bank — Debarred Firms,https://www.worldbank.org/en/projects-operations/procurement/debarred-firms,,EN,Globale,,Aziende escluse/sospese da appalti
"⚖️ Sanzioni, PEP & Compliance",Crimine Organizzato & Traffici Illeciti,ACAMS — AML Professionals,https://www.acams.org,,EN,Globale,,Associazione professionisti AML — risorse e standard
"⚖️ Sanzioni, PEP & Compliance",Crimine Organizzato & Traffici Illeciti,AMPI — AML Intelligence,https://www.amlintelligence.com,,EN,Globale,,"Intelligence AML, sanzioni e crimine finanziario globale"
"⚖️ Sanzioni, PEP & Compliance",Crimine Organizzato & Traffici Illeciti,Basel AML Index,https://index.baselgovernance.org,,EN,Globale,,Indice rischio riciclaggio per Paese — Basel Institute
"⚖️ Sanzioni, PEP & Compliance",Crimine Organizzato & Traffici Illeciti,C4ADS,https://c4ads.org,,EN,Globale,,Analisi reti criminali e traffici illeciti — approccio data-driven
"⚖️ Sanzioni, PEP & Compliance",Crimine Organizzato & Traffici Illeciti,ENACT Africa,https://enactafrica.org,,EN,Africa,,Ricerca criminalità organizzata in Africa subsahariana
"⚖️ Sanzioni, PEP & Compliance",Crimine Organizzato & Traffici Illeciti,Financial Crime News,https://www.financialcrimenews.com,,EN,Globale,,"News crimine finanziario, AML e sanzioni"
"⚖️ Sanzioni, PEP & Compliance",Crimine Organizzato & Traffici Illeciti,GITOC — Global Organized Crime Index,https://ocindex.net,,EN,Globale,,Indice globale crimine organizzato per paese (193 paesi)
"⚖️ Sanzioni, PEP & Compliance",Crimine Organizzato & Traffici Illeciti,Global Initiative Against Transnational Organized Crime,https://globalinitiative.net,,EN,Globale,,Think tank e rete globale su crimine organizzato transnazionale
"⚖️ Sanzioni, PEP & Compliance",Crimine Organizzato & Traffici Illeciti,Interpol — Organized Crime,https://www.interpol.int/en/Crimes/Organised-Crime,,EN,Globale,,Portale INTERPOL criminalità organizzata transnazionale
"⚖️ Sanzioni, PEP & Compliance",Crimine Organizzato & Traffici Illeciti,Interpol — Tratta Esseri Umani,https://www.interpol.int/en/Crimes/Trafficking-in-human-beings,,EN,Globale,,INTERPOL tratta di esseri umani e smuggling
"⚖️ Sanzioni, PEP & Compliance",Crimine Organizzato & Traffici Illeciti,TRAC — Terrorism Research & Analysis Consortium,https://www.trackingterrorism.org,,EN,Globale,,Database terrorismo e gruppi estremisti
"⚖️ Sanzioni, PEP & Compliance",Crimine Organizzato & Traffici Illeciti,Transcrime,https://www.transcrime.it,,IT/EN,IT,,"Ricerca su crimine organizzato, Università Cattolica Milano"
"⚖️ Sanzioni, PEP & Compliance",Crimine Organizzato & Traffici Illeciti,UNODC — Corruption,https://www.unodc.org/unodc/en/corruption/index.html,,EN,Globale,,"Hub UNODC anticorruzione — dati, strumenti e rapporti"
"⚖️ Sanzioni, PEP & Compliance",Crimine Organizzato & Traffici Illeciti,UNODC — Drug Trafficking,https://www.unodc.org/unodc/en/drug-trafficking/index.html,,EN,Globale,,Traffico droghe e mercati illeciti UNODC
"⚖️ Sanzioni, PEP & Compliance",Crimine Organizzato & Traffici Illeciti,UNODC — Organized Crime,https://www.unodc.org/unodc/en/organized-crime/intro.html,,EN,Globale,,UNODC hub crimine organizzato e traffici illeciti
🔓 Open Data & Trasparenza,Portali Open Data & Database,ACLED,https://acleddata.com,,,,Pubblico,Conflitti armati — Freemium — Database
🔓 Open Data & Trasparenza,Portali Open Data & Database,ADS-B Exchange,https://globe.adsbexchange.com,,,,Pubblico,Voli militari — Voli in tempo reale — Database
🔓 Open Data & Trasparenza,Portali Open Data & Database,ArcGIS Open Data,https://hub.arcgis.com/search,,,,,Freemium — Dati GIS
🔓 Open Data & Trasparenza,Portali Open Data & Database,Arms Control Association,https://www.armscontrol.org,,EN,US,,Controllo armi — USA
🔓 Open Data & Trasparenza,Portali Open Data & Database,ART — Open Data Trasporti,https://bdt.autorita-trasporti.it/catalogo-opendata,,IT,IT,,"Autorità Regolazione Trasporti: ferro, autostrade, mare — CC BY 4.0"
🔓 Open Data & Trasparenza,Portali Open Data & Database,Arxiv,https://arxiv.org,,,,,Preprint accademici — Pubblico — Research — Accademia
🔓 Open Data & Trasparenza,Portali Open Data & Database,Asia Times,https://asiatimes.com,,,Pan-Asia,,Analisi
🔓 Open Data & Trasparenza,Portali Open Data & Database,Banca Africana di Sviluppo,https://dataportal.opendataforafrica.org,,,,,Statistiche Africa da 50+ istituzioni — Gratuito — Portale ufficiale
🔓 Open Data & Trasparenza,Portali Open Data & Database,Banca Asiatica di Sviluppo,https://data.adb.org,,,,,Sviluppo Asia e Pacifico — Gratuito — Portale ufficiale
🔓 Open Data & Trasparenza,Portali Open Data & Database,Banca Mondiale Data360,https://data360.worldbank.org,,,Globale,,Nuova piattaforma curata BM con analisi tematiche — Gratuito — Portale ufficiale
🔓 Open Data & Trasparenza,Portali Open Data & Database,Bertelsmann Transformation Index,https://bti-project.org,,,,,Democrazia
🔓 Open Data & Trasparenza,Portali Open Data & Database,bioRxiv,https://www.biorxiv.org,,,,,Bio pre-print — Accademia
🔓 Open Data & Trasparenza,Portali Open Data & Database,Carabinieri,https://www.carabinieri.it,,IT,IT,,Polizia
🔓 Open Data & Trasparenza,Portali Open Data & Database,Catalog.data.gov,https://catalog.data.gov,,EN,US,,Gratuito — USA (catalogo)
🔓 Open Data & Trasparenza,Portali Open Data & Database,CDC Data & Statistics,https://data.cdc.gov,,EN,US,,Gratuito — Salute USA
🔓 Open Data & Trasparenza,Portali Open Data & Database,CERN Open Data Portal,https://opendata.cern.ch,,,CH,,Dati esperimenti LHC (>3 petabyte) — Gratuito — Repository
🔓 Open Data & Trasparenza,Portali Open Data & Database,CKAN,https://ckan.org,,EN,GB,,"Piattaforma usata da data.gov, data.gov.uk, ecc. — Gratuito — Software/portale"
🔓 Open Data & Trasparenza,Portali Open Data & Database,Climate Watch,https://www.climatewatchdata.org,,,,,Gratuito — Clima e NDC
🔓 Open Data & Trasparenza,Portali Open Data & Database,Clinical Trials Data,https://clinicaltrials.gov,,EN,US,Gratuito,Dati studi clinici USA e internazionali — Gratuito
🔓 Open Data & Trasparenza,Portali Open Data & Database,Consip — Dati Open,https://dati.consip.it,,IT,IT,,"E-procurement PA, MePA — CKAN — IODL 2.0"
🔓 Open Data & Trasparenza,Portali Open Data & Database,Copernicus Climate CDS,https://cds.climate.copernicus.eu,,,EU,,Gratuito — Clima EU
🔓 Open Data & Trasparenza,Portali Open Data & Database,Copernicus Climate Change,https://climate.copernicus.eu,,,EU,,Dati EU clima — Scienza
🔓 Open Data & Trasparenza,Portali Open Data & Database,Copernicus CLMS,https://land.copernicus.eu,,,EU,,Gratuito — Copertura suolo EU
🔓 Open Data & Trasparenza,Portali Open Data & Database,Copernicus Data Space Ecosystem,https://dataspace.copernicus.eu,,,EU,Pubblico,"ESA immagini satellitari — portale ufficiale (sostituisce scihub, dismesso 11/2023) — Satellite"
🔓 Open Data & Trasparenza,Portali Open Data & Database,Copernicus EU,https://www.copernicus.eu,,,EU,,Osservazione terra EU — Pubblico — Satellite
🔓 Open Data & Trasparenza,Portali Open Data & Database,Corriere Adriatico,https://www.corriereadriatico.it,https://www.corriereadriatico.it/rss,,IT-Marche,,Ancona — Locale
🔓 Open Data & Trasparenza,Portali Open Data & Database,COVIP — Open Data,https://www.covip.it,,IT,IT,,Vigilanza fondi pensione — IODL 2.0
🔓 Open Data & Trasparenza,Portali Open Data & Database,Dados.gov.br,https://dados.gov.br,,PT,BR,,Gratuito
🔓 Open Data & Trasparenza,Portali Open Data & Database,Data Commons,https://datacommons.org,,,Globale,,"Aggregatore dati pubblici da ONU, Banca Mondiale, governi — Gratuito"
🔓 Open Data & Trasparenza,Portali Open Data & Database,Data.europa.eu,https://data.europa.eu,,,EU,,Open Data — Gratuito — Consolidamento EU Open Data Portal + European Data Portal
🔓 Open Data & Trasparenza,Portali Open Data & Database,Data.go.jp,https://www.data.go.jp,,JA,JP,,Gratuito
🔓 Open Data & Trasparenza,Portali Open Data & Database,Data.go.kr,https://www.data.go.kr,,KO,KR,,Gratuito
🔓 Open Data & Trasparenza,Portali Open Data & Database,Data.gouv.fr,https://www.data.gouv.fr,,FR,FR,,Gratuito
🔓 Open Data & Trasparenza,Portali Open Data & Database,Data.gov (USA),https://www.data.gov,,EN,US,,USA — Open Data — Gratuito
🔓 Open Data & Trasparenza,Portali Open Data & Database,Data.gov.au,https://www.data.gov.au,,EN,AU,,Gratuito
🔓 Open Data & Trasparenza,Portali Open Data & Database,Data.gov.sg,https://data.gov.sg,,,SG,,Gratuito
🔓 Open Data & Trasparenza,Portali Open Data & Database,Data.gov.uk,https://www.data.gov.uk,,UK,GB,,Gratuito
🔓 Open Data & Trasparenza,Portali Open Data & Database,Data.govt.nz,https://www.data.govt.nz,,EN,NZ,,Gratuito
🔓 Open Data & Trasparenza,Portali Open Data & Database,Data.overheid.nl,https://data.overheid.nl,,NL,NL,,Gratuito
🔓 Open Data & Trasparenza,Portali Open Data & Database,DataHub.io,https://datahub.io,,,Globale,,Dataset pubblicati e mantenuti da comunità globale — Gratuito — Repository
🔓 Open Data & Trasparenza,Portali Open Data & Database,DataPortals.org,https://dataportals.org,,,,,Lista curata di 500+ portali open data nel mondo — Gratuito — Meta-portale
🔓 Open Data & Trasparenza,Portali Open Data & Database,Datasette,https://datasette.io,,,,Open Source,SQL+web — Tool
🔓 Open Data & Trasparenza,Portali Open Data & Database,DatiGov,https://dati.gov.it,,IT,IT,,Open data governo — Italia — Gratuito — Portale ufficiale open data PA italiana
🔓 Open Data & Trasparenza,Portali Open Data & Database,Datos.gob.es,https://datos.gob.es,,ES,ES,,Gratuito
🔓 Open Data & Trasparenza,Portali Open Data & Database,datos.gob.mx,https://datos.gob.mx,,ES,MX,,Gratuito
🔓 Open Data & Trasparenza,Portali Open Data & Database,DgStat — Min. Giustizia,https://datiestatistiche.giustizia.it,,IT,IT,,Statistiche giudiziarie civili/penali — Dati pubblici
🔓 Open Data & Trasparenza,Portali Open Data & Database,DPLA,https://dp.la,,EN,US,Pubblico,USA cultura digitale — Archivio
🔓 Open Data & Trasparenza,Portali Open Data & Database,Dryad Digital Repository,https://datadryad.org,,,,,Dati sottostanti pubblicazioni scientifiche peer-reviewed — Freemium — Repository
🔓 Open Data & Trasparenza,Portali Open Data & Database,Economic Times,https://economictimes.indiatimes.com,,,IN,,Business — India
🔓 Open Data & Trasparenza,Portali Open Data & Database,EIO,https://www.europol.europa.eu,,,EU,,Europol — Polizia
🔓 Open Data & Trasparenza,Portali Open Data & Database,ENEA — Open Data,https://dati.enea.it,,IT,IT,,Energia e nuove tecnologie — CKAN
🔓 Open Data & Trasparenza,Portali Open Data & Database,Enigma Public,https://enigma.com,,,US,Freemium,Dati governativi USA — Freemium
🔓 Open Data & Trasparenza,Portali Open Data & Database,EU Commission,https://ec.europa.eu,,,EU,,Istituzione
🔓 Open Data & Trasparenza,Portali Open Data & Database,EU CORDIS,https://cordis.europa.eu,,,EU,Pubblico,Finanziamenti ricerca — Database
🔓 Open Data & Trasparenza,Portali Open Data & Database,EU Council,https://www.consilium.europa.eu,,,EU,,Istituzione
🔓 Open Data & Trasparenza,Portali Open Data & Database,EU Court of Auditors,https://www.eca.europa.eu,,,EU,,Controllo
🔓 Open Data & Trasparenza,Portali Open Data & Database,EU Parliament,https://www.europarl.europa.eu,,,EU,,Istituzione
🔓 Open Data & Trasparenza,Portali Open Data & Database,EUDA — Agenzia UE Droghe,https://www.euda.europa.eu,,EN,EU,,"Ex-EMCDDA: prevalenza, morti, sequestri droga — CC BY 4.0 — Database"
🔓 Open Data & Trasparenza,Portali Open Data & Database,Europeana,https://www.europeana.eu,,,,Pubblico,Cultura europea — Archivio
🔓 Open Data & Trasparenza,Portali Open Data & Database,Eurostat,https://ec.europa.eu/eurostat,,,EU,Pubblico,UE statistiche — Database
🔓 Open Data & Trasparenza,Portali Open Data & Database,Eurostat — Database,https://ec.europa.eu/eurostat/data/database,,,EU,,Statistiche ufficiali Unione Europea — Gratuito — Portale ufficiale
🔓 Open Data & Trasparenza,Portali Open Data & Database,FAO – FAOSTAT,https://www.fao.org/faostat,,,Globale,,"Agricoltura, alimentazione, uso del suolo — Gratuito — Portale ufficiale"
🔓 Open Data & Trasparenza,Portali Open Data & Database,FBI Vault,https://vault.fbi.gov,,EN,US,Pubblico,Documenti FBI declassificati — Archivio
🔓 Open Data & Trasparenza,Portali Open Data & Database,FEC (USA),https://www.fec.gov,,EN,US,,Elezioni USA — Regolatore
🔓 Open Data & Trasparenza,Portali Open Data & Database,Figshare,https://figshare.com,,,,,"Dataset, figure e output ricerca vari formati — Freemium — Repository"
🔓 Open Data & Trasparenza,Portali Open Data & Database,FIRMS NASA,https://firms.modaps.eosdis.nasa.gov,,EN,US,,Incendi globali — Pubblico — Satellite
🔓 Open Data & Trasparenza,Portali Open Data & Database,FlightAware,https://www.flightaware.com,,,,Freemium,Voli — Database
🔓 Open Data & Trasparenza,Portali Open Data & Database,FMI Data Portal,https://data.imf.org,,,Globale,,"Outlook economico globale, finanze pubbliche — Gratuito — Portale ufficiale"
🔓 Open Data & Trasparenza,Portali Open Data & Database,Forbidden Stories,https://forbiddenstories.org,,,Globale,,Giornalisti minacciati
🔓 Open Data & Trasparenza,Portali Open Data & Database,GADM,https://gadm.org,,,,,Gratuito — Confini amministrativi
🔓 Open Data & Trasparenza,Portali Open Data & Database,Gapminder,https://www.gapminder.org,,,,Pubblico,Sviluppo mondiale — Database
🔓 Open Data & Trasparenza,Portali Open Data & Database,GBIF,https://www.gbif.org,,,Globale,,Biodiversità globale: 2 miliardi+ occorrenze specie — Gratuito — Repository
🔓 Open Data & Trasparenza,Portali Open Data & Database,GDELT Project,https://www.gdeltproject.org,,,Globale,Pubblico,News monitoring globale — Monitoraggio news — Database
🔓 Open Data & Trasparenza,Portali Open Data & Database,GDPR Enforcement Tracker,https://www.enforcementtracker.com,,,,Pubblico,Sanzioni GDPR — Pubblico
🔓 Open Data & Trasparenza,Portali Open Data & Database,GenBank (NCBI),https://www.ncbi.nlm.nih.gov/genbank,,,,,Sequenze genetiche e genomiche — Gratuito — Repository
🔓 Open Data & Trasparenza,Portali Open Data & Database,Geofabrik OSM Extracts,https://download.geofabrik.de,,DE,DE,,Gratuito — Dati OSM per area
🔓 Open Data & Trasparenza,Portali Open Data & Database,GitHub,https://github.com,,,,Freemium,Repository e script — Code Hosting
🔓 Open Data & Trasparenza,Portali Open Data & Database,GitHub Innovation Graph,https://innovationgraph.github.com,,EN,,Pubblico,Sviluppo software per 215+ economie — CC0 — Database
🔓 Open Data & Trasparenza,Portali Open Data & Database,Global Carbon Project,https://www.globalcarbonproject.org/carbonbudget,,,,,Gratuito — Emissioni CO2
🔓 Open Data & Trasparenza,Portali Open Data & Database,Global Open Data Index,https://index.okfn.org,,,,,Classifica apertura dati governi (Open Knowledge) — Gratuito — Ranking
🔓 Open Data & Trasparenza,Portali Open Data & Database,Global Terrorism Database,https://www.start.umd.edu/gtd,,,Globale,Pubblico,Terrorismo globale — Terrorismo — Database
🔓 Open Data & Trasparenza,Portali Open Data & Database,Global Voices,https://globalvoices.org,,,,Pubblico,Media civici — Archivio
🔓 Open Data & Trasparenza,Portali Open Data & Database,GNI (Google News Initiative),https://newsinitiative.withgoogle.com,,,,,Google — Funding
🔓 Open Data & Trasparenza,Portali Open Data & Database,GovData.de,https://www.govdata.de,,DE,DE,,Gratuito
🔓 Open Data & Trasparenza,Portali Open Data & Database,GovTrack,https://www.govtrack.us,,EN,US,,Legislazione USA — Pubblico — Database
🔓 Open Data & Trasparenza,Portali Open Data & Database,GRAIN,https://grain.org,,,,,Terra e cibo — ONG
🔓 Open Data & Trasparenza,Portali Open Data & Database,Guardia di Finanza,https://www.gdf.gov.it,,IT,IT,,Finanziari — Polizia
🔓 Open Data & Trasparenza,Portali Open Data & Database,Harvard Dataverse,https://dataverse.harvard.edu,,EN,US,,Accademia — Gratuito — Dataset ricerca accademica (UH)
🔓 Open Data & Trasparenza,Portali Open Data & Database,Hugging Face Spaces,https://huggingface.co/spaces,,,,,App AI demo — Freemium — Demo Hub
🔓 Open Data & Trasparenza,Portali Open Data & Database,HuggingFace,https://huggingface.co,,,,Freemium,Modelli open source — ML Hub
🔓 Open Data & Trasparenza,Portali Open Data & Database,IATI d-Portal,https://d-portal.org,,,Globale,,Aiuti internazionali da 100+ organizzazioni — Gratuito — Aggregatore
🔓 Open Data & Trasparenza,Portali Open Data & Database,ICPSR,https://www.icpsr.umich.edu,,EN,US,,"Scienze sociali, sondaggi, dati storici USA — Freemium — Repository"
🔓 Open Data & Trasparenza,Portali Open Data & Database,IEEE Dataport,https://ieee-dataport.org,,,,,Dataset ingegneria e tecnologia — Freemium — Repository
🔓 Open Data & Trasparenza,Portali Open Data & Database,IHME GHDx,https://ghdx.healthdata.org,,,,,Gratuito — Burden of Disease
🔓 Open Data & Trasparenza,Portali Open Data & Database,IMF Data,https://www.imf.org/en/Data,,,Globale,Pubblico,Dati finanziari — Database
🔓 Open Data & Trasparenza,Portali Open Data & Database,INAIL — Open Data,https://dati.inail.it,,IT,IT,,Infortuni e malattie professionali — IODL 2.0
🔓 Open Data & Trasparenza,Portali Open Data & Database,InfluenceWatch,https://www.influencewatch.org,,EN,US,,USA
🔓 Open Data & Trasparenza,Portali Open Data & Database,INFORM Risk Index,https://drmkc.jrc.ec.europa.eu/inform-index,,EN,Globale,,"Indice rischio umanitario per paese (JRC-EU), aggiornamento annuale"
🔓 Open Data & Trasparenza,Portali Open Data & Database,INPS — Open Data,https://www.inps.it,,IT,IT,,"Pensioni, CIG, contributi — IODL 2.0"
🔓 Open Data & Trasparenza,Portali Open Data & Database,International Aid Transparency,https://iatistandard.org/en/iati-tools-and-resources,,,,,Standard trasparenza aiuti allo sviluppo — Gratuito
🔓 Open Data & Trasparenza,Portali Open Data & Database,International Budget Partnership,https://internationalbudget.org,,,,,Bilanci — ONG — Bilanci pubblici — Gratuito
🔓 Open Data & Trasparenza,Portali Open Data & Database,ISPRA Catasto Rifiuti,https://www.catasto-rifiuti.isprambiente.it,,IT,IT,,Catasto nazionale rifiuti urbani/speciali — banca dati ISPRA — Database
🔓 Open Data & Trasparenza,Portali Open Data & Database,ISPRA IdroGEO,https://idrogeo.isprambiente.it,,IT,IT,,"Dissesto idrogeologico: frane (IFFI), alluvioni (PIR) — CC BY 4.0"
🔓 Open Data & Trasparenza,Portali Open Data & Database,iVision,https://ivision.com,,,,Pubblico,Risorse
🔓 Open Data & Trasparenza,Portali Open Data & Database,Journalists Toolbox,https://www.journaliststoolbox.org,,,,Pubblico,Risorse per reporter — Risorse
🔓 Open Data & Trasparenza,Portali Open Data & Database,Kaggle Datasets,https://www.kaggle.com/datasets,,,,,Dataset — Freemium — Oltre 50.000 dataset pubblici; community ML/AI
🔓 Open Data & Trasparenza,Portali Open Data & Database,MapWarper,https://mapwarper.net,,,,,Geolocalizzazione storica — Pubblico — Tool
🔓 Open Data & Trasparenza,Portali Open Data & Database,Marine Traffic,https://www.marinetraffic.com,,,,Freemium,Navi AIS — Database
🔓 Open Data & Trasparenza,Portali Open Data & Database,MediaCloud,https://mediacloud.org,,,,Pubblico,Analisi media news — Pubblico
🔓 Open Data & Trasparenza,Portali Open Data & Database,Mendeley Data,https://data.mendeley.com,,,,,20 milioni+ dataset indicizzati (Elsevier) — Gratuito — Repository
🔓 Open Data & Trasparenza,Portali Open Data & Database,MIMIT — Prezzi Carburanti,https://www.mimit.gov.it,,IT,IT,,Prezzi carburanti praticati — IODL 2.0
🔓 Open Data & Trasparenza,Portali Open Data & Database,Min. Istruzione — Dati Scuola,https://dati.istruzione.it,,IT,IT,,Portale Unico Dati della Scuola — IODL 2.0
🔓 Open Data & Trasparenza,Portali Open Data & Database,Min. Lavoro — Open Data,https://dati.lavoro.gov.it,,IT,IT,,"Rapporti di lavoro, tirocini — IODL 2.0 — in manutenzione (2026)"
🔓 Open Data & Trasparenza,Portali Open Data & Database,Min. Salute — Open Data,https://www.dati.salute.gov.it,,IT,IT,,Open data sanitari — IODL 2.0
🔓 Open Data & Trasparenza,Portali Open Data & Database,MIT — Open Data Trasporti,https://dati.mit.gov.it,,IT,IT,,Infrastrutture e trasporti — CKAN — IODL 2.0
🔓 Open Data & Trasparenza,Portali Open Data & Database,MUR / USTAT — Open Data,https://dati-ustat.mur.gov.it,,IT,IT,,Università e ricerca — CKAN — IODL 2.0
🔓 Open Data & Trasparenza,Portali Open Data & Database,NASA Open Data Portal,https://data.nasa.gov,,EN,US,,"Dati spaziali, astronomici, atmosferici NASA — Gratuito — Repository"
🔓 Open Data & Trasparenza,Portali Open Data & Database,Natural Earth,https://www.naturalearthdata.com,,,,,Gratuito — Mappe vettoriali
🔓 Open Data & Trasparenza,Portali Open Data & Database,New Naratif,https://newnaratif.com,,EN,SE Asia,,Investigativo ASEAN — Sud-est asiatico
🔓 Open Data & Trasparenza,Portali Open Data & Database,Nikkei Asia,https://asia.nikkei.com,,EN,JP,,Business e politica asiatica — Giappone
🔓 Open Data & Trasparenza,Portali Open Data & Database,NOAA Data,https://www.ncdc.noaa.gov/cdo-web,,EN,US,,Dati climatici e oceanografici USA — Gratuito — Repository
🔓 Open Data & Trasparenza,Portali Open Data & Database,NSA Document Archive,https://www.nsa.gov/news-features/declassified-documents,,EN,US,Pubblico,NSA declassificati — Archivio
🔓 Open Data & Trasparenza,Portali Open Data & Database,Nuclear Threat Initiative,https://www.nti.org,,EN,US,,Rischi nucleari — USA
🔓 Open Data & Trasparenza,Portali Open Data & Database,OMS – Global Health Observatory,https://www.who.int/data/gho,,,Globale,,"Salute globale, malattie, mortalità, vaccinazioni — Gratuito — Portale ufficiale"
🔓 Open Data & Trasparenza,Portali Open Data & Database,Open Data Barometer,https://opendatabarometer.org,,,,,Valutazione readiness open data governi — Gratuito — Ranking
🔓 Open Data & Trasparenza,Portali Open Data & Database,Open Data Inception,https://opendatainception.io,,,,,2.600+ portali open data globali con mappa — Gratuito — Meta-portale
🔓 Open Data & Trasparenza,Portali Open Data & Database,Open Data Network,https://www.opendatanetwork.com,,EN,US,,Rete data.gov + città USA — Gratuito
🔓 Open Data & Trasparenza,Portali Open Data & Database,Open Data Soft Explorer,https://data.opendatasoft.com/explore,,,,,Catalogo con 2.900+ dataset da portali locali — Gratuito
🔓 Open Data & Trasparenza,Portali Open Data & Database,Open Government Partnership,https://www.opengovpartnership.org,,,,,Gov aperto — Org. — Gratuito — 75+ governi aderenti a standard open gov
🔓 Open Data & Trasparenza,Portali Open Data & Database,Open Government Russia,https://data.gov.ru,,RU,RU,,Gratuito
🔓 Open Data & Trasparenza,Portali Open Data & Database,Open Sanctions,https://www.opensanctions.org,,,,Pubblico,Sanzioni e PEP — Pubblico
🔓 Open Data & Trasparenza,Portali Open Data & Database,Open Science Framework (OSF),https://osf.io,,,,,Gestione progetto + dati aperti; no-profit — Gratuito — Piattaforma
🔓 Open Data & Trasparenza,Portali Open Data & Database,Open States,https://openstates.org,,EN,US,,USA stati — Data
🔓 Open Data & Trasparenza,Portali Open Data & Database,OpenAFRICA,https://africaopendata.org,,,Africa,,Gratuito
🔓 Open Data & Trasparenza,Portali Open Data & Database,OpenAIRE,https://explore.openaire.eu,,,,,Aggregatore ricerca europea aperta — Gratuito
🔓 Open Data & Trasparenza,Portali Open Data & Database,OpenBudgets.eu,https://openbudgets.eu,,,EU,,Bilanci UE — Data — Gratuito — Bilanci pubblici europei
🔓 Open Data & Trasparenza,Portali Open Data & Database,OpenContracting,https://www.open-contracting.org,,,,Pubblico,Appalti globali — Database
🔓 Open Data & Trasparenza,Portali Open Data & Database,OpenCorporates,https://opencorporates.com,,,Globale,Freemium,Registro aziende globale — Database
🔓 Open Data & Trasparenza,Portali Open Data & Database,OpenData Hong Kong,https://data.gov.hk,,,HK,,Gratuito
🔓 Open Data & Trasparenza,Portali Open Data & Database,Opendata.swiss,https://opendata.swiss,,,CH,,Gratuito
🔓 Open Data & Trasparenza,Portali Open Data & Database,OpenDataSoft,https://public.opendatasoft.com,,,Globale,,Globale — Open Data — Gratuito — Catalogo con 2.900+ dataset da portali globali
🔓 Open Data & Trasparenza,Portali Open Data & Database,OpenFlights,https://openflights.org,,,,Pubblico,Dati voli — Database
🔓 Open Data & Trasparenza,Portali Open Data & Database,OpenOil,https://openoil.net,,,,Pubblico,Contratti petrolio — Database
🔓 Open Data & Trasparenza,Portali Open Data & Database,OpenOwnership Register,https://register.openownership.org,,,,Pubblico,Titolari effettivi — Database
🔓 Open Data & Trasparenza,Portali Open Data & Database,OpenPNRR,https://openpnrr.it,,IT,IT,,Monitoraggio Piano Nazionale Ripresa e Resilienza — CC BY 4.0
🔓 Open Data & Trasparenza,Portali Open Data & Database,OpenSpending,https://openspending.org,,,Globale,Pubblico,Spesa pubblica globale — Database
🔓 Open Data & Trasparenza,Portali Open Data & Database,OpenStreetMap,https://www.openstreetmap.org,,,,,Mappe open source — Pubblico — Mappe collaborative — Mappa
🔓 Open Data & Trasparenza,Portali Open Data & Database,OSINT Combine,https://www.osintcombine.com,,,,Pubblico,OSINT tools — Risorse
🔓 Open Data & Trasparenza,Portali Open Data & Database,OSINT Techniques,https://www.osinttechniques.com,,,,Pubblico,Blog OSINT — Risorse
🔓 Open Data & Trasparenza,Portali Open Data & Database,Our World in Data,https://ourworldindata.org,,,Globale,,Data visualization — Multi-tematico — Gratuito
🔓 Open Data & Trasparenza,Portali Open Data & Database,Our World in Data – Health,https://ourworldindata.org/health-meta,,,Globale,,Gratuito — Salute globale
🔓 Open Data & Trasparenza,Portali Open Data & Database,PANGAEA,https://www.pangaea.de,,DE,DE,,Dati ambientali e geoscientifici — Gratuito — Repository
🔓 Open Data & Trasparenza,Portali Open Data & Database,Parlamento Italiano,https://www.parlamento.it,,IT,IT,,Istituzione
🔓 Open Data & Trasparenza,Portali Open Data & Database,PressReader,https://www.pressreader.com,,,,Freemium,Giornali globali — Archivio
🔓 Open Data & Trasparenza,Portali Open Data & Database,Prison Policy Initiative,https://www.prisonpolicy.org,,EN,US,,Carceri USA
🔓 Open Data & Trasparenza,Portali Open Data & Database,Procura Nazionale Antimafia,https://www.dna.it,,IT,IT,,Magistratura
🔓 Open Data & Trasparenza,Portali Open Data & Database,Public Intelligence,https://publicintelligence.net,,,,Pubblico,Documenti governativi — Archivio
🔓 Open Data & Trasparenza,Portali Open Data & Database,PubMed Central,https://www.ncbi.nlm.nih.gov/pmc,,,,,Articoli biomedici in open access — Gratuito — Repository
🔓 Open Data & Trasparenza,Portali Open Data & Database,Re3data,https://www.re3data.org,,,Globale,,Registro globale di 2.000+ repository di ricerca — Gratuito
🔓 Open Data & Trasparenza,Portali Open Data & Database,Registry of Open Data on AWS,https://registry.opendata.aws,,,,,Dataset pubblici ospitati su Amazon Web Services — Gratuito — Registro
🔓 Open Data & Trasparenza,Portali Open Data & Database,Sequence Read Archive (SRA),https://www.ncbi.nlm.nih.gov/sra,,,,,Dati sequenziamento DNA/RNA — Gratuito — Repository
🔓 Open Data & Trasparenza,Portali Open Data & Database,SNPA — Protezione Ambiente,https://www.snpambiente.it,,IT,IT,,Sistema Nazionale Protezione Ambiente (L.132/2016) — dati ambientali ufficiali
🔓 Open Data & Trasparenza,Portali Open Data & Database,Socrata Open Data,https://dev.socrata.com/data,,EN,US,,"Portali città USA (Chicago, NYC, ecc.) — Gratuito — Piattaforma"
🔓 Open Data & Trasparenza,Portali Open Data & Database,SSRN,https://www.ssrn.com,,,,,Pre-print — Accademia
🔓 Open Data & Trasparenza,Portali Open Data & Database,Tax Justice Network — Data Portal,https://data.taxjustice.net,,EN,,,"Portale dati di Tax Justice Network (indice segretezza finanziaria) — organizzazione già in catalogo come taxjustice.net in Settori Specifici, dominio distinto"
🔓 Open Data & Trasparenza,Portali Open Data & Database,Technisette Toolkit,https://technisette.com/p/tools,,,,Pubblico,OSINT tools — Risorse
🔓 Open Data & Trasparenza,Portali Open Data & Database,The Diplomat,https://thediplomat.com,,EN,Asia-Pacifico,,Geopolitica asiatica — Asia-Pacifico
🔓 Open Data & Trasparenza,Portali Open Data & Database,They Work For You,https://www.theyworkforyou.com,,UK,GB,,Parlamento UK
🔓 Open Data & Trasparenza,Portali Open Data & Database,Times of India,https://timesofindia.indiatimes.com,,EN,IN,,India mass
🔓 Open Data & Trasparenza,Portali Open Data & Database,Trace Labs,https://www.tracelabs.org,,,,Pubblico,Missing persons — Risorse
🔓 Open Data & Trasparenza,Portali Open Data & Database,Trace Labs OSINT VM,https://www.tracelabs.org/initiatives/osint-vm,,,,Pubblico,VM
🔓 Open Data & Trasparenza,Portali Open Data & Database,UN Comtrade,https://comtradeplus.un.org,,,,Gratuito,Dati commercio internazionale 130+ paesi — Gratuito/Reg.
🔓 Open Data & Trasparenza,Portali Open Data & Database,UN Data,https://data.un.org,,,Globale,Pubblico,Statistiche ONU — 60 milioni di punti dati da agenzie ONU — Database
🔓 Open Data & Trasparenza,Portali Open Data & Database,UN SDG Indicators (UNSD),https://unstats.un.org/sdgs,,EN,Globale,,Indicatori Obiettivi Sviluppo Sostenibile — Accesso aperto — Database
🔓 Open Data & Trasparenza,Portali Open Data & Database,UNECE — Statistiche Trasporti,https://w3.unece.org/PXWeb2015/pxweb/en/STAT/STAT__40-TRTRANS/,,EN,Globale,,Commissione Economica ONU per l'Europa — Accesso aperto — Database
🔓 Open Data & Trasparenza,Portali Open Data & Database,UNHCR,https://www.unhcr.org,,,Globale,,Rifugiati
🔓 Open Data & Trasparenza,Portali Open Data & Database,UniProt,https://www.uniprot.org,,,,,Database proteine e sequenze — Gratuito — Repository
🔓 Open Data & Trasparenza,Portali Open Data & Database,Uppsala Conflict Data,https://ucdp.uu.se,,SV,SE,Pubblico,Conflitti globali — Conflitti — Database
🔓 Open Data & Trasparenza,Portali Open Data & Database,USGS EarthExplorer,https://earthexplorer.usgs.gov,,EN,US,,Immagini satellitari e dati geografici USA — Gratuito — Repository
🔓 Open Data & Trasparenza,Portali Open Data & Database,VoteView USA,https://voteview.com,,EN,US,,Congresso USA — Data
🔓 Open Data & Trasparenza,Portali Open Data & Database,VoteWatch Europe,https://www.votewatch.eu,,,,,Voti PE
🔓 Open Data & Trasparenza,Portali Open Data & Database,WHOIS Lookup,https://lookup.icann.org,,,,Pubblico,Info domini internet — Pubblico
🔓 Open Data & Trasparenza,Portali Open Data & Database,Wikidata,https://www.wikidata.org,,Multi,Globale,,Base di conoscenza strutturata libera — pivot OSINT — CC0 — Database
🔓 Open Data & Trasparenza,Portali Open Data & Database,World Bank Data,https://data.worldbank.org,,,Globale,Pubblico,"Dati economici globali — Sviluppo globale, PIL, povertà, educazione — Database"
🔓 Open Data & Trasparenza,Portali Open Data & Database,World Justice Project,https://worldjusticeproject.org,,,,,Rule of law — Org.
🔓 Open Data & Trasparenza,Portali Open Data & Database,Zenodo,https://zenodo.org,,,CH,,CERN — Accademia — Gratuito — Repository CERN per dati e pubblicazioni scientifiche
🔓 Open Data & Trasparenza,Portali Open Data & Database,Zero Day Initiative,https://www.zerodayinitiative.com,,,,,Trend Micro — Vulnerabilità
🔓 Open Data & Trasparenza,Gazzette Ufficiali & Legislazione,Andorra — BOPA,https://www.bopa.ad,,CA,AD,,Bollettino ufficiale andorrano
🔓 Open Data & Trasparenza,Gazzette Ufficiali & Legislazione,Argentina — Boletín Oficial,https://www.boletinoficial.gob.ar,,ES,AR,,Gazzetta ufficiale argentina
🔓 Open Data & Trasparenza,Gazzette Ufficiali & Legislazione,Australia — Federal Register of Legislation,https://www.legislation.gov.au,,EN,AU,,Legislazione federale
🔓 Open Data & Trasparenza,Gazzette Ufficiali & Legislazione,Austria — RIS (Rechtsinformationssystem),https://www.ris.bka.gv.at,,DE,AT,,Diritto federale e Bundesgesetzblatt
🔓 Open Data & Trasparenza,Gazzette Ufficiali & Legislazione,Belgium — Moniteur Belge / Belgisch Staatsblad,https://www.ejustice.just.fgov.be,,FR/NL,BE,,Gazzetta ufficiale belga
🔓 Open Data & Trasparenza,Gazzette Ufficiali & Legislazione,Bolivia — Gaceta Oficial,https://gacetaoficialdebolivia.gob.bo,,ES,BO,,Gazzetta ufficiale
🔓 Open Data & Trasparenza,Gazzette Ufficiali & Legislazione,Brazil — Diário Oficial da União,https://www.in.gov.br,,PT,BR,,"Imprensa Nacional, DOU"
🔓 Open Data & Trasparenza,Gazzette Ufficiali & Legislazione,Brunei — Attorney General's Chambers,https://www.agc.gov.bn,,MS/EN,BN,,Legislazione e gazzetta del Brunei
🔓 Open Data & Trasparenza,Gazzette Ufficiali & Legislazione,Bulgaria — Darzhaven Vestnik,https://dv.parliament.bg,,BG,BG,,Gazzetta ufficiale bulgara
🔓 Open Data & Trasparenza,Gazzette Ufficiali & Legislazione,Canada — Canada Gazette,https://gazette.gc.ca,,EN/FR,CA,,Gazzetta ufficiale canadese
🔓 Open Data & Trasparenza,Gazzette Ufficiali & Legislazione,Chile — LeyChile (BCN),https://www.bcn.cl/leychile,,ES,CL,,"Legislazione consolidata, Biblioteca del Congreso"
🔓 Open Data & Trasparenza,Gazzette Ufficiali & Legislazione,China — Gov.cn Zhengce (政策),https://www.gov.cn/zhengce,,ZH,CN,,Atti e politiche del Consiglio di Stato
🔓 Open Data & Trasparenza,Gazzette Ufficiali & Legislazione,Costa Rica — La Gaceta (Imprenta Nacional),https://www.imprentanacional.go.cr,,ES,CR,,Gazzetta ufficiale costaricana
🔓 Open Data & Trasparenza,Gazzette Ufficiali & Legislazione,Croatia — Narodne novine,https://narodne-novine.nn.hr,,HR,HR,,Gazzetta ufficiale croata
🔓 Open Data & Trasparenza,Gazzette Ufficiali & Legislazione,Cuba — Gaceta Oficial,https://www.gacetaoficial.gob.cu,,ES,CU,,Gazzetta ufficiale cubana
🔓 Open Data & Trasparenza,Gazzette Ufficiali & Legislazione,Cyprus — CyLaw,http://www.cylaw.org,,EL/EN,CY,,Legislazione e giurisprudenza cipriota
🔓 Open Data & Trasparenza,Gazzette Ufficiali & Legislazione,Czechia — e-Sbírka (Sbírka zákonů),https://www.e-sbirka.cz,,CS,CZ,,Raccolta leggi ceca (digitale dal 2024)
🔓 Open Data & Trasparenza,Gazzette Ufficiali & Legislazione,Denmark — Retsinformation,https://www.retsinformation.dk,,DA,DK,,Legislazione danese e Lovtidende
🔓 Open Data & Trasparenza,Gazzette Ufficiali & Legislazione,Estonia — Riigi Teataja,https://www.riigiteataja.ee,,ET/EN,EE,,Gazzetta ufficiale estone
🔓 Open Data & Trasparenza,Gazzette Ufficiali & Legislazione,EU — N-Lex (diritto nazionale),https://n-lex.europa.eu,,Multi,EU,,Portale verso le gazzette nazionali UE
🔓 Open Data & Trasparenza,Gazzette Ufficiali & Legislazione,Finland — Finlex,https://www.finlex.fi,,FI/SV,FI,,Banca dati legislativa finlandese
🔓 Open Data & Trasparenza,Gazzette Ufficiali & Legislazione,France — Journal Officiel,https://www.journal-officiel.gouv.fr,,FR,FR,,Gazzetta ufficiale francese
🔓 Open Data & Trasparenza,Gazzette Ufficiali & Legislazione,France — Légifrance,https://www.legifrance.gouv.fr,,FR,FR,,Diritto francese
🔓 Open Data & Trasparenza,Gazzette Ufficiali & Legislazione,Gazettes.Africa,https://gazettes.africa,,EN,Africa,,Archivio gazzette ufficiali africane (Laws.Africa)
🔓 Open Data & Trasparenza,Gazzette Ufficiali & Legislazione,Germany — Bundesanzeiger,https://www.bundesanzeiger.de,,DE,DE,,Gazzetta federale
🔓 Open Data & Trasparenza,Gazzette Ufficiali & Legislazione,Germany — Gesetze im Internet,https://www.gesetze-im-internet.de,,DE,DE,,Leggi federali consolidate
🔓 Open Data & Trasparenza,Gazzette Ufficiali & Legislazione,GlobaLex (NYU),https://www.nyulawglobal.org/globalex,,EN,Globale,,Guide ai sistemi legali nazionali
🔓 Open Data & Trasparenza,Gazzette Ufficiali & Legislazione,Greece — Ethniko Typografeio (ET/FEK),https://www.et.gr,,EL,GR,,Gazzetta ufficiale greca
🔓 Open Data & Trasparenza,Gazzette Ufficiali & Legislazione,Guatemala — Diario de Centro América,https://dca.gob.gt,,ES,GT,,Gazzetta ufficiale guatemalteca
🔓 Open Data & Trasparenza,Gazzette Ufficiali & Legislazione,Hong Kong — eLegislation,https://www.elegislation.gov.hk,,EN/ZH,HK,,Legislazione consolidata HK
🔓 Open Data & Trasparenza,Gazzette Ufficiali & Legislazione,Hong Kong — Government Gazette,https://www.gld.gov.hk/egazette,,EN/ZH,HK,,Gazzetta ufficiale HK
🔓 Open Data & Trasparenza,Gazzette Ufficiali & Legislazione,Hungary — Magyar Közlöny,https://magyarkozlony.hu,,HU,HU,,Gazzetta ufficiale ungherese
🔓 Open Data & Trasparenza,Gazzette Ufficiali & Legislazione,India — India Code,https://www.indiacode.nic.in,,EN,IN,,Legislazione centrale e statale
🔓 Open Data & Trasparenza,Gazzette Ufficiali & Legislazione,Indonesia — Peraturan.go.id (JDIH),https://peraturan.go.id,,ID,ID,,Banca dati normativa nazionale
🔓 Open Data & Trasparenza,Gazzette Ufficiali & Legislazione,Ireland — Iris Oifigiúil,https://www.irisoifigiuil.ie,,EN/GA,IE,,Gazzetta ufficiale irlandese
🔓 Open Data & Trasparenza,Gazzette Ufficiali & Legislazione,Ireland — Irish Statute Book,https://www.irishstatutebook.ie,,EN,IE,,Legislazione consolidata irlandese
🔓 Open Data & Trasparenza,Gazzette Ufficiali & Legislazione,Israel — Reshumot (Gov.il),https://www.gov.il/he/departments/dynamiccollectors/reshumot,,HE,IL,,Gazzetta ufficiale israeliana
🔓 Open Data & Trasparenza,Gazzette Ufficiali & Legislazione,Italy — Gazzetta Ufficiale,https://www.gazzettaufficiale.it,,IT,IT,,Gazzetta ufficiale italiana
🔓 Open Data & Trasparenza,Gazzette Ufficiali & Legislazione,Japan — e-Gov Laws (e-LAWS),https://elaws.e-gov.go.jp,,JA,JP,,Legislazione giapponese consolidata
🔓 Open Data & Trasparenza,Gazzette Ufficiali & Legislazione,Kenya — Kenya Law (Gazette & Laws),https://kenyalaw.org,,EN,KE,,Kenya Gazette e legislazione
🔓 Open Data & Trasparenza,Gazzette Ufficiali & Legislazione,Latvia — Latvijas Vēstnesis,https://www.vestnesis.lv,,LV,LV,,Gazzetta ufficiale lettone
🔓 Open Data & Trasparenza,Gazzette Ufficiali & Legislazione,Latvia — Likumi.lv,https://likumi.lv,,LV/EN,LV,,Legislazione consolidata lettone
🔓 Open Data & Trasparenza,Gazzette Ufficiali & Legislazione,Laws.Africa,https://laws.africa,,EN,Africa,,"Legislazione africana digitalizzata, open"
🔓 Open Data & Trasparenza,Gazzette Ufficiali & Legislazione,Liechtenstein — Gesetze.li (LILEX),https://www.gesetze.li,,DE,LI,,Legislazione del Liechtenstein
🔓 Open Data & Trasparenza,Gazzette Ufficiali & Legislazione,Lithuania — TAR (e-tar),https://www.e-tar.lt,,LT,LT,,Registro atti giuridici lituano
🔓 Open Data & Trasparenza,Gazzette Ufficiali & Legislazione,Luxembourg — Legilux,https://legilux.public.lu,,FR,LU,,Journal officiel lussemburghese
🔓 Open Data & Trasparenza,Gazzette Ufficiali & Legislazione,Malaysia — Federal Legislation (LoM),https://lom.agc.gov.my,,MS/EN,MY,,"Leggi federali, Attorney General's Chambers"
🔓 Open Data & Trasparenza,Gazzette Ufficiali & Legislazione,Malta — Legislation.mt,https://legislation.mt,,MT/EN,MT,,Leggi di Malta consolidate
🔓 Open Data & Trasparenza,Gazzette Ufficiali & Legislazione,Mexico — Diario Oficial de la Federación,https://www.dof.gob.mx,,ES,MX,,Gazzetta ufficiale messicana
🔓 Open Data & Trasparenza,Gazzette Ufficiali & Legislazione,Monaco — LégiMonaco,https://legimonaco.mc,,FR,MC,,Legislazione monegasca
🔓 Open Data & Trasparenza,Gazzette Ufficiali & Legislazione,Nepal — Law Commission,https://lawcommission.gov.np,,NE/EN,NP,,Legislazione nepalese consolidata
🔓 Open Data & Trasparenza,Gazzette Ufficiali & Legislazione,Netherlands — Officiële Bekendmakingen,https://www.officielebekendmakingen.nl,,NL,NL,,Pubblicazioni ufficiali
🔓 Open Data & Trasparenza,Gazzette Ufficiali & Legislazione,New Zealand — Legislation.govt.nz,https://www.legislation.govt.nz,,EN,NZ,,Legislazione neozelandese
🔓 Open Data & Trasparenza,Gazzette Ufficiali & Legislazione,New Zealand — NZ Gazette,https://gazette.govt.nz,,EN,NZ,,Gazzetta ufficiale neozelandese
🔓 Open Data & Trasparenza,Gazzette Ufficiali & Legislazione,Norway — Lovdata,https://lovdata.no,,NO,NO,,Legislazione e Norsk Lovtidend
🔓 Open Data & Trasparenza,Gazzette Ufficiali & Legislazione,Panama — Gaceta Oficial,https://www.gacetaoficial.gob.pa,,ES,PA,,Gazzetta ufficiale panamense
🔓 Open Data & Trasparenza,Gazzette Ufficiali & Legislazione,Peru — El Peruano (Normas Legales),https://busquedas.elperuano.pe,,ES,PE,,Gazzetta ufficiale peruviana
🔓 Open Data & Trasparenza,Gazzette Ufficiali & Legislazione,Philippines — Official Gazette,https://www.officialgazette.gov.ph,,EN,PH,,Gazzetta ufficiale filippina
🔓 Open Data & Trasparenza,Gazzette Ufficiali & Legislazione,Poland — Dziennik Ustaw,https://dziennikustaw.gov.pl,,PL,PL,,Gazzetta ufficiale polacca
🔓 Open Data & Trasparenza,Gazzette Ufficiali & Legislazione,Poland — ISAP (Sejm),https://isap.sejm.gov.pl,,PL,PL,,Sistema informativo atti giuridici
🔓 Open Data & Trasparenza,Gazzette Ufficiali & Legislazione,Portugal — Diário da República,https://diariodarepublica.pt,,PT,PT,,Gazzetta ufficiale portoghese
🔓 Open Data & Trasparenza,Gazzette Ufficiali & Legislazione,Qatar — Al-Meezan,https://www.almeezan.qa,,AR/EN,QA,,Portale legale del Qatar
🔓 Open Data & Trasparenza,Gazzette Ufficiali & Legislazione,Romania — Monitorul Oficial,https://monitoruloficial.ro,,RO,RO,,Gazzetta ufficiale rumena
🔓 Open Data & Trasparenza,Gazzette Ufficiali & Legislazione,Russia — Pravo.gov.ru,https://pravo.gov.ru,,RU,RU,,Portale ufficiale informazione giuridica
🔓 Open Data & Trasparenza,Gazzette Ufficiali & Legislazione,Saudi Arabia — Umm Al-Qura,https://www.uqn.gov.sa,,AR,SA,,Gazzetta ufficiale saudita
🔓 Open Data & Trasparenza,Gazzette Ufficiali & Legislazione,Serbia — Pravno-informacioni sistem,https://www.pravno-informacioni-sistem.rs,,SR,RS,,"Službeni glasnik, legislazione serba"
🔓 Open Data & Trasparenza,Gazzette Ufficiali & Legislazione,Singapore — eGazette,https://www.egazette.gov.sg,,EN,SG,,Gazzetta ufficiale di Singapore
🔓 Open Data & Trasparenza,Gazzette Ufficiali & Legislazione,Singapore — Statutes Online (SSO),https://sso.agc.gov.sg,,EN,SG,,Legislazione consolidata
🔓 Open Data & Trasparenza,Gazzette Ufficiali & Legislazione,Slovakia — Slov-Lex,https://www.slov-lex.sk,,SK,SK,,Raccolta leggi slovacca
🔓 Open Data & Trasparenza,Gazzette Ufficiali & Legislazione,Slovenia — Uradni list,https://www.uradni-list.si,,SL,SI,,Gazzetta ufficiale slovena
🔓 Open Data & Trasparenza,Gazzette Ufficiali & Legislazione,South Africa — Government Gazette (GPW),https://www.gpwonline.co.za,,EN,ZA,,Government Printing Works
🔓 Open Data & Trasparenza,Gazzette Ufficiali & Legislazione,South Korea — Korea Law (law.go.kr),https://www.law.go.kr,,KO,KR,,Centro nazionale informazione giuridica
🔓 Open Data & Trasparenza,Gazzette Ufficiali & Legislazione,Spain — BOE,https://www.boe.es,,ES,ES,,Boletín Oficial del Estado
🔓 Open Data & Trasparenza,Gazzette Ufficiali & Legislazione,Sri Lanka — Government Documents (Gazette),https://documents.gov.lk,,SI/TA/EN,LK,,Gazzetta ufficiale srilankese
🔓 Open Data & Trasparenza,Gazzette Ufficiali & Legislazione,Sweden — Svensk författningssamling,https://svenskforfattningssamling.se,,SV,SE,,Raccolta ufficiale leggi svedesi
🔓 Open Data & Trasparenza,Gazzette Ufficiali & Legislazione,Switzerland — Fedlex,https://www.fedlex.admin.ch,,DE/FR/IT,CH,,Raccolta diritto federale
🔓 Open Data & Trasparenza,Gazzette Ufficiali & Legislazione,Taiwan — Laws & Regulations DB (MOJ),https://law.moj.gov.tw,,ZH/EN,TW,,Banca dati legislativa taiwanese
🔓 Open Data & Trasparenza,Gazzette Ufficiali & Legislazione,Thailand — Royal Thai Government Gazette,https://www.ratchakitcha.soc.go.th,,TH,TH,,Gazzetta ufficiale thailandese
🔓 Open Data & Trasparenza,Gazzette Ufficiali & Legislazione,Turkey — Resmî Gazete,https://www.resmigazete.gov.tr,,TR,TR,,Gazzetta ufficiale turca
🔓 Open Data & Trasparenza,Gazzette Ufficiali & Legislazione,UAE — UAE Legislation,https://uaelegislation.gov.ae,,AR/EN,AE,,Portale legislativo federale EAU
🔓 Open Data & Trasparenza,Gazzette Ufficiali & Legislazione,UK — Legislation.gov.uk,https://www.legislation.gov.uk,,EN,GB,,Legislazione UK
🔓 Open Data & Trasparenza,Gazzette Ufficiali & Legislazione,UK — The Gazette,https://www.thegazette.co.uk,,EN,GB,,Gazzetta ufficiale del Regno Unito
🔓 Open Data & Trasparenza,Gazzette Ufficiali & Legislazione,Ukraine — Zakon (Verkhovna Rada),https://zakon.rada.gov.ua,,UK,UA,,Legislazione ucraina
🔓 Open Data & Trasparenza,Gazzette Ufficiali & Legislazione,Uruguay — IMPO,https://www.impo.com.uy,,ES,UY,,Diario Oficial e normativa uruguaiana
🔓 Open Data & Trasparenza,Gazzette Ufficiali & Legislazione,US — Congress.gov,https://www.congress.gov,,EN,US,,Legislazione federale
🔓 Open Data & Trasparenza,Gazzette Ufficiali & Legislazione,US — Federal Register,https://www.federalregister.gov,https://www.federalregister.gov/documents/current.rss,EN,US,,Atti federali quotidiani
🔓 Open Data & Trasparenza,Gazzette Ufficiali & Legislazione,US — GovInfo (GPO),https://www.govinfo.gov,,EN,US,,Documenti governativi ufficiali
🔓 Open Data & Trasparenza,Gazzette Ufficiali & Legislazione,WIPO Lex,https://www.wipo.int/wipolex,,EN,Globale,,Leggi PI e trattati di ~200 giurisdizioni
🔓 Open Data & Trasparenza,Gazzette Ufficiali & Legislazione,WorldLII,https://www.worldlii.org,,EN,Globale,,Aggregatore legislazione/giurisprudenza
🔓 Open Data & Trasparenza,"Istituzioni, Trasparenza & Open Government",AgID Open Data,https://www.agid.gov.it/it/ambiti-intervento/open-data,,IT,IT,,Gratuito — Linee guida e politiche open data PA — Regolatore
🔓 Open Data & Trasparenza,"Istituzioni, Trasparenza & Open Government",AskTheEU,https://www.asktheeu.org,,,EU,Pubblico,FOIA UE — Database
🔓 Open Data & Trasparenza,"Istituzioni, Trasparenza & Open Government",Banca d'Italia Statistics,https://infostat.bancaditalia.it,,IT,IT,Gratuito,Gratuito — Statistiche monetarie e finanziarie BdI
🔓 Open Data & Trasparenza,"Istituzioni, Trasparenza & Open Government",BDAP (Banca Dati AP),https://bdap-opendata.rgs.mef.gov.it,,IT,IT,Gratuito,Gratuito — Bilanci enti locali e PA
🔓 Open Data & Trasparenza,"Istituzioni, Trasparenza & Open Government",Camera dei Deputati,https://www.camera.it,,IT,IT,,Parlamento IT — Italia
🔓 Open Data & Trasparenza,"Istituzioni, Trasparenza & Open Government",CIA FOIA,https://www.cia.gov/library/readingroom,,EN,US,Pubblico,Documenti CIA declassificati — Archivio
🔓 Open Data & Trasparenza,"Istituzioni, Trasparenza & Open Government",Contracts Finder (UK),https://www.contractsfinder.service.gov.uk,,EN,GB,,Portale appalti pubblici UK (contratti >£10.000)
🔓 Open Data & Trasparenza,"Istituzioni, Trasparenza & Open Government",Copernicus Browser,https://browser.dataspace.copernicus.eu,,,EU,,Gratuito — Immagini satellitari ESA (nuovo portale 2024) — Satellite
🔓 Open Data & Trasparenza,"Istituzioni, Trasparenza & Open Government",Court of Justice EU,https://curia.europa.eu,,,EU,,Giustizia UE
🔓 Open Data & Trasparenza,"Istituzioni, Trasparenza & Open Government",EEA Data,https://www.eea.europa.eu/data-and-maps,,,,,Gratuito — Dati ambientali Agenzia Europea Ambiente — Portale
🔓 Open Data & Trasparenza,"Istituzioni, Trasparenza & Open Government",ENISA,https://www.enisa.europa.eu,,,EU,,Agenzia sicurezza UE — ENISA EU — CERT
🔓 Open Data & Trasparenza,"Istituzioni, Trasparenza & Open Government",EU Funding & Tenders Portal,https://ec.europa.eu/info/funding-tenders/opportunities/portal/screen/home,,EN,EU,,"Bandi e opportunità di finanziamento UE, accesso a tutti i programmi"
🔓 Open Data & Trasparenza,"Istituzioni, Trasparenza & Open Government",EU Integrity Watch,https://integritywatch.eu,,,EU,Pubblico,Gratuito — Pubblico — Conflitti interesse parlamento UE
🔓 Open Data & Trasparenza,"Istituzioni, Trasparenza & Open Government",EU TED (appalti),https://ted.europa.eu,,,EU,Pubblico,Appalti UE — Appalti pubblici europei — Database
🔓 Open Data & Trasparenza,"Istituzioni, Trasparenza & Open Government",Europa.eu Legislation,https://eur-lex.europa.eu,,,EU,,Legislazione UE — Pubblico — Database
🔓 Open Data & Trasparenza,"Istituzioni, Trasparenza & Open Government",European Commission Press,https://ec.europa.eu/commission/presscorner,,,EU,,Commissione UE
🔓 Open Data & Trasparenza,"Istituzioni, Trasparenza & Open Government",European Parliament News,https://www.europarl.europa.eu/news/en,,,EU,,Parlamento UE
🔓 Open Data & Trasparenza,"Istituzioni, Trasparenza & Open Government",Europeana — Collezioni,https://www.europeana.eu/en/collections,,,,,Gratuito — Patrimonio culturale europeo digitale
🔓 Open Data & Trasparenza,"Istituzioni, Trasparenza & Open Government",FOI Directory UK,https://foi.directory,,EN,GB,Pubblico,FOIA UK — Database
🔓 Open Data & Trasparenza,"Istituzioni, Trasparenza & Open Government",FOIA.gov (USA),https://www.foia.gov,,EN,US,Pubblico,Richieste FOIA — Archivio
🔓 Open Data & Trasparenza,"Istituzioni, Trasparenza & Open Government",ISTAT I.Stat,https://esploradati.istat.it,,IT,IT,Gratuito,Gratuito — Nuovo portale dati ISTAT (2024)
🔓 Open Data & Trasparenza,"Istituzioni, Trasparenza & Open Government",Little Sis,https://littlesis.org,,EN,US,Pubblico,Network potere USA — Pubblico
🔓 Open Data & Trasparenza,"Istituzioni, Trasparenza & Open Government",Lobbyfacts EU,https://www.lobbyfacts.eu,,,EU,Pubblico,Gratuito — Pubblico — Trasparenza lobbisti UE
🔓 Open Data & Trasparenza,"Istituzioni, Trasparenza & Open Government",MANS Montenegro,https://www.mans.co.me,,,ME,,Anti-corruzione — Montenegro
🔓 Open Data & Trasparenza,"Istituzioni, Trasparenza & Open Government",NUTS Geodata EU,https://ec.europa.eu/eurostat/web/gisco/geodata,,,EU,,Gratuito — Dati geospaziali unità statistiche europee — GIS
🔓 Open Data & Trasparenza,"Istituzioni, Trasparenza & Open Government",OLAF,https://anti-fraud.ec.europa.eu,,,EU,,Antifrode UE
🔓 Open Data & Trasparenza,"Istituzioni, Trasparenza & Open Government",Open Data Comune di Milano,https://dati.comune.milano.it,,IT,IT,,Gratuito — Dataset Comune di Milano — Comunale
🔓 Open Data & Trasparenza,"Istituzioni, Trasparenza & Open Government",Open Data Comune di Roma,https://dati.comune.roma.it,,IT,IT,,Gratuito — Dataset Comune di Roma — Comunale
🔓 Open Data & Trasparenza,"Istituzioni, Trasparenza & Open Government",Open Data Monitor EU,https://opendatamonitor.eu,,,EU,,Gratuito — Classifica apertura dati paesi europei — Aggregatore
🔓 Open Data & Trasparenza,"Istituzioni, Trasparenza & Open Government",Open Data Regione Lazio,https://dati.lazio.it,,IT,IT,,Gratuito — Dataset Regione Lazio — Regionale
🔓 Open Data & Trasparenza,"Istituzioni, Trasparenza & Open Government",Open Data Regione Lombardia,https://www.dati.lombardia.it,,IT,IT,,Gratuito — Dataset Regione Lombardia — Regionale
🔓 Open Data & Trasparenza,"Istituzioni, Trasparenza & Open Government",OpenCoesione,https://opencoesione.gov.it,,IT,IT,Gratuito,Gratuito — Fondi strutturali europei in Italia
🔓 Open Data & Trasparenza,"Istituzioni, Trasparenza & Open Government",OpenCUP,https://opencup.gov.it,,IT,IT,Gratuito,Gratuito — Codice Unico Progetto — investimenti pubblici
🔓 Open Data & Trasparenza,"Istituzioni, Trasparenza & Open Government",Portale Open Data MEF,https://www.rgs.mef.gov.it/VERSIONE-I/opendata,,IT,IT,Gratuito,"Gratuito — Finanza pubblica, bilancio dello Stato"
🔓 Open Data & Trasparenza,"Istituzioni, Trasparenza & Open Government",Senato della Repubblica,https://www.senato.it,,IT,IT,,Senato IT — Italia
🔓 Open Data & Trasparenza,"Istituzioni, Trasparenza & Open Government",SIOPE – Finanza Locale,https://www.siope.it,,IT,IT,Gratuito,Gratuito — Incassi e pagamenti tesoreria enti pubblici
🔓 Open Data & Trasparenza,"Istituzioni, Trasparenza & Open Government",Sunlight Foundation,https://sunlightfoundation.com,,,,,Trasparenza governativa — Pubblico — Risorse — ONG
🔓 Open Data & Trasparenza,"Istituzioni, Trasparenza & Open Government",Transparency Intl. Italia,https://www.transparency.it,,IT,IT,,Anti-corruzione IT — Italia
🔓 Open Data & Trasparenza,"Istituzioni, Trasparenza & Open Government",USASpending.gov,https://www.usaspending.gov,,EN,US,,"Spesa federale USA: contratti, sussidi, prestiti — open data"
🔓 Open Data & Trasparenza,"Istituzioni, Trasparenza & Open Government",WhatDoTheyKnow UK,https://www.whatdotheyknow.com,,EN,GB,Pubblico,FOIA UK — Database
🔓 Open Data & Trasparenza,"Istituzioni, Trasparenza & Open Government",WTO Data,https://stats.wto.org,,,Globale,,"Commercio mondiale, tariffe, dispute — Gratuito — Portale ufficiale"
🔓 Open Data & Trasparenza,Parlamenti & Organi Elettorali,Abgeordnetenwatch,https://www.abgeordnetenwatch.de,,DE,DE,,Monitoraggio eletti tedeschi
🔓 Open Data & Trasparenza,Parlamenti & Organi Elettorali,ACE Electoral Knowledge Network,https://aceproject.org,,EN/Multi,Globale,,Enciclopedia amministrazione elettorale
🔓 Open Data & Trasparenza,Parlamenti & Organi Elettorali,AEC — Australian Electoral Commission,https://www.aec.gov.au,,EN,AU,,Commissione elettorale australiana
🔓 Open Data & Trasparenza,Parlamenti & Organi Elettorali,Assemblée nationale,https://www.assemblee-nationale.fr,,FR,FR,,Camera bassa francese
🔓 Open Data & Trasparenza,Parlamenti & Organi Elettorali,Bundestag,https://www.bundestag.de,,DE/EN,DE,,Parlamento federale tedesco
🔓 Open Data & Trasparenza,Parlamenti & Organi Elettorali,CEC Ukraine,https://www.cvk.gov.ua,,UK/EN,UA,,Commissione elettorale centrale ucraina
🔓 Open Data & Trasparenza,Parlamenti & Organi Elettorali,COMELEC Philippines,https://comelec.gov.ph,,EN,PH,,Commissione elettorale filippina
🔓 Open Data & Trasparenza,Parlamenti & Organi Elettorali,Congreso de los Diputados,https://www.congreso.es,,ES,ES,,Camera bassa spagnola
🔓 Open Data & Trasparenza,Parlamenti & Organi Elettorali,Câmara dos Deputados,https://www.camara.leg.br,,PT,BR,,"Camera bassa brasiliana, open data"
🔓 Open Data & Trasparenza,Parlamenti & Organi Elettorali,ECP Pakistan,https://www.ecp.gov.pk,,EN,PK,,Commissione elettorale pakistana
🔓 Open Data & Trasparenza,Parlamenti & Organi Elettorali,Eduskunta,https://www.eduskunta.fi,,FI/SV/EN,FI,,Parlamento finlandese
🔓 Open Data & Trasparenza,Parlamenti & Organi Elettorali,EISA,https://www.eisa.org,,EN,Africa,,Istituto elettorale per la democrazia sostenibile in Africa
🔓 Open Data & Trasparenza,Parlamenti & Organi Elettorali,ElectionGuide,https://www.electionguide.org,,EN,Globale,,Calendario elezioni mondiale (IFES)
🔓 Open Data & Trasparenza,Parlamenti & Organi Elettorali,Elections Canada,https://www.elections.ca,,EN/FR,CA,,Commissione elettorale canadese
🔓 Open Data & Trasparenza,Parlamenti & Organi Elettorali,Electoral Commission UK,https://www.electoralcommission.org.uk,,EN,GB,,Commissione elettorale britannica
🔓 Open Data & Trasparenza,Parlamenti & Organi Elettorali,Eligendo (Ministero Interno),https://elezioni.interno.gov.it,,IT,IT,,Risultati elettorali italiani
🔓 Open Data & Trasparenza,Parlamenti & Organi Elettorali,Folketing,https://www.ft.dk,,DA,DK,,Parlamento danese
🔓 Open Data & Trasparenza,Parlamenti & Organi Elettorali,IEC South Africa,https://www.elections.org.za,,EN,ZA,,Commissione elettorale sudafricana
🔓 Open Data & Trasparenza,Parlamenti & Organi Elettorali,IFES,https://www.ifes.org,,EN,Globale,,Fondazione internazionale sistemi elettorali
🔓 Open Data & Trasparenza,Parlamenti & Organi Elettorali,INE México,https://www.ine.mx,,ES,MX,,Instituto Nacional Electoral
🔓 Open Data & Trasparenza,Parlamenti & Organi Elettorali,INEC Nigeria,https://www.inecnigeria.org,,EN,NG,,Commissione elettorale nigeriana
🔓 Open Data & Trasparenza,Parlamenti & Organi Elettorali,International IDEA,https://www.idea.int,,EN,Globale,,Istituto democrazia e assistenza elettorale
🔓 Open Data & Trasparenza,Parlamenti & Organi Elettorali,IPU — Inter-Parliamentary Union (Parline),https://www.ipu.org,,EN/FR,Globale,,"Unione interparlamentare, database Parline"
🔓 Open Data & Trasparenza,Parlamenti & Organi Elettorali,IRI — International Republican Institute,https://www.iri.org,,EN,Globale,,Sostegno processi democratici
🔓 Open Data & Trasparenza,Parlamenti & Organi Elettorali,Knesset,https://www.knesset.gov.il,,HE/EN,IL,,Parlamento israeliano
🔓 Open Data & Trasparenza,Parlamenti & Organi Elettorali,KPU Indonesia,https://www.kpu.go.id,,ID,ID,,Commissione elettorale indonesiana
🔓 Open Data & Trasparenza,Parlamenti & Organi Elettorali,NASS — National Assembly Nigeria,https://nass.gov.ng,,EN,NG,,Assemblea nazionale nigeriana
🔓 Open Data & Trasparenza,Parlamenti & Organi Elettorali,NDI — National Democratic Institute,https://www.ndi.org,,EN,Globale,,Sostegno processi democratici
🔓 Open Data & Trasparenza,Parlamenti & Organi Elettorali,New Zealand Parliament,https://www.parliament.nz,,EN,NZ,,Parlamento neozelandese
🔓 Open Data & Trasparenza,Parlamenti & Organi Elettorali,Parliament of Australia,https://www.aph.gov.au,,EN,AU,,"Parlamento australiano, Hansard"
🔓 Open Data & Trasparenza,Parlamenti & Organi Elettorali,Parliament of Canada,https://www.parl.ca,,EN/FR,CA,,"Parlamento canadese, LEGISinfo"
🔓 Open Data & Trasparenza,Parlamenti & Organi Elettorali,Parliament of Kenya,https://www.parliament.go.ke,,EN,KE,,Parlamento keniota
🔓 Open Data & Trasparenza,Parlamenti & Organi Elettorali,Parliament of South Africa,https://www.parliament.gov.za,,EN,ZA,,Parlamento sudafricano
🔓 Open Data & Trasparenza,Parlamenti & Organi Elettorali,Registraduría Nacional (Colombia),https://www.registraduria.gov.co,,ES,CO,,Organo elettorale colombiano
🔓 Open Data & Trasparenza,Parlamenti & Organi Elettorali,Riksdag,https://www.riksdagen.se,,SV/EN,SE,,Parlamento svedese
🔓 Open Data & Trasparenza,Parlamenti & Organi Elettorali,Sejm RP,https://www.sejm.gov.pl,,PL/EN,PL,,Camera bassa polacca
🔓 Open Data & Trasparenza,Parlamenti & Organi Elettorali,Senado Federal,https://www12.senado.leg.br,,PT,BR,,Senato brasiliano
🔓 Open Data & Trasparenza,Parlamenti & Organi Elettorali,Servel Chile,https://www.servel.cl,,ES,CL,,Servizio elettorale cileno
🔓 Open Data & Trasparenza,Parlamenti & Organi Elettorali,State Duma,https://www.duma.gov.ru,,RU,RU,,Camera bassa russa
🔓 Open Data & Trasparenza,Parlamenti & Organi Elettorali,Storting,https://www.stortinget.no,,NO/EN,NO,,Parlamento norvegese
🔓 Open Data & Trasparenza,Parlamenti & Organi Elettorali,Sénat (Francia),https://www.senat.fr,,FR,FR,,Senato francese
🔓 Open Data & Trasparenza,Parlamenti & Organi Elettorali,The Carter Center,https://www.cartercenter.org,,EN,Globale,,Osservazione elettorale e democrazia
🔓 Open Data & Trasparenza,Parlamenti & Organi Elettorali,TSE Brasil,https://www.tse.jus.br,,PT,BR,,Tribunale superiore elettorale brasiliano
🔓 Open Data & Trasparenza,Parlamenti & Organi Elettorali,UK Parliament,https://www.parliament.uk,,EN,GB,,"Parlamento britannico, Hansard"
🔓 Open Data & Trasparenza,Parlamenti & Organi Elettorali,Verkhovna Rada (portale),https://www.rada.gov.ua,,UK/EN,UA,,Parlamento ucraino
🔓 Open Data & Trasparenza,Open Data Subnazionale & Città,AperTO — Torino,http://aperto.comune.torino.it,,IT,IT,,Open data Comune di Torino — HTTP (no HTTPS)
🔓 Open Data & Trasparenza,Open Data Subnazionale & Città,ARPAE Emilia-Romagna,https://dati.arpae.it,,IT,IT,,Open data ambiente/energia Emilia-Romagna — CKAN
🔓 Open Data & Trasparenza,Open Data Subnazionale & Città,California Open Data,https://data.ca.gov,,EN,US,,Open data Stato California
🔓 Open Data & Trasparenza,Open Data Subnazionale & Città,Chicago Data Portal,https://data.cityofchicago.org,,EN,US,,Open data Chicago
🔓 Open Data & Trasparenza,Open Data Subnazionale & Città,CM Napoli — Open Data,https://dati.cittametropolitana.na.it,,IT,IT,,Open data Città Metropolitana di Napoli — CKAN
🔓 Open Data & Trasparenza,Open Data Subnazionale & Città,Comune di Bari,https://opendata.comune.bari.it,,IT,IT,,Open data Comune di Bari — CKAN
🔓 Open Data & Trasparenza,Open Data Subnazionale & Città,Comune di Bologna,https://opendata.comune.bologna.it,,IT,IT,,Open data Comune di Bologna — OpenDataSoft
🔓 Open Data & Trasparenza,Open Data Subnazionale & Città,Comune di Cagliari,https://opendata.comune.cagliari.it,,IT,IT,,Open data Comune di Cagliari — CKAN
🔓 Open Data & Trasparenza,Open Data Subnazionale & Città,Comune di Catania,https://opendata.comune.catania.it,,IT,IT,,Open data Comune di Catania — CKAN
🔓 Open Data & Trasparenza,Open Data Subnazionale & Città,Comune di Ferrara,https://dati.comune.fe.it,,IT,IT,,Open data Comune di Ferrara — CKAN
🔓 Open Data & Trasparenza,Open Data Subnazionale & Città,Comune di Firenze,https://opendata.comune.fi.it,,IT,IT,,Open data Comune di Firenze — CC BY 4.0
🔓 Open Data & Trasparenza,Open Data Subnazionale & Città,Comune di Genova,https://smart.comune.genova.it/opendata,,IT,IT,,Open data Comune di Genova
🔓 Open Data & Trasparenza,Open Data Subnazionale & Città,Comune di Livorno,https://opendata.comune.livorno.it,,IT,IT,,Open data Comune di Livorno — SIT — CC BY 4.0
🔓 Open Data & Trasparenza,Open Data Subnazionale & Città,Comune di Messina,https://dati.comune.messina.it,,IT,IT,,Open data Comune di Messina — CKAN
🔓 Open Data & Trasparenza,Open Data Subnazionale & Città,Comune di Modena,https://opendata.comune.modena.it,,IT,IT,,Open data Comune di Modena — CKAN
🔓 Open Data & Trasparenza,Open Data Subnazionale & Città,Comune di Napoli,https://dati.comune.napoli.it,,IT,IT,,Open data Comune di Napoli — CKAN
🔓 Open Data & Trasparenza,Open Data Subnazionale & Città,Comune di Palermo,https://opendata.comune.palermo.it,,IT,IT,,Open data Comune di Palermo — CC BY 4.0
🔓 Open Data & Trasparenza,Open Data Subnazionale & Città,Comune di Parma,https://opendata.comune.parma.it,,IT,IT,,Open data Comune di Parma — CC BY 4.0
🔓 Open Data & Trasparenza,Open Data Subnazionale & Città,Comune di Reggio Emilia,https://opendata.comune.re.it,,IT,IT,,Open data Comune di Reggio Emilia — CKAN
🔓 Open Data & Trasparenza,Open Data Subnazionale & Città,Comune di Rimini,https://opendata.comune.rimini.it,,IT,IT,,Open data Comune di Rimini — CKAN
🔓 Open Data & Trasparenza,Open Data Subnazionale & Città,Data Amsterdam,https://data.amsterdam.nl,,NL/EN,NL,,Open data Amsterdam
🔓 Open Data & Trasparenza,Open Data Subnazionale & Città,Data LA,https://data.lacity.org,,EN,US,,Open data Los Angeles
🔓 Open Data & Trasparenza,Open Data Subnazionale & Città,Data NSW,https://data.nsw.gov.au,,EN,AU,,Open data New South Wales
🔓 Open Data & Trasparenza,Open Data Subnazionale & Città,DataSF,https://datasf.org,,EN,US,,Open data San Francisco
🔓 Open Data & Trasparenza,Open Data Subnazionale & Città,Daten Berlin,https://daten.berlin.de,,DE,DE,,Open data Berlino
🔓 Open Data & Trasparenza,Open Data Subnazionale & Città,Dati Emilia-Romagna,https://dati.emilia-romagna.it,,IT,IT,,Open data Regione Emilia-Romagna
🔓 Open Data & Trasparenza,Open Data Subnazionale & Città,Dati Piemonte,https://www.dati.piemonte.it,,IT,IT,,Open data Regione Piemonte
🔓 Open Data & Trasparenza,Open Data Subnazionale & Città,Dati Veneto,https://dati.veneto.it,,IT,IT,,Open data Regione Veneto
🔓 Open Data & Trasparenza,Open Data Subnazionale & Città,Datos Madrid,https://datos.madrid.es,,ES,MX,,Open data Madrid
🔓 Open Data & Trasparenza,Open Data Subnazionale & Città,Données Québec,https://www.donneesquebec.ca,,FR,CA,,Open data Québec
🔓 Open Data & Trasparenza,Open Data Subnazionale & Città,Eustat,https://www.eustat.eus,,EU/ES/EN,ES,,Istituto statistica Paesi Baschi
🔓 Open Data & Trasparenza,Open Data Subnazionale & Città,Idescat,https://www.idescat.cat,,CA/ES/EN,ES,,Istituto statistica Catalogna
🔓 Open Data & Trasparenza,Open Data Subnazionale & Città,Institut de la statistique du Québec,https://statistique.quebec.ca,,FR/EN,CA,,Statistica del Québec
🔓 Open Data & Trasparenza,Open Data Subnazionale & Città,London Datastore,https://data.london.gov.uk,,EN,GB,,Open data Greater London
🔓 Open Data & Trasparenza,Open Data Subnazionale & Città,Maggioli Cloud — Open Data EELL,https://www.opendata.maggioli.cloud,,IT,IT,,Open data enti locali — piattaforma Maggioli — CKAN
🔓 Open Data & Trasparenza,Open Data Subnazionale & Città,NISRA,https://www.nisra.gov.uk,,EN,GB,,Statistica Irlanda del Nord
🔓 Open Data & Trasparenza,Open Data Subnazionale & Città,NRS — National Records of Scotland,https://www.nrscotland.gov.uk,,EN,GB,,Statistiche e registri scozzesi
🔓 Open Data & Trasparenza,Open Data Subnazionale & Città,NY State Open Data,https://data.ny.gov,,EN,US,,Open data Stato New York
🔓 Open Data & Trasparenza,Open Data Subnazionale & Città,NYC Open Data,https://opendata.cityofnewyork.us,,EN,US,,Open data New York City
🔓 Open Data & Trasparenza,Open Data Subnazionale & Città,Ontario Data Catalogue,https://data.ontario.ca,,EN/FR,CA,,Open data Ontario
🔓 Open Data & Trasparenza,Open Data Subnazionale & Città,Open Data BCN,https://opendata-ajuntament.barcelona.cat,,CA/ES/EN,ES,,Open data Barcellona
🔓 Open Data & Trasparenza,Open Data Subnazionale & Città,Open Data Bolzano,https://data.civis.bz.it,,IT/DE,IT,,Open data Provincia Autonoma di Bolzano — CC0 / CC BY 4.0
🔓 Open Data & Trasparenza,Open Data Subnazionale & Città,Open Toscana — Dati,https://dati.toscana.it,,IT,IT,,Open data Regione Toscana
🔓 Open Data & Trasparenza,Open Data Subnazionale & Città,Opendata Paris,https://opendata.paris.fr,,FR,FR,,Open data Ville de Paris
🔓 Open Data & Trasparenza,Open Data Subnazionale & Città,Regione Calabria,https://dati.regione.calabria.it,,IT,IT,,Open data Regione Calabria — CKAN
🔓 Open Data & Trasparenza,Open Data Subnazionale & Città,Regione Campania,https://dati.regione.campania.it,,IT,IT,,Open data Regione Campania — CKAN
🔓 Open Data & Trasparenza,Open Data Subnazionale & Città,Regione Friuli Venezia Giulia,https://www.dati.friuliveneziagiulia.it,,IT,IT,,Open data Regione FVG — Socrata — IODL 2.0
🔓 Open Data & Trasparenza,Open Data Subnazionale & Città,Regione Liguria,https://dati.regione.liguria.it,,IT,IT,,Open data Regione Liguria — CKAN
🔓 Open Data & Trasparenza,Open Data Subnazionale & Città,Regione Marche,https://dati.regione.marche.it,,IT,IT,,Open data Regione Marche — CC BY 4.0
🔓 Open Data & Trasparenza,Open Data Subnazionale & Città,Regione Puglia,https://dati.puglia.it,,IT,IT,,Open data Regione Puglia — CC BY 4.0
🔓 Open Data & Trasparenza,Open Data Subnazionale & Città,Regione Sicilia,https://dati.regione.sicilia.it,,IT,IT,,Open data Regione Sicilia — CKAN
🔓 Open Data & Trasparenza,Open Data Subnazionale & Città,Regione Umbria,https://dati.regione.umbria.it,,IT,IT,,Open data Regione Umbria — CKAN
🔓 Open Data & Trasparenza,Open Data Subnazionale & Città,Statistikportal (Länder),https://www.statistikportal.de,,DE,DE,,Portale comune uffici statistici Länder
🔓 Open Data & Trasparenza,Open Data Subnazionale & Città,StatsWales,https://statswales.gov.wales,,EN/CY,GB,,Statistica gallese
🔓 Open Data & Trasparenza,Open Data Subnazionale & Città,Texas Open Data,https://data.texas.gov,,EN,US,,Open data Stato Texas
🔓 Open Data & Trasparenza,Open Data Subnazionale & Città,Tokyo Open Data,https://portal.data.metro.tokyo.lg.jp,,JA,JP,,Open data Metropoli di Tokyo
🔓 Open Data & Trasparenza,Open Data Subnazionale & Città,Trentino — Dati Aperti,https://dati.trentino.it,,IT,IT,,Open data Provincia Autonoma di Trento — CKAN — CC0 / CC BY 4.0
🔓 Open Data & Trasparenza,"Esteri, Governi & Diplomazia",Auswärtiges Amt,https://www.auswaertiges-amt.de,,DE/EN,DE,,Ministero esteri tedesco
🔓 Open Data & Trasparenza,"Esteri, Governi & Diplomazia",BMEIA,https://www.bmeia.gv.at,,DE/EN,AT,,Esteri austriaco
🔓 Open Data & Trasparenza,"Esteri, Governi & Diplomazia",Bundesregierung,https://www.bundesregierung.de,,DE/EN,DE,,Governo federale tedesco
🔓 Open Data & Trasparenza,"Esteri, Governi & Diplomazia",Cancillería Argentina,https://www.cancilleria.gob.ar,,ES,AR,,Esteri argentino
🔓 Open Data & Trasparenza,"Esteri, Governi & Diplomazia",Casa Rosada,https://www.casarosada.gob.ar,,ES,AR,,Presidenza argentina
🔓 Open Data & Trasparenza,"Esteri, Governi & Diplomazia",DIRCO,https://www.dirco.gov.za,,EN,ZA,,Esteri sudafricano
🔓 Open Data & Trasparenza,"Esteri, Governi & Diplomazia",Farnesina — Ministero degli Esteri,https://www.esteri.it,,IT,IT,,MAECI italiano
🔓 Open Data & Trasparenza,"Esteri, Governi & Diplomazia",FDFA — Dipartimento federale affari esteri,https://www.eda.admin.ch,,DE/FR/IT/EN,CH,,Esteri svizzero
🔓 Open Data & Trasparenza,"Esteri, Governi & Diplomazia",France Diplomatie,https://www.diplomatie.gouv.fr,,FR/EN,FR,,Quai d'Orsay
🔓 Open Data & Trasparenza,"Esteri, Governi & Diplomazia",Kantei,https://www.kantei.go.jp,,JA/EN,JP,,Ufficio del primo ministro giapponese
🔓 Open Data & Trasparenza,"Esteri, Governi & Diplomazia",Kemlu — MFA Indonesia,https://kemlu.go.id,,ID/EN,ID,,Esteri indonesiano
🔓 Open Data & Trasparenza,"Esteri, Governi & Diplomazia",La Moncloa,https://www.lamoncloa.gob.es,,ES,ES,,Presidenza del governo spagnolo
🔓 Open Data & Trasparenza,"Esteri, Governi & Diplomazia",MFA Greece,https://www.mfa.gr,,EL/EN,GR,,Esteri greco
🔓 Open Data & Trasparenza,"Esteri, Governi & Diplomazia",MFA Kenya,https://mfa.go.ke,,EN,KE,,Esteri keniota
🔓 Open Data & Trasparenza,"Esteri, Governi & Diplomazia",MFA Singapore,https://www.mfa.gov.sg,,EN,SG,,Esteri di Singapore
🔓 Open Data & Trasparenza,"Esteri, Governi & Diplomazia",MFA Turkey,https://www.mfa.gov.tr,,TR/EN,TR,,Esteri turco
🔓 Open Data & Trasparenza,"Esteri, Governi & Diplomazia",MFA Ukraine,https://mfa.gov.ua,,UK/EN,UA,,Esteri ucraino
🔓 Open Data & Trasparenza,"Esteri, Governi & Diplomazia",MFAT New Zealand,https://www.mfat.govt.nz,,EN,NZ,,Esteri neozelandese
🔓 Open Data & Trasparenza,"Esteri, Governi & Diplomazia",MID Russia,https://www.mid.ru,,RU/EN,RU,,Esteri russo
🔓 Open Data & Trasparenza,"Esteri, Governi & Diplomazia",Ministerio de Asuntos Exteriores,https://www.exteriores.gob.es,,ES,ES,,Esteri spagnolo
🔓 Open Data & Trasparenza,"Esteri, Governi & Diplomazia",MOFA China,https://www.fmprc.gov.cn,,ZH/EN,CN,,"Esteri cinese, conferenze stampa"
🔓 Open Data & Trasparenza,"Esteri, Governi & Diplomazia",MOFA Japan,https://www.mofa.go.jp,,JA/EN,JP,,Esteri giapponese
🔓 Open Data & Trasparenza,"Esteri, Governi & Diplomazia",MOFA Korea,https://www.mofa.go.kr,,KO/EN,KR,,Esteri sudcoreano
🔓 Open Data & Trasparenza,"Esteri, Governi & Diplomazia",MOFA Saudi Arabia,https://www.mofa.gov.sa,,AR/EN,SA,,Esteri saudita
🔓 Open Data & Trasparenza,"Esteri, Governi & Diplomazia",MOFA Taiwan,https://www.mofa.gov.tw,,ZH/EN,TW,,Esteri taiwanese
🔓 Open Data & Trasparenza,"Esteri, Governi & Diplomazia",MoFA UAE,https://www.mofa.gov.ae,,AR/EN,AE,,Esteri emiratino
🔓 Open Data & Trasparenza,"Esteri, Governi & Diplomazia",MOFA Vietnam,https://www.mofa.gov.vn,,VI/EN,VN,,Esteri vietnamita
🔓 Open Data & Trasparenza,"Esteri, Governi & Diplomazia",PMO Australia,https://www.pm.gov.au,,EN,AU,,Primo ministro australiano
🔓 Open Data & Trasparenza,"Esteri, Governi & Diplomazia",PMO Canada,https://www.pm.gc.ca,,EN/FR,CA,,Primo ministro canadese
🔓 Open Data & Trasparenza,"Esteri, Governi & Diplomazia",The Presidency (South Africa),https://www.thepresidency.gov.za,,EN,ZA,,Presidenza sudafricana
🔓 Open Data & Trasparenza,"Esteri, Governi & Diplomazia",Élysée,https://www.elysee.fr,,FR,FR,,Presidenza francese
🔓 Open Data & Trasparenza,"Corti dei Conti, Tesori & Vigilanza Pubblica",Agence France Trésor,https://www.aft.gouv.fr,,FR/EN,FR,,Gestione debito francese
🔓 Open Data & Trasparenza,"Corti dei Conti, Tesori & Vigilanza Pubblica",AGSA — Auditor-General South Africa,https://www.agsa.co.za,,EN,ZA,,Audit pubblico sudafricano
🔓 Open Data & Trasparenza,"Corti dei Conti, Tesori & Vigilanza Pubblica",ANAO,https://www.anao.gov.au,,EN,AU,,Audit nazionale australiano
🔓 Open Data & Trasparenza,"Corti dei Conti, Tesori & Vigilanza Pubblica",AOFM,https://www.aofm.gov.au,,EN,AU,,Gestione debito australiano
🔓 Open Data & Trasparenza,"Corti dei Conti, Tesori & Vigilanza Pubblica",Belgian Debt Agency,https://www.debtagency.be,,EN/FR/NL,BE,,Gestione debito belga
🔓 Open Data & Trasparenza,"Corti dei Conti, Tesori & Vigilanza Pubblica",Board of Audit of Japan,https://www.jbaudit.go.jp,,JA/EN,JP,,Corte dei conti giapponese
🔓 Open Data & Trasparenza,"Corti dei Conti, Tesori & Vigilanza Pubblica",Bundesrechnungshof,https://www.bundesrechnungshof.de,,DE,DE,,Corte dei conti tedesca
🔓 Open Data & Trasparenza,"Corti dei Conti, Tesori & Vigilanza Pubblica",Cour des comptes,https://www.ccomptes.fr,,FR,FR,,Corte dei conti francese
🔓 Open Data & Trasparenza,"Corti dei Conti, Tesori & Vigilanza Pubblica",Deutsche Finanzagentur,https://www.deutsche-finanzagentur.de,,DE/EN,DE,,Gestione debito tedesco
🔓 Open Data & Trasparenza,"Corti dei Conti, Tesori & Vigilanza Pubblica",DSTA — Dutch State Treasury Agency,https://www.dsta.nl,,NL/EN,NL,,Gestione debito olandese
🔓 Open Data & Trasparenza,"Corti dei Conti, Tesori & Vigilanza Pubblica",European Ombudsman,https://www.ombudsman.europa.eu,,EN,EU,,Mediatore europeo
🔓 Open Data & Trasparenza,"Corti dei Conti, Tesori & Vigilanza Pubblica",INTOSAI,https://www.intosai.org,,EN,Globale,,Organizzazione istituzioni superiori di controllo
🔓 Open Data & Trasparenza,"Corti dei Conti, Tesori & Vigilanza Pubblica",IOI — International Ombudsman Institute,https://www.theioi.org,,EN,Globale,,Rete difensori civici
🔓 Open Data & Trasparenza,"Corti dei Conti, Tesori & Vigilanza Pubblica",ISSA — International Social Security Association,https://www.issa.int,,EN,Globale,,Sicurezza sociale comparata
🔓 Open Data & Trasparenza,"Corti dei Conti, Tesori & Vigilanza Pubblica",MOF Japan,https://www.mof.go.jp,,JA/EN,JP,,"Ministero finanze giapponese, JGB"
🔓 Open Data & Trasparenza,"Corti dei Conti, Tesori & Vigilanza Pubblica",NAIC,https://content.naic.org,,EN,US,,Associazione regolatori assicurativi statali
🔓 Open Data & Trasparenza,"Corti dei Conti, Tesori & Vigilanza Pubblica",NAO — National Audit Office,https://www.nao.org.uk,,EN,GB,,Audit pubblico britannico
🔓 Open Data & Trasparenza,"Corti dei Conti, Tesori & Vigilanza Pubblica",NTMA,https://www.ntma.ie,,EN,IE,,Gestione tesoro irlandese
🔓 Open Data & Trasparenza,"Corti dei Conti, Tesori & Vigilanza Pubblica",OAG Canada,https://www.oag-bvg.gc.ca,,EN/FR,CA,,Auditor General canadese
🔓 Open Data & Trasparenza,"Corti dei Conti, Tesori & Vigilanza Pubblica",Riksgälden,https://www.riksgalden.se,,SV/EN,SE,,Ufficio debito svedese
🔓 Open Data & Trasparenza,"Corti dei Conti, Tesori & Vigilanza Pubblica",Tesoro Público,https://www.tesoro.es,,ES,ES,,"Tesoro spagnolo, aste titoli"
🔓 Open Data & Trasparenza,"Corti dei Conti, Tesori & Vigilanza Pubblica",Tribunal de Cuentas,https://www.tcu.es,,ES,ES,,Corte dei conti spagnola
🔓 Open Data & Trasparenza,"Corti dei Conti, Tesori & Vigilanza Pubblica",UK DMO — Debt Management Office,https://www.dmo.gov.uk,,EN,GB,,Gestione debito pubblico UK
✅ Fact-Checking & Disinformazione,Fact-Checking & Disinformazione,AAP FactCheck,https://www.aap.com.au/factcheck,,EN,AU,,Fact-checker — Australia (rete IFCN/EFCSN/Duke) · verifica consigliata
✅ Fact-Checking & Disinformazione,Fact-Checking & Disinformazione,ABS-CBN Fact Check,https://news.abs-cbn.com/factcheck,,,,,Fact-checker (rete IFCN) · verifica consigliata
✅ Fact-Checking & Disinformazione,Fact-Checking & Disinformazione,Action for Democratic Society (ADS) hibrid.info,http://www.hibrid.info/,,SQ,,,Fact-checker (rete IFCN) · verifica consigliata
✅ Fact-Checking & Disinformazione,Fact-Checking & Disinformazione,AkhbarMeter,https://akhbarmeter.org/,,EN,,,Fact-checker (rete IFCN) · verifica consigliata
✅ Fact-Checking & Disinformazione,Fact-Checking & Disinformazione,Animal Político - El Sabueso,https://grupoanimal.mx/verificacion-de-hechos,,ES,MX,,Fact-checker (rete IFCN) · verifica consigliata
✅ Fact-Checking & Disinformazione,Fact-Checking & Disinformazione,Annie Lab,https://annielab.org,,EN,HK,,Fact-checker — Hong Kong (rete IFCN/EFCSN/Duke) · verifica consigliata
✅ Fact-Checking & Disinformazione,Fact-Checking & Disinformazione,Annir,https://annir.ly/,,AR,LY,,Fact-checker (rete IFCN) · verifica consigliata
✅ Fact-Checking & Disinformazione,Fact-Checking & Disinformazione,Aos Fatos,https://aosfatos.org,,PT,,,Fact-checker (rete IFCN) · verifica consigliata
✅ Fact-Checking & Disinformazione,Fact-Checking & Disinformazione,AP Fact Check,https://www.ap.org,,EN,,,Fact-checker (rete IFCN) · verifica consigliata
✅ Fact-Checking & Disinformazione,Fact-Checking & Disinformazione,ARIJ,https://www.arij.net,,AR,,,Fact-checker (rete IFCN) · verifica consigliata
✅ Fact-Checking & Disinformazione,Fact-Checking & Disinformazione,BALOBAKI CHECK,https://www.balobakicheck.com,,FR,,,Fact-checker (rete IFCN) · verifica consigliata
✅ Fact-Checking & Disinformazione,Fact-Checking & Disinformazione,Bolivia Verifica,https://boliviaverifica.bo,,ES,BO,,Fact-checker (rete IFCN) · verifica consigliata
✅ Fact-Checking & Disinformazione,Fact-Checking & Disinformazione,Cazadores de Fake News,https://www.cazadoresdefakenews.info,,ES,,,Fact-checker (rete IFCN) · verifica consigliata
✅ Fact-Checking & Disinformazione,Fact-Checking & Disinformazione,Check4Facts,https://check4facts.gr,,EL,GR,,Fact-checker — Greece (rete IFCN/EFCSN/Duke) · verifica consigliata
✅ Fact-Checking & Disinformazione,Fact-Checking & Disinformazione,China Fact Check,https://chinafactcheck.com,,ZH,CN,,Fact-checker — China (rete IFCN/EFCSN/Duke) · verifica consigliata
✅ Fact-Checking & Disinformazione,Fact-Checking & Disinformazione,Cotejo.Info,http://cotejo.info,,,,,Fact-checker (rete IFCN) · verifica consigliata
✅ Fact-Checking & Disinformazione,Fact-Checking & Disinformazione,Danbi Fact Check,https://www.danbinews.com/news/articleList.html?sc_section_code=S1N14&view_type=sm,,KO,,,Fact-checker (rete IFCN) · verifica consigliata
✅ Fact-Checking & Disinformazione,Fact-Checking & Disinformazione,DataCheckOrg,https://www.data-check.org,,EN,,,Fact-checker (rete IFCN) · verifica consigliata
✅ Fact-Checking & Disinformazione,Fact-Checking & Disinformazione,Delfi Faktikontroll,https://epl.delfi.ee/faktikontrollid/,,ET,EE,,Fact-checker (rete IFCN) · verifica consigliata
✅ Fact-Checking & Disinformazione,Fact-Checking & Disinformazione,Demagog Association,https://demagog.org.pl,,PL,PL,,Fact-checker (rete IFCN) · verifica consigliata
✅ Fact-Checking & Disinformazione,Fact-Checking & Disinformazione,Demaskuok.lt,https://demaskuok.lt,,LT,LT,,Fact-checker — Lithuania (rete IFCN/EFCSN/Duke) · verifica consigliata
✅ Fact-Checking & Disinformazione,Fact-Checking & Disinformazione,Digiteye,https://digiteye.in,,EN,IN,,Fact-checker (rete IFCN) · verifica consigliata
✅ Fact-Checking & Disinformazione,Fact-Checking & Disinformazione,Dismislab,https://en.dismislab.com,https://en.dismislab.com/feed/,BN,BD,,Fact-checker — Bangladesh (rete IFCN/EFCSN/Duke) · verifica consigliata
✅ Fact-Checking & Disinformazione,Fact-Checking & Disinformazione,Doğrula,https://www.dogrula.org/,,TR,,,Fact-checker (rete IFCN) · verifica consigliata
✅ Fact-Checking & Disinformazione,Fact-Checking & Disinformazione,dpa Deutsche Presse-Agentur GmbH,https://dpa-factchecking.com,,,,,Fact-checker (rete IFCN) · verifica consigliata
✅ Fact-Checking & Disinformazione,Fact-Checking & Disinformazione,E-farsas,https://www.e-farsas.com,http://www.e-farsas.com/feed,PT,BR,,Fact-checker — Brazil (rete IFCN/EFCSN/Duke) · verifica consigliata
✅ Fact-Checking & Disinformazione,Fact-Checking & Disinformazione,EFE Verifica,https://www.efe.com/efe/espana/efeverifica/50001435,,ES,,,Fact-checker (rete IFCN) · verifica consigliata
✅ Fact-Checking & Disinformazione,Fact-Checking & Disinformazione,Eleza Fact,https://elezafact.cd/,,EN,CD,,Fact-checker (rete IFCN) · verifica consigliata
✅ Fact-Checking & Disinformazione,Fact-Checking & Disinformazione,Ellinika Hoaxes,https://ellinikahoaxes.gr,,EL,GR,,Fact-checker — Greece (rete IFCN/EFCSN/Duke) · verifica consigliata
✅ Fact-Checking & Disinformazione,Fact-Checking & Disinformazione,Estadão Verifica,https://politica.estadao.com.br/blogs/estadao-verifica/,,PT,BR,,Fact-checker (rete IFCN) · verifica consigliata
✅ Fact-Checking & Disinformazione,Fact-Checking & Disinformazione,EU DisinfoLab,https://www.disinfo.eu,https://www.disinfo.eu/feed/,EN,EU,,Ricerca disinformazione e operazioni di influenza EU
✅ Fact-Checking & Disinformazione,Fact-Checking & Disinformazione,Fact-Check Ghana (MFWA),https://www.fact-checkghana.com,https://www.fact-checkghana.com/feed/,EN,GH,,Fact-checker — Ghana (rete IFCN/EFCSN/Duke) · verifica consigliata
✅ Fact-Checking & Disinformazione,Fact-Checking & Disinformazione,Factcheck Lab,https://www.factchecklab.org,https://www.factchecklab.org/rss/,ZH,HK,,Fact-checker — Hong Kong (rete IFCN/EFCSN/Duke) · verifica consigliata
✅ Fact-Checking & Disinformazione,Fact-Checking & Disinformazione,Factcheck.bg,https://factcheck.bg,https://factcheck.bg/feed/,BG,BG,,Fact-checker — Bulgaria (rete IFCN/EFCSN/Duke) · verifica consigliata
✅ Fact-Checking & Disinformazione,Fact-Checking & Disinformazione,Factcheck.kz,http://factcheck.kz,,RU,KZ,,Fact-checker (rete IFCN) · verifica consigliata
✅ Fact-Checking & Disinformazione,Fact-Checking & Disinformazione,FactCheckAfrica,https://factcheckafrica.net/,,EN,,,Fact-checker (rete IFCN) · verifica consigliata
✅ Fact-Checking & Disinformazione,Fact-Checking & Disinformazione,FactCheckHub (ICIR),https://factcheckhub.com,https://factcheckhub.com/feed/,EN,NG,,Fact-checker — Nigeria (rete IFCN/EFCSN/Duke) · verifica consigliata
✅ Fact-Checking & Disinformazione,Fact-Checking & Disinformazione,FactCheckNI,http://factcheckni.org,,EN,,,Fact-checker (rete IFCN) · verifica consigliata
✅ Fact-Checking & Disinformazione,Fact-Checking & Disinformazione,Factcrescendo,https://factcrescendo.com,https://factcrescendo.com/feed/,EN,IN,,Fact-checker — India (rete IFCN/EFCSN/Duke) · verifica consigliata
✅ Fact-Checking & Disinformazione,Fact-Checking & Disinformazione,Factico,https://factico.org,,ES,,,Fact-checker (rete IFCN) · verifica consigliata
✅ Fact-Checking & Disinformazione,Fact-Checking & Disinformazione,Factly,https://factly.in,https://factly.in/feed/,EN,IN,,Fact-checker — India (rete IFCN/EFCSN/Duke) · verifica consigliata
✅ Fact-Checking & Disinformazione,Fact-Checking & Disinformazione,Factnameh,https://factnameh.com/fa,,FA,,,Fact-checker (rete IFCN) · verifica consigliata
✅ Fact-Checking & Disinformazione,Fact-Checking & Disinformazione,FactReview,https://factreview.gr/,,EL,GR,,Fact-checker (rete IFCN) · verifica consigliata
✅ Fact-Checking & Disinformazione,Fact-Checking & Disinformazione,FactSpace West Africa,https://factspace.org,https://factspace.org/feed/,EN,,,Fact-checker — Africa (rete IFCN/EFCSN/Duke) · verifica consigliata
✅ Fact-Checking & Disinformazione,Fact-Checking & Disinformazione,Factual.ro,https://www.factual.ro,https://www.factual.ro/feed/,RO,RO,,Fact-checker — Romania (rete IFCN/EFCSN/Duke) · verifica consigliata
✅ Fact-Checking & Disinformazione,Fact-Checking & Disinformazione,FactWatch,https://www.fact-watch.org,https://www.fact-watch.org/feed/,BN,BD,,Fact-checker — Bangladesh (rete IFCN/EFCSN/Duke) · verifica consigliata
✅ Fact-Checking & Disinformazione,Fact-Checking & Disinformazione,FakeNews Tragač,https://fakenews.rs/,,EN,RS,,Fact-checker (rete IFCN) · verifica consigliata
✅ Fact-Checking & Disinformazione,Fact-Checking & Disinformazione,FakeNews.pl,https://fakenews.pl,https://fakenews.pl/feed/,PL,PL,,Fact-checker — Poland (rete IFCN/EFCSN/Duke) · verifica consigliata
✅ Fact-Checking & Disinformazione,Fact-Checking & Disinformazione,Faktograf - udruga za informiranu javnost,http://faktograf.hr/,,HR,HR,,Fact-checker (rete IFCN) · verifica consigliata
✅ Fact-Checking & Disinformazione,Fact-Checking & Disinformazione,Fast Check CL,https://www.fastcheck.cl,,ES,CL,,Fact-checker (rete IFCN) · verifica consigliata
✅ Fact-Checking & Disinformazione,Fact-Checking & Disinformazione,First Check,https://firstcheck.in/,,EN,IN,,Fact-checker (rete IFCN) · verifica consigliata
✅ Fact-Checking & Disinformazione,Fact-Checking & Disinformazione,France 24 - Les Observateurs,http://observers.france24.com/fr/,,,,,Fact-checker (rete IFCN) · verifica consigliata
✅ Fact-Checking & Disinformazione,Fact-Checking & Disinformazione,GhanaFact,https://ghanafact.com,https://ghanafact.com/feed/,EN,GH,,Fact-checker — Ghana (rete IFCN/EFCSN/Duke) · verifica consigliata
✅ Fact-Checking & Disinformazione,Fact-Checking & Disinformazione,Greece Fact Check,https://www.factchecker.gr,,EL,GR,,Fact-checker (rete IFCN) · verifica consigliata
✅ Fact-Checking & Disinformazione,Fact-Checking & Disinformazione,GWARA MEDIA,https://gwaramedia.com/,,UK,,,Fact-checker (rete IFCN) · verifica consigliata
✅ Fact-Checking & Disinformazione,Fact-Checking & Disinformazione,HaqCheck/Inform Africa,https://haqcheck.org/,,EN,,,Fact-checker (rete IFCN) · verifica consigliata
✅ Fact-Checking & Disinformazione,Fact-Checking & Disinformazione,Heya tatahaqaq,https://www.shechecks.net,,AR,,,Fact-checker (rete IFCN) · verifica consigliata
✅ Fact-Checking & Disinformazione,Fact-Checking & Disinformazione,HKBU Fact Check,https://factcheck.hkbu.edu.hk,https://factcheck.hkbu.edu.hk/home/feed/,ZH,HK,,Fact-checker — Hong Kong (rete IFCN/EFCSN/Duke) · verifica consigliata
✅ Fact-Checking & Disinformazione,Fact-Checking & Disinformazione,InFact,https://infact.press/,,JA,,,Fact-checker (rete IFCN) · verifica consigliata
✅ Fact-Checking & Disinformazione,Fact-Checking & Disinformazione,Infoveritas,https://info-veritas.com/,,ES,,,Fact-checker (rete IFCN) · verifica consigliata
✅ Fact-Checking & Disinformazione,Fact-Checking & Disinformazione,Istinomjer,http://istinomjer.ba/,,BS,BA,,Fact-checker (rete IFCN) · verifica consigliata
✅ Fact-Checking & Disinformazione,Fact-Checking & Disinformazione,Jachai,https://www.jachai.org,,BN,BD,,Fact-checker — Bangladesh (rete IFCN/EFCSN/Duke) · verifica consigliata
✅ Fact-Checking & Disinformazione,Fact-Checking & Disinformazione,Japan Fact-check Center,https://factcheckcenter.jp/,,JA,JP,,Fact-checker (rete IFCN) · verifica consigliata
✅ Fact-Checking & Disinformazione,Fact-Checking & Disinformazione,Kompas Cek Fakta,https://cekfakta.kompas.com,,ID,ID,,Fact-checker — Indonesia (rete IFCN) · verifica consigliata
✅ Fact-Checking & Disinformazione,Fact-Checking & Disinformazione,Källkritikbyrån,https://kallkritikbyran.se/,,SV,SE,,Fact-checker (rete IFCN) · verifica consigliata
✅ Fact-Checking & Disinformazione,Fact-Checking & Disinformazione,Lakmusz.hu - Magyar Jeti Zrt.,https://www.lakmusz.hu/,,HU,HU,,Fact-checker (rete IFCN) · verifica consigliata
✅ Fact-Checking & Disinformazione,Fact-Checking & Disinformazione,Lead Stories,https://leadstories.com,,EN,,,Fact-checker (rete IFCN) · verifica consigliata
✅ Fact-Checking & Disinformazione,Fact-Checking & Disinformazione,Lighthousejournalism.com,https://www.lighthousejournalism.com,,EN,,,Fact-checker (rete IFCN) · verifica consigliata
✅ Fact-Checking & Disinformazione,Fact-Checking & Disinformazione,Litmus,https://litmus-factcheck.jp/,,JA,JP,,Fact-checker (rete IFCN) · verifica consigliata
✅ Fact-Checking & Disinformazione,Fact-Checking & Disinformazione,MAFINDO,http://www.mafindo.or.id,,EN,ID,,Fact-checker (rete IFCN) · verifica consigliata
✅ Fact-Checking & Disinformazione,Fact-Checking & Disinformazione,Mala Espina Check,http://www.malaespinacheck.cl,,EN,CL,,Fact-checker (rete IFCN) · verifica consigliata
✅ Fact-Checking & Disinformazione,Fact-Checking & Disinformazione,Medical Dialogues,https://medicaldialogues.in/,,EN,IN,,Fact-checker (rete IFCN) · verifica consigliata
✅ Fact-Checking & Disinformazione,Fact-Checking & Disinformazione,Metamorphosis Foundation,http://www.vistinomer.mk,,MK,MK,,Fact-checker (rete IFCN) · verifica consigliata
✅ Fact-Checking & Disinformazione,Fact-Checking & Disinformazione,MyGoPen,https://www.mygopen.com/,,,,,Fact-checker (rete IFCN) · verifica consigliata
✅ Fact-Checking & Disinformazione,Fact-Checking & Disinformazione,Myth Detector,https://mythdetector.com/,,EN,,,Fact-checker (rete IFCN) · verifica consigliata
✅ Fact-Checking & Disinformazione,Fact-Checking & Disinformazione,Nest center for Journalism Innovation and Development NGO,http://www.mfcc.mn/,,EN,MN,,Fact-checker (rete IFCN) · verifica consigliata
✅ Fact-Checking & Disinformazione,Fact-Checking & Disinformazione,News Verifier Africa,https://newsverifierafrica.com,https://newsverifierafrica.com/feed/,EN,,,Fact-checker — Africa (rete IFCN/EFCSN/Duke) · verifica consigliata
✅ Fact-Checking & Disinformazione,Fact-Checking & Disinformazione,Newschecker,http://www.newschecker.in,,,IN,,Fact-checker (rete IFCN) · verifica consigliata
✅ Fact-Checking & Disinformazione,Fact-Checking & Disinformazione,Newsmeter (Fifth Estate Digital Private Limited),https://newsmeter.in,,EN,IN,,Fact-checker (rete IFCN) · verifica consigliata
✅ Fact-Checking & Disinformazione,Fact-Checking & Disinformazione,NewsMobile,http://www.newsmobile.in/,,EN,IN,,Fact-checker (rete IFCN) · verifica consigliata
✅ Fact-Checking & Disinformazione,Fact-Checking & Disinformazione,Observatorio de Datos UAI,https://observatoriodedatos.uai.cl,https://observatoriodedatos.uai.cl/feed/,ES,CL,,Fact-checker — Chile (rete IFCN/EFCSN/Duke) · verifica consigliata
✅ Fact-Checking & Disinformazione,Fact-Checking & Disinformazione,Ocote,https://www.agenciaocote.com/proyectos/factica/,,ES,,,Fact-checker (rete IFCN) · verifica consigliata
✅ Fact-Checking & Disinformazione,Fact-Checking & Disinformazione,Polígrafo,https://poligrafo.sapo.pt,,PT,PT,,Fact-checker (rete IFCN) · verifica consigliata
✅ Fact-Checking & Disinformazione,Fact-Checking & Disinformazione,Pravda.org.pl,https://pravda.org.pl,https://pravda.org.pl/rss/,PL,PL,,Fact-checker — Poland (rete IFCN/EFCSN/Duke) · verifica consigliata
✅ Fact-Checking & Disinformazione,Fact-Checking & Disinformazione,PressOne.PH,https://pressone.ph/,,EN,PH,,Fact-checker (rete IFCN) · verifica consigliata
✅ Fact-Checking & Disinformazione,Fact-Checking & Disinformazione,Raskrikavanje,https://www.raskrikavanje.rs/,,EN,RS,,Fact-checker (rete IFCN) · verifica consigliata
✅ Fact-Checking & Disinformazione,Fact-Checking & Disinformazione,Raskrinkavanje,http://raskrinkavanje.ba,,BS,BA,,Fact-checker (rete IFCN) · verifica consigliata
✅ Fact-Checking & Disinformazione,Fact-Checking & Disinformazione,Raskrinkavanje.me,https://www.raskrinkavanje.me/,,EN,,,Fact-checker (rete IFCN) · verifica consigliata
✅ Fact-Checking & Disinformazione,Fact-Checking & Disinformazione,Re:Baltica,https://rebaltica.lv/,,LV,LV,,Fact-checker (rete IFCN) · verifica consigliata
✅ Fact-Checking & Disinformazione,Fact-Checking & Disinformazione,Reuters Fact Check,https://www.reutersagency.com/en/,,EN,,,Fact-checker (rete IFCN) · verifica consigliata
✅ Fact-Checking & Disinformazione,Fact-Checking & Disinformazione,Roundcheck,https://roundcheck.com.ng,https://roundcheck.com.ng/feed/,EN,NG,,Fact-checker — Nigeria (rete IFCN/EFCSN/Duke) · verifica consigliata
✅ Fact-Checking & Disinformazione,Fact-Checking & Disinformazione,Sawab (UNDP),https://sawablb.com,,AR,LB,,Fact-checker — Lebanon (rete IFCN/EFCSN/Duke) · verifica consigliata
✅ Fact-Checking & Disinformazione,Fact-Checking & Disinformazione,Science Feedback,https://science.feedback.org,,EN,,,Fact-checker (rete IFCN) · verifica consigliata
✅ Fact-Checking & Disinformazione,Fact-Checking & Disinformazione,Soch Videos,https://www.sochfactcheck.com/,,EN,,,Fact-checker (rete IFCN) · verifica consigliata
✅ Fact-Checking & Disinformazione,Fact-Checking & Disinformazione,StopFake.org,https://www.stopfake.org/en/about-us/,,EN,,,Fact-checker (rete IFCN) · verifica consigliata
✅ Fact-Checking & Disinformazione,Fact-Checking & Disinformazione,Stopfals.md,https://stopfals.md/,,RO,MD,,Fact-checker (rete IFCN) · verifica consigliata
✅ Fact-Checking & Disinformazione,Fact-Checking & Disinformazione,Telugupost.com,https://www.telugupost.com/,,TE,,,Fact-checker (rete IFCN) · verifica consigliata
✅ Fact-Checking & Disinformazione,Fact-Checking & Disinformazione,Tempo,https://www.tempo.co/,,ID,,,Fact-checker (rete IFCN) · verifica consigliata
✅ Fact-Checking & Disinformazione,Fact-Checking & Disinformazione,The Canadian Press,https://www.thecanadianpressnews.ca,,EN,CA,,Fact-checker (rete IFCN) · verifica consigliata
✅ Fact-Checking & Disinformazione,Fact-Checking & Disinformazione,The Stage Media -Liberia,https://tsmliberia.com/,,EN,,,Fact-checker (rete IFCN) · verifica consigliata
✅ Fact-Checking & Disinformazione,Fact-Checking & Disinformazione,The Taiwan Society for Targeting Misinformation,https://tstm.tw/,,ZH,TW,,Fact-checker (rete IFCN) · verifica consigliata
✅ Fact-Checking & Disinformazione,Fact-Checking & Disinformazione,The Whistle,https://www.globes.co.il/news/home.aspx?fid=10559,,HE,IL,,Fact-checker (rete IFCN) · verifica consigliata
✅ Fact-Checking & Disinformazione,Fact-Checking & Disinformazione,THIP Media,https://thip.media,https://www.thip.media/feed/,EN,IN,,Fact-checker — India (rete IFCN/EFCSN/Duke) · verifica consigliata
✅ Fact-Checking & Disinformazione,Fact-Checking & Disinformazione,TjekDet.dk,http://www.tjekdet.dk,,DA,DK,,Fact-checker (rete IFCN) · verifica consigliata
✅ Fact-Checking & Disinformazione,Fact-Checking & Disinformazione,TOGOCHECK,https://www.togocheck.com/,,FR,,,Fact-checker (rete IFCN) · verifica consigliata
✅ Fact-Checking & Disinformazione,Fact-Checking & Disinformazione,TV Today Network Limited - The Lallantop,https://www.thelallantop.com/,,HI,,,Fact-checker (rete IFCN) · verifica consigliata
✅ Fact-Checking & Disinformazione,Fact-Checking & Disinformazione,Verificado,https://verificado.com.mx/,,ES,MX,,Fact-checker (rete IFCN) · verifica consigliata
✅ Fact-Checking & Disinformazione,Fact-Checking & Disinformazione,Viral Check,https://viralcheck.pt/,,PT,PT,,Fact-checker (rete IFCN) · verifica consigliata
✅ Fact-Checking & Disinformazione,Fact-Checking & Disinformazione,YouTurn,https://youturn.in,,TA,IN,,Fact-checker — India (rete IFCN/EFCSN/Duke) · verifica consigliata
🎓 Geopolitica & Intelligence,Geopolitica & Intelligence,Access Now,https://www.accessnow.org,https://www.accessnow.org/feed/,EN,US,,Diritti digitali — Globale — ONG
🎓 Geopolitica & Intelligence,Geopolitica & Intelligence,ACLU,https://www.aclu.org,,EN,US,,Libertà civili USA — ONG
🎓 Geopolitica & Intelligence,Geopolitica & Intelligence,AEI — American Enterprise Institute,https://www.aei.org,,EN,US,,Think tank conservatore
🎓 Geopolitica & Intelligence,Geopolitica & Intelligence,Afrobarometer,https://www.afrobarometer.org,,EN/FR,Africa,,Sondaggi panafricani opinione pubblica
🎓 Geopolitica & Intelligence,Geopolitica & Intelligence,Al Jazeera Centre for Studies,https://studies.aljazeera.net,http://studies.aljazeera.net/en/rss.xml?callback=a%22%3E%3Czqd%3E&amp;code=a%22%3E%3Czqd%3E&amp;continue=a%22%3E%3Czqd%3E&amp;description=a%22%3E%3Czqd%3E&amp;dest=a%22%3E%3Czqd%3E&amp;destination=a%22%3E%3Czqd%3E&amp;error=a%22%3E%3Czqd%3E&amp;error_description=a%22%3E%3Czqd%3E&amp;error_message=a%22%3E%3Czqd%3E&amp;from=a%22%3E%3Czqd%3E&amp;lang=a%22%3E%3Czqd%3E&amp;language=a%22%3E%3Czqd%3E&amp;locale=a%22%3E%3Czqd%3E&amp;message=a%22%3E%3Czqd%3E&amp;next=a%22%3E%3Czqd%3E&amp;reason=a%22%3E%3Czqd%3E&amp;redirect_uri=a%22%3E%3Czqd%3E&amp;ref=a%22%3E%3Czqd%3E&amp;referrer=a%22%3E%3Czqd%3E&amp;return_url=a%22%3E%3Czqd%3E&amp;state=a%22%3E%3Czqd%3E&amp;target=a%22%3E%3Czqd%3E&amp;url=a%22%3E%3Czqd%3E,AR/EN,QA,,Centro studi Al Jazeera
🎓 Geopolitica & Intelligence,Geopolitica & Intelligence,Amnesty International,https://www.amnesty.org,https://www.amnesty.org/en/feed/,,Globale,,Diritti umani — Globale — ONG
🎓 Geopolitica & Intelligence,Geopolitica & Intelligence,Amnesty Italia,https://www.amnesty.it,,IT,IT,,Diritti umani
🎓 Geopolitica & Intelligence,Geopolitica & Intelligence,Article 19,https://www.article19.org,,UK,GB,,Libertà espressione — ONG
🎓 Geopolitica & Intelligence,Geopolitica & Intelligence,Asan Institute for Policy Studies,https://en.asaninst.org,,KO/EN,KR,,Think tank sudcoreano
🎓 Geopolitica & Intelligence,Geopolitica & Intelligence,Aspen Institute Italia,https://www.aspeninstitute.it,https://www.aspeninstitute.it/feed/,IT,IT,,Policy e leadership — Italia
🎓 Geopolitica & Intelligence,Geopolitica & Intelligence,ASPI — Australian Strategic Policy Institute,https://www.aspi.org.au,,EN,AU,,"Strategia e difesa, Canberra"
🎓 Geopolitica & Intelligence,Geopolitica & Intelligence,Atlantic Council,https://www.atlanticcouncil.org,https://www.atlanticcouncil.org/feed/,EN,US,,Geopolitica transatlantica — USA
🎓 Geopolitica & Intelligence,Geopolitica & Intelligence,BMJ,https://www.bmj.com,,UK,GB,,Medica
🎓 Geopolitica & Intelligence,Geopolitica & Intelligence,Brookings Institution,https://www.brookings.edu,https://www.brookings.edu/feed/,EN,US,,Policy e ricerca — USA
🎓 Geopolitica & Intelligence,Geopolitica & Intelligence,Bruegel,https://www.bruegel.org,,,BE,,Economia europea — Belgio
🎓 Geopolitica & Intelligence,Geopolitica & Intelligence,Business & Human Rights,https://www.business-humanrights.org,,,,,Corporate
🎓 Geopolitica & Intelligence,Geopolitica & Intelligence,CARI,https://cari.org.ar,,ES,AR,,Consejo Argentino para las Relaciones Internacionales
🎓 Geopolitica & Intelligence,Geopolitica & Intelligence,Carnegie Endowment,https://carnegieendowment.org,,EN,US,,Policy internazionale — USA
🎓 Geopolitica & Intelligence,Geopolitica & Intelligence,Cato Institute,https://www.cato.org,,EN,US,,Libertarismo — USA
🎓 Geopolitica & Intelligence,Geopolitica & Intelligence,CEBRI,https://cebri.org,,PT/EN,BR,,Centro Brasileiro de Relações Internacionais
🎓 Geopolitica & Intelligence,Geopolitica & Intelligence,Center for Human Rights Iran,https://iranhumanrights.org,https://iranhumanrights.org/feed/,EN,IR,,Iran
🎓 Geopolitica & Intelligence,Geopolitica & Intelligence,CEPR,https://cepr.org,,UK,GB,,Economia e policy
🎓 Geopolitica & Intelligence,Geopolitica & Intelligence,CEPS,https://www.ceps.eu,,EN,EU,,Centre for European Policy Studies
🎓 Geopolitica & Intelligence,Geopolitica & Intelligence,CeSPI,https://www.cespi.it,,IT,IT,,Cooperazione internazionale — Italia
🎓 Geopolitica & Intelligence,Geopolitica & Intelligence,CFR,https://www.cfr.org,,EN,US,,Relazioni internazionali — USA
🎓 Geopolitica & Intelligence,Geopolitica & Intelligence,Chatham House,https://www.chathamhouse.org,,UK,GB,,Affari internazionali
🎓 Geopolitica & Intelligence,Geopolitica & Intelligence,CIDOB,https://www.cidob.org,,ES/EN,ES,,Barcelona Centre for International Affairs
🎓 Geopolitica & Intelligence,Geopolitica & Intelligence,Clingendael,https://www.clingendael.org,,NL/EN,NL,,Istituto olandese relazioni internazionali
🎓 Geopolitica & Intelligence,Geopolitica & Intelligence,CNAS,https://www.cnas.org,,EN,US,,Center for a New American Security
🎓 Geopolitica & Intelligence,Geopolitica & Intelligence,Committee to Protect Journalists,https://cpj.org,https://cpj.org/feed/,EN,US,,Sicurezza giornalisti — Globale
🎓 Geopolitica & Intelligence,Geopolitica & Intelligence,Conectas,https://www.conectas.org,,PT,BR,,Brasile — ONG
🎓 Geopolitica & Intelligence,Geopolitica & Intelligence,Corporate Accountability,https://www.corporateaccountability.org,,EN,US,,USA — ONG
🎓 Geopolitica & Intelligence,Geopolitica & Intelligence,Crisis Group Alert,https://www.crisisgroup.org,https://www.crisisgroup.org/rss.xml,EN,BE,,Conflitti — Globale
🎓 Geopolitica & Intelligence,Geopolitica & Intelligence,CSIS,https://www.csis.org,,EN,US,,Sicurezza e strategia — USA
🎓 Geopolitica & Intelligence,Geopolitica & Intelligence,CSIS Indonesia,https://www.csis.or.id,,EN/ID,ID,,Think tank indonesiano
🎓 Geopolitica & Intelligence,Geopolitica & Intelligence,DCAF — Geneva Centre,https://www.dcaf.ch,,EN,CH,,Governance settore sicurezza
🎓 Geopolitica & Intelligence,Geopolitica & Intelligence,Death Penalty Info,https://deathpenaltyinfo.org,,EN,US,,Pena di morte — USA
🎓 Geopolitica & Intelligence,Geopolitica & Intelligence,Devex,https://www.devex.com,,EN,US,,Aid/sviluppo — News
🎓 Geopolitica & Intelligence,Geopolitica & Intelligence,DGAP,https://dgap.org,,DE/EN,DE,,Consiglio tedesco relazioni estere
🎓 Geopolitica & Intelligence,Geopolitica & Intelligence,DIIS,https://www.diis.dk,,DA/EN,DK,,Istituto danese studi internazionali
🎓 Geopolitica & Intelligence,Geopolitica & Intelligence,Disability Rights International,https://www.driadvocacy.org,,EN,US,,Disabilità — ONG
🎓 Geopolitica & Intelligence,Geopolitica & Intelligence,Earthrights International,https://earthrights.org,https://earthrights.org/feed/,EN,US,,Ambiente-diritti — ONG
🎓 Geopolitica & Intelligence,Geopolitica & Intelligence,ECFR,https://ecfr.eu,https://ecfr.eu/feed/,,EU,,Politica estera europea
🎓 Geopolitica & Intelligence,Geopolitica & Intelligence,EFF,https://www.eff.org,,EN,US,,Diritti digitali — USA — ONG
🎓 Geopolitica & Intelligence,Geopolitica & Intelligence,Egmont Institute,https://www.egmontinstitute.be,,EN/FR,BE,,"Relazioni internazionali, Bruxelles"
🎓 Geopolitica & Intelligence,Geopolitica & Intelligence,Equal Times,https://www.equaltimes.org,https://www.equaltimes.org/spip.php?page=backend&amp;lang=en,,Globale,,Lavoro e diritti
🎓 Geopolitica & Intelligence,Geopolitica & Intelligence,EU Scream,https://euscream.com,,,,,Newsletter/podcast di geopolitica sull'Unione Europea
🎓 Geopolitica & Intelligence,Geopolitica & Intelligence,EUISS,https://www.iss.europa.eu,,EN,EU,,Istituto studi sicurezza UE
🎓 Geopolitica & Intelligence,Geopolitica & Intelligence,Eurobarometer,https://europa.eu/eurobarometer,,,EU,,Dati opinione pubblica EU
🎓 Geopolitica & Intelligence,Geopolitica & Intelligence,FIDH,https://www.fidh.org,https://www.fidh.org/fr/spip.php?page=backend,,Globale,,Federazione diritti umani
🎓 Geopolitica & Intelligence,Geopolitica & Intelligence,FIIA,https://www.fiia.fi,https://fiia.fi/feed,FI/EN,FI,,Istituto finlandese affari internazionali
🎓 Geopolitica & Intelligence,Geopolitica & Intelligence,Freedom House,https://freedomhouse.org,,EN,US,,Democrazia e libertà — USA
🎓 Geopolitica & Intelligence,Geopolitica & Intelligence,Freedom of Press Foundation,https://freedom.press,,EN,US,,SecureDrop — ONG
🎓 Geopolitica & Intelligence,Geopolitica & Intelligence,Friedrich Ebert Foundation,https://www.fes.de,,DE,DE,,Socialdemocratico — Germania
🎓 Geopolitica & Intelligence,Geopolitica & Intelligence,Gallup,https://news.gallup.com,https://news.gallup.com/sitemaps/content.rss,EN,US,,Sondaggi e ricerche — USA
🎓 Geopolitica & Intelligence,Geopolitica & Intelligence,GCSP,https://www.gcsp.ch,,EN,CH,,Geneva Centre for Security Policy
🎓 Geopolitica & Intelligence,Geopolitica & Intelligence,Geneva Solutions,https://genevasolutions.news,,,,,Genova umanitario — News
🎓 Geopolitica & Intelligence,Geopolitica & Intelligence,German Marshall Fund,https://www.gmfus.org,,,US/EU,,Transatlantico — USA/EU
🎓 Geopolitica & Intelligence,Geopolitica & Intelligence,Global Corruption Barometer,https://www.transparency.org/en/gcb,,,,Pubblico,Percezione corruzione — Database
🎓 Geopolitica & Intelligence,Geopolitica & Intelligence,Global Modern Slavery,https://www.globalmodernslavery.org,,,Globale,,Schiavitù moderna
🎓 Geopolitica & Intelligence,Geopolitica & Intelligence,GLOBSEC,https://www.globsec.org,,EN,SK,,"Sicurezza europea, Bratislava"
🎓 Geopolitica & Intelligence,Geopolitica & Intelligence,Health Policy Watch,https://healthpolicy-watch.news,https://healthpolicy-watch.news/feed/,,Globale,,OMS — Policy
🎓 Geopolitica & Intelligence,Geopolitica & Intelligence,Heinrich Böll Foundation,https://www.boell.de,,DE,DE,,Verde/progressista — Germania
🎓 Geopolitica & Intelligence,Geopolitica & Intelligence,Heritage Foundation,https://www.heritage.org,,EN,US,,Policy conservatrice — USA
🎓 Geopolitica & Intelligence,Geopolitica & Intelligence,Hudson Institute,https://www.hudson.org,,EN,US,,Think tank conservatore
🎓 Geopolitica & Intelligence,Geopolitica & Intelligence,Human Rights Watch,https://www.hrw.org,,EN,US,,Diritti umani — Globale — ONG
🎓 Geopolitica & Intelligence,Geopolitica & Intelligence,Human Rights Watch News,https://www.hrw.org/news,https://www.hrw.org/rss.xml,EN,US,,Diritti
🎓 Geopolitica & Intelligence,Geopolitica & Intelligence,ifo Institute,https://www.ifo.de,,DE/EN,DE,,"Ricerca economica, indice ifo"
🎓 Geopolitica & Intelligence,Geopolitica & Intelligence,IFRI,https://www.ifri.org,,FR,FR,,Relazioni internazionali — Francia
🎓 Geopolitica & Intelligence,Geopolitica & Intelligence,IISS,https://www.iiss.org,,UK,GB,,Sicurezza internazionale
🎓 Geopolitica & Intelligence,Geopolitica & Intelligence,ILGA Europe,https://ilga-europe.org,https://www.ilga-europe.org/feed/,,BE,,LGBTQ+ UE — ONG
🎓 Geopolitica & Intelligence,Geopolitica & Intelligence,ILGA World,https://ilga.org,,,CH,,LGBTQ+ global — ONG
🎓 Geopolitica & Intelligence,Geopolitica & Intelligence,ILO,https://www.ilo.org,,,Globale,,Lavoro — ONU
🎓 Geopolitica & Intelligence,Geopolitica & Intelligence,ILO News,https://www.ilo.org/news,,,Globale,,Lavoro OIL
🎓 Geopolitica & Intelligence,Geopolitica & Intelligence,ILO – ILOSTAT,https://ilostat.ilo.org,,,Globale,,"Lavoro, occupazione, salari, condizioni lavorative — Gratuito — Portale ufficiale"
🎓 Geopolitica & Intelligence,Geopolitica & Intelligence,Impunity Watch,https://www.impunitywatch.org,,,,,ONG
🎓 Geopolitica & Intelligence,Geopolitica & Intelligence,Index on Censorship,https://www.indexoncensorship.org,https://www.indexoncensorship.org/feed/,,,,Censura — ONG
🎓 Geopolitica & Intelligence,Geopolitica & Intelligence,InfoMigrants,https://www.infomigrants.net,,,,,Multilingua — Servizio
🎓 Geopolitica & Intelligence,Geopolitica & Intelligence,INSS — Institute for National Security Studies,https://www.inss.org.il,,HE/EN,IL,,"Studi sicurezza, Tel Aviv"
🎓 Geopolitica & Intelligence,Geopolitica & Intelligence,Inter-American Dialogue,https://www.thedialogue.org,https://thedialogue.org/feed,EN/ES,US,,Think tank emisfero occidentale
🎓 Geopolitica & Intelligence,Geopolitica & Intelligence,IOM,https://www.iom.int,,,Globale,,Migrazione
🎓 Geopolitica & Intelligence,Geopolitica & Intelligence,IPI Press Freedom,https://ipi.media,,DE,AT,,Libertà stampa — Austria
🎓 Geopolitica & Intelligence,Geopolitica & Intelligence,IPSOS,https://www.ipsos.com/en,,,Globale,,Sondaggi e insight
🎓 Geopolitica & Intelligence,Geopolitica & Intelligence,ISEAS — Yusof Ishak Institute,https://www.iseas.edu.sg,https://www.iseas.edu.sg/feed/,EN,SG,,Studi Sud-Est asiatico
🎓 Geopolitica & Intelligence,Geopolitica & Intelligence,ISPI,https://www.ispi.it,,IT,IT,,Geopolitica italiana — Italia
🎓 Geopolitica & Intelligence,Geopolitica & Intelligence,ISS Africa,https://issafrica.org,,EN/FR,Africa,,Institute for Security Studies
🎓 Geopolitica & Intelligence,Geopolitica & Intelligence,Istituto Affari Internazionali (IAI),https://www.iai.it,,IT,IT,,Relazioni internazionali IT — Italia
🎓 Geopolitica & Intelligence,Geopolitica & Intelligence,Iwacu Burundi,https://www.iwacu-burundi.org,https://www.iwacu-burundi.org/feed/,,BI,,FR indip. — Burundi
🎓 Geopolitica & Intelligence,Geopolitica & Intelligence,JAMA,https://jamanetwork.com,,EN,US,,USA — Medica
🎓 Geopolitica & Intelligence,Geopolitica & Intelligence,Jamestown Foundation,https://jamestown.org,,EN,US,,Eurasia e sicurezza — USA
🎓 Geopolitica & Intelligence,Geopolitica & Intelligence,JIIA — Japan Institute of International Affairs,https://www.jiia.or.jp,,JA/EN,JP,,Think tank giapponese
🎓 Geopolitica & Intelligence,Geopolitica & Intelligence,Just Security,https://www.justsecurity.org,https://www.justsecurity.org/feed/,EN,US,,Diritto sicurezza — USA
🎓 Geopolitica & Intelligence,Geopolitica & Intelligence,Kiel Institute (IfW),https://www.ifw-kiel.de,,DE/EN,DE,,Economia mondiale; Ukraine Support Tracker
🎓 Geopolitica & Intelligence,Geopolitica & Intelligence,Konrad Adenauer Foundation,https://www.kas.de,,DE,DE,,Cristiano-democratico — Germania
🎓 Geopolitica & Intelligence,Geopolitica & Intelligence,La Strada International,https://lastradainternational.org,https://www.lastradainternational.org/feed/,,Europa,,Traffico umano
🎓 Geopolitica & Intelligence,Geopolitica & Intelligence,Lancet,https://www.thelancet.com,,UK,GB,,Medica
🎓 Geopolitica & Intelligence,Geopolitica & Intelligence,Lawfare,https://www.lawfaremedia.org,,EN,US,,Diritto e sicurezza — USA
🎓 Geopolitica & Intelligence,Geopolitica & Intelligence,Lowy Institute,https://www.lowyinstitute.org,,EN,AU,,Asia-Pacifico — Australia
🎓 Geopolitica & Intelligence,Geopolitica & Intelligence,MEI — Middle East Institute,https://www.mei.edu,https://mei.edu/feed/,EN,US,,"Studi mediorientali, Washington"
🎓 Geopolitica & Intelligence,Geopolitica & Intelligence,Mental Health America,https://www.mhanational.org,,EN,US,,USA salute mentale — ONG
🎓 Geopolitica & Intelligence,Geopolitica & Intelligence,Missing Migrants Project,https://missingmigrants.iom.int,,,,,IOM
🎓 Geopolitica & Intelligence,Geopolitica & Intelligence,Mixed Migration Centre,https://mixedmigration.org,,,Globale,,Migrazione mista
🎓 Geopolitica & Intelligence,Geopolitica & Intelligence,MSF,https://www.msf.org,,,CH,,Medici — ONG
🎓 Geopolitica & Intelligence,Geopolitica & Intelligence,NEJM,https://www.nejm.org,,EN,US,,USA — Medica
🎓 Geopolitica & Intelligence,Geopolitica & Intelligence,Notre Europe,https://institutdelors.eu,https://institutdelors.eu/feed/,FR,FR,,Integrazione europea — Francia/UE
🎓 Geopolitica & Intelligence,Geopolitica & Intelligence,NUPI,https://www.nupi.no,,NO/EN,NO,,Istituto norvegese affari internazionali
🎓 Geopolitica & Intelligence,Geopolitica & Intelligence,OHCHR,https://www.ohchr.org,,,Globale,,ONU diritti umani — Globale — ONG/ONU
🎓 Geopolitica & Intelligence,Geopolitica & Intelligence,OHCHR LGBTI,https://www.ohchr.org/en/sexual-orientation-and-gender-identity,,,Globale,,ONU
🎓 Geopolitica & Intelligence,Geopolitica & Intelligence,ORF — Observer Research Foundation,https://www.orfonline.org,,EN,IN,,Think tank indiano principale
🎓 Geopolitica & Intelligence,Geopolitica & Intelligence,OSW — Centre for Eastern Studies,https://www.osw.waw.pl,,PL/EN,PL,,Studi su Russia ed Est Europa
🎓 Geopolitica & Intelligence,Geopolitica & Intelligence,OutRight Action,https://outrightinternational.org,,EN,US,,LGBTQ+ — ONG
🎓 Geopolitica & Intelligence,Geopolitica & Intelligence,Peterson Institute,https://www.piie.com,,EN,US,,Economia internazionale — USA
🎓 Geopolitica & Intelligence,Geopolitica & Intelligence,Pew Research,https://www.pewresearch.org,https://www.pewresearch.org/feed/,EN,US,,Dati sociali — USA
🎓 Geopolitica & Intelligence,Geopolitica & Intelligence,Pew Research Journalism,https://www.pewresearch.org/journalism,https://www.pewresearch.org/feed/,EN,US,,Ricerca
🎓 Geopolitica & Intelligence,Geopolitica & Intelligence,PICUM,https://picum.org,,,BE,,UE migrazioni — ONG
🎓 Geopolitica & Intelligence,Geopolitica & Intelligence,PISM,https://www.pism.pl,,PL/EN,PL,,Istituto polacco affari internazionali
🎓 Geopolitica & Intelligence,Geopolitica & Intelligence,Privacy International,https://privacyinternational.org,,UK,GB,,Privacy — ONG
🎓 Geopolitica & Intelligence,Geopolitica & Intelligence,Quincy Institute,https://quincyinst.org,https://quincyinst.org/feed/,EN,US,,Realismo e moderazione strategica
🎓 Geopolitica & Intelligence,Geopolitica & Intelligence,RAND Australia,https://www.rand.org/australia,,EN,AU,,Australia
🎓 Geopolitica & Intelligence,Geopolitica & Intelligence,RAND Corporation,https://www.rand.org,,EN,US,,Ricerca e analisi — USA
🎓 Geopolitica & Intelligence,Geopolitica & Intelligence,RAND Europe,https://www.rand.org/randeurope,,,Europa,,Istituto di ricerca no-profit su politiche pubbliche — Europa
🎓 Geopolitica & Intelligence,Geopolitica & Intelligence,RAND Terrorism Incidents,https://www.rand.org/nsrd/projects/terrorism-incidents.html,,,,Pubblico,Database
🎓 Geopolitica & Intelligence,Geopolitica & Intelligence,Razumkov Centre,https://razumkov.org.ua,,UK/EN,UA,,Think tank ucraino
🎓 Geopolitica & Intelligence,Geopolitica & Intelligence,Real Instituto Elcano,https://www.realinstitutoelcano.org,https://www.realinstitutoelcano.org/feed/,ES/EN,ES,,Think tank spagnolo
🎓 Geopolitica & Intelligence,Geopolitica & Intelligence,Reporters Without Borders,https://rsf.org,,,Globale,,Libertà di stampa
🎓 Geopolitica & Intelligence,Geopolitica & Intelligence,RSIS,https://www.rsis.edu.sg,,EN,SG,,Studi strategici NTU Singapore
🎓 Geopolitica & Intelligence,Geopolitica & Intelligence,RUSI,https://rusi.org,,UK,GB,,Difesa e sicurezza
🎓 Geopolitica & Intelligence,Geopolitica & Intelligence,SAIIA,https://saiia.org.za,https://saiia.org.za/feed/,EN,ZA,,Affari internazionali sudafricani
🎓 Geopolitica & Intelligence,Geopolitica & Intelligence,SIPRI,https://www.sipri.org,,SV,SE,,Pace e armamenti — Svezia
🎓 Geopolitica & Intelligence,Geopolitica & Intelligence,SIPRI Military,https://www.sipri.org/databases,,,,Pubblico,"Spesa militare — Spese militari, armamenti, peacekeeping — Database"
🎓 Geopolitica & Intelligence,Geopolitica & Intelligence,STAT News,https://www.statnews.com,https://www.statnews.com/feed/,EN,US,,USA — Salute
🎓 Geopolitica & Intelligence,Geopolitica & Intelligence,Statewatch,https://www.statewatch.org,,EN,GB,,UE securitizzazione — Monitor
🎓 Geopolitica & Intelligence,Geopolitica & Intelligence,Stockholm Intl. Peace (SIPRI DB),https://www.sipri.org/databases/armstransfers,,,,Pubblico,Trasferimenti armi — Database
🎓 Geopolitica & Intelligence,Geopolitica & Intelligence,Stratfor,https://worldview.stratfor.com,,EN,US,,Intelligence geopolitica — USA
🎓 Geopolitica & Intelligence,Geopolitica & Intelligence,SWP Berlin,https://www.swp-berlin.org,,DE,DE,,Policy tedesca ed EU — Germania
🎓 Geopolitica & Intelligence,Geopolitica & Intelligence,The Interpreter (Lowy),https://www.lowyinstitute.org/the-interpreter,,EN,AU,,Policy — Australia
🎓 Geopolitica & Intelligence,Geopolitica & Intelligence,The New Humanitarian,https://www.thenewhumanitarian.org,,,,,Umanitario — News
🎓 Geopolitica & Intelligence,Geopolitica & Intelligence,The Washington Institute,https://www.washingtoninstitute.org,,EN,US,,Politica USA in Medio Oriente
🎓 Geopolitica & Intelligence,Geopolitica & Intelligence,Transparency International,https://www.transparency.org,,DE,DE,Pubblico,Anti-corruzione — Globale — Database
🎓 Geopolitica & Intelligence,Geopolitica & Intelligence,Trial International,https://trialinternational.org,https://trialinternational.org/feed/,,CH,,ONG
🎓 Geopolitica & Intelligence,Geopolitica & Intelligence,UI — Swedish Institute of International Affairs,https://www.ui.se,,SV/EN,SE,,Istituto svedese affari internazionali
🎓 Geopolitica & Intelligence,Geopolitica & Intelligence,UN News Centre,https://news.un.org,https://news.un.org/feed/subscribe/en/news/all/rss.xml,EN,Globale,,ONU
🎓 Geopolitica & Intelligence,Geopolitica & Intelligence,UNDP – Human Development Data,https://hdr.undp.org/data-center,,,Globale,,Indice di Sviluppo Umano (HDI) — Gratuito — Portale ufficiale
🎓 Geopolitica & Intelligence,Geopolitica & Intelligence,UNICEF,https://www.unicef.org,,,Globale,,Bambini — ONU
🎓 Geopolitica & Intelligence,Geopolitica & Intelligence,UNICEF Data,https://data.unicef.org,,,Globale,,"Infanzia: nutrizione, salute, istruzione, protezione — Gratuito — Portale ufficiale"
🎓 Geopolitica & Intelligence,Geopolitica & Intelligence,Urban Institute,https://www.urban.org,,EN,US,,Policy urbana e sociale — USA
🎓 Geopolitica & Intelligence,Geopolitica & Intelligence,V-Dem,https://www.v-dem.net,,SV,SE,,Democrazia dati — Svezia
🎓 Geopolitica & Intelligence,Geopolitica & Intelligence,V-Dem Dataset,https://www.v-dem.net/data,,SV,SE,Pubblico,Democrazia — Dataset
🎓 Geopolitica & Intelligence,Geopolitica & Intelligence,VoxEU,https://cepr.org/voxeu,,UK,GB,,Economia ricerca — Europa
🎓 Geopolitica & Intelligence,Geopolitica & Intelligence,WHO,https://www.who.int,,,Globale,,Salute — ONU
🎓 Geopolitica & Intelligence,Geopolitica & Intelligence,Wilson Center,https://www.wilsoncenter.org,,EN,US,,Policy internazionale — USA
🎓 Geopolitica & Intelligence,Geopolitica & Intelligence,Witness,https://witness.org,https://www.witness.org/feed/,EN,US,,Diritti umani video — USA — ONG
🕊️ Diritti Umani & Giudiziario,Diritti Umani & Giudiziario,ACAPS,https://www.acaps.org,,EN,Globale,,Analisi crisi umanitarie
🕊️ Diritti Umani & Giudiziario,Diritti Umani & Giudiziario,ACNUR España,https://www.acnur.org,,ES,Globale,,Portale spagnolo UNHCR — rifugiati e protezione
🕊️ Diritti Umani & Giudiziario,Diritti Umani & Giudiziario,African Court on Human & Peoples' Rights,https://www.african-court.org,,EN/FR,Africa,,Corte africana diritti umani
🕊️ Diritti Umani & Giudiziario,Diritti Umani & Giudiziario,Anti-Slavery International,https://www.antislavery.org,,EN,Globale,,"Schiavitù moderna, la più antica NGO"
🕊️ Diritti Umani & Giudiziario,Diritti Umani & Giudiziario,CIPESA,https://cipesa.org,,EN,Africa,,Policy ICT e diritti digitali Africa
🕊️ Diritti Umani & Giudiziario,Diritti Umani & Giudiziario,CIVICUS,https://www.civicus.org,,EN,Globale,,Monitor spazio civico mondiale
🕊️ Diritti Umani & Giudiziario,Diritti Umani & Giudiziario,Counter Trafficking Data Collaborative,https://www.ctdatacollaborative.org,,EN,Globale,,Dataset globale tratta di esseri umani
🕊️ Diritti Umani & Giudiziario,Diritti Umani & Giudiziario,ECCC — Cambodia Tribunal,https://www.eccc.gov.kh,,EN/KH,KH,,Camere straordinarie Cambogia
🕊️ Diritti Umani & Giudiziario,Diritti Umani & Giudiziario,ECHR — HUDOC,https://hudoc.echr.coe.int,,EN/FR,Europa,,Giurisprudenza Corte EDU
🕊️ Diritti Umani & Giudiziario,Diritti Umani & Giudiziario,ECHR — sito ufficiale,https://www.echr.coe.int,,EN/FR,Europa,,Corte europea diritti dell'uomo
🕊️ Diritti Umani & Giudiziario,Diritti Umani & Giudiziario,EUAA — European Union Agency for Asylum,https://euaa.europa.eu,,EN,EU,,Agenzia UE per l'asilo — statistiche e report
🕊️ Diritti Umani & Giudiziario,Diritti Umani & Giudiziario,Free Press Unlimited,https://www.freepressunlimited.org,,EN/NL,Globale,,Sostegno media indipendenti
🕊️ Diritti Umani & Giudiziario,Diritti Umani & Giudiziario,Global Detention Project,https://www.globaldetentionproject.org,,EN,Globale,,Database detenzione migranti e richiedenti asilo
🕊️ Diritti Umani & Giudiziario,Diritti Umani & Giudiziario,Harvard Humanitarian Initiative,https://hhi.harvard.edu,,EN,Globale,,Ricerca Harvard su crisi umanitarie e diritti
🕊️ Diritti Umani & Giudiziario,Diritti Umani & Giudiziario,ICC — International Criminal Court,https://www.icc-cpi.int,,EN/FR,Globale,,Corte penale internazionale
🕊️ Diritti Umani & Giudiziario,Diritti Umani & Giudiziario,ICC — Legal Tools Database,https://www.legal-tools.org,,EN,Globale,,Documenti diritto penale internazionale
🕊️ Diritti Umani & Giudiziario,Diritti Umani & Giudiziario,ICJ — International Court of Justice,https://www.icj-cij.org,,EN/FR,Globale,,Corte internazionale di giustizia (ONU)
🕊️ Diritti Umani & Giudiziario,Diritti Umani & Giudiziario,IJM — International Justice Mission,https://www.ijm.org,,EN,Globale,,Organizzazione giustizia contro schiavitù e traffico
🕊️ Diritti Umani & Giudiziario,Diritti Umani & Giudiziario,Inter-American Commission HR (OAS),https://www.oas.org/en/iachr,,EN/ES,Americhe,,Commissione interamericana
🕊️ Diritti Umani & Giudiziario,Diritti Umani & Giudiziario,Inter-American Court of HR,https://www.corteidh.or.cr,,ES/EN,Americhe,,Corte interamericana diritti umani
🕊️ Diritti Umani & Giudiziario,Diritti Umani & Giudiziario,Internews,https://internews.org,,EN,Globale,,Sviluppo media e informazione
🕊️ Diritti Umani & Giudiziario,Diritti Umani & Giudiziario,IREX,https://www.irex.org,,EN,Globale,,"Media sustainability, VIBE index"
🕊️ Diritti Umani & Giudiziario,Diritti Umani & Giudiziario,IRMCT — Residual Mechanism (ICTY/ICTR),https://www.irmct.org,,EN/FR,Globale,,Meccanismo residuale tribunali ONU
🕊️ Diritti Umani & Giudiziario,Diritti Umani & Giudiziario,IWGIA,https://www.iwgia.org,,EN,Globale,,Gruppo lavoro internazionale popoli indigeni
🕊️ Diritti Umani & Giudiziario,Diritti Umani & Giudiziario,MFWA — Media Foundation for West Africa,https://www.mfwa.org,,EN/FR,Africa Occ.,,Libertà di stampa Africa occidentale
🕊️ Diritti Umani & Giudiziario,Diritti Umani & Giudiziario,Minority Rights Group,https://minorityrights.org,,EN,Globale,,"Minoranze e popoli indigeni, directory"
🕊️ Diritti Umani & Giudiziario,Diritti Umani & Giudiziario,OHCHR — Jurisprudence (Juris),https://juris.ohchr.org,,EN,Globale,,Decisioni organi trattato ONU
🕊️ Diritti Umani & Giudiziario,Diritti Umani & Giudiziario,Refugee Legal Aid Information,https://refugeelegalaidinformation.org,,EN,Globale,,Assistenza legale rifugiati per Paese
🕊️ Diritti Umani & Giudiziario,Diritti Umani & Giudiziario,RSCSL — Sierra Leone,http://www.rscsl.org,,EN,SL,,Corte speciale residuale
🕊️ Diritti Umani & Giudiziario,Diritti Umani & Giudiziario,Survival International,https://www.survivalinternational.org,,EN/Multi,Globale,,Popoli indigeni
🕊️ Diritti Umani & Giudiziario,Diritti Umani & Giudiziario,Tactical Tech,https://tacticaltech.org,,EN,Globale,,Tecnologia e società civile
🕊️ Diritti Umani & Giudiziario,Diritti Umani & Giudiziario,Walk Free,https://www.walkfree.org,,EN,Globale,,Global Slavery Index
🕊️ Diritti Umani & Giudiziario,Diritti Umani & Giudiziario,WCC — World Council of Churches,https://www.oikoumene.org,,EN,Globale,,Consiglio ecumenico delle chiese
🕊️ Diritti Umani & Giudiziario,Diritti Umani & Giudiziario,World Prison Brief,https://www.prisonstudies.org,,EN,Globale,,"Database comparativo penitenziario globale (ICPR, Birkbeck)"
🔐 Cybersecurity & Digital OSINT,Threat Intelligence & Cybersecurity,AFRINIC,https://www.afrinic.net,,EN/FR,Africa,,Registro IP africano
🔐 Cybersecurity & Digital OSINT,Threat Intelligence & Cybersecurity,APNIC,https://www.apnic.net,https://www.apnic.net/feed/,EN,Asia-Pacifico,,"Registro IP Asia-Pacifico, ricerca"
🔐 Cybersecurity & Digital OSINT,Threat Intelligence & Cybersecurity,ARIN,https://www.arin.net,https://www.arin.net/rss.xml,EN,Nord America,,Registro IP nordamericano
🔐 Cybersecurity & Digital OSINT,Threat Intelligence & Cybersecurity,Ars Technica Security,https://arstechnica.com,,EN,,,Tech generale — Security news
🔐 Cybersecurity & Digital OSINT,Threat Intelligence & Cybersecurity,Avgi Greece,https://www.avgi.gr,,EL,GR,,SYRIZA — Grecia
🔐 Cybersecurity & Digital OSINT,Threat Intelligence & Cybersecurity,BleepingComputer,https://www.bleepingcomputer.com,,,,,"Aggiornamenti rapidi — Malware, ransomware — News"
🔐 Cybersecurity & Digital OSINT,Threat Intelligence & Cybersecurity,CCCS Canada,https://cyber.gc.ca,,,CA,,Canada — CERT
🔐 Cybersecurity & Digital OSINT,Threat Intelligence & Cybersecurity,CERT-EU,https://cert.europa.eu,,,EU,,Alert ufficiali UE — CERT europeo — CERT
🔐 Cybersecurity & Digital OSINT,Threat Intelligence & Cybersecurity,Cloudflare Radar,https://radar.cloudflare.com,,EN,Globale,,"Traffico internet, outage, attacchi"
🔐 Cybersecurity & Digital OSINT,Threat Intelligence & Cybersecurity,CrowdStrike Blog,https://www.crowdstrike.com/blog,,,,,CrowdStrike — Threat intel
🔐 Cybersecurity & Digital OSINT,Threat Intelligence & Cybersecurity,Cybereason,https://www.cybereason.com/blog,https://www.cybereason.com/blog/rss.xml,,,,EDR vendor — Threat research
🔐 Cybersecurity & Digital OSINT,Threat Intelligence & Cybersecurity,CyberScoop,https://www.cyberscoop.com,https://cyberscoop.com/feed/,,,,Policy e news — Cybersecurity policy
🔐 Cybersecurity & Digital OSINT,Threat Intelligence & Cybersecurity,Cybersecurity Dive,https://www.cybersecuritydive.com,https://www.cybersecuritydive.com/feeds/news/,,,,Industry Dive — News
🔐 Cybersecurity & Digital OSINT,Threat Intelligence & Cybersecurity,Cybersecurity360,https://www.cybersecurity360.it,https://www.cybersecurity360.it/feed/,IT,IT,,Cyber IT
🔐 Cybersecurity & Digital OSINT,Threat Intelligence & Cybersecurity,Cyberwire,https://thecyberwire.com,https://thecyberwire.com/feeds/rss.xml,,,,Podcast/News
🔐 Cybersecurity & Digital OSINT,Threat Intelligence & Cybersecurity,Dark Net Diaries (podcast),https://darknetdiaries.com,https://feeds.megaphone.fm/darknetdiaries,,,,Security podcast — Podcast
🔐 Cybersecurity & Digital OSINT,Threat Intelligence & Cybersecurity,Dark Reading,https://www.darkreading.com,,,,Enterprise,Professionale — Enterprise security
🔐 Cybersecurity & Digital OSINT,Threat Intelligence & Cybersecurity,Defensive Security,https://defensivesecurity.org,https://defensivesecurity.org/feed/podcast/,,,,Podcast
🔐 Cybersecurity & Digital OSINT,Threat Intelligence & Cybersecurity,ESET Research,https://www.welivesecurity.com,,,,,ESET — Malware research
🔐 Cybersecurity & Digital OSINT,Threat Intelligence & Cybersecurity,F-Secure Blog,https://blog.f-secure.com,,,,,WithSecure — Threat intel — Research
🔐 Cybersecurity & Digital OSINT,Threat Intelligence & Cybersecurity,Google Project Zero,https://googleprojectzero.blogspot.com,https://projectzero.google/feed.xml,,,,Google — Zero-day research
🔐 Cybersecurity & Digital OSINT,Threat Intelligence & Cybersecurity,Graham Cluley,https://grahamcluley.com,https://grahamcluley.com/feed/,,,,Blog personale — Security commentary
🔐 Cybersecurity & Digital OSINT,Threat Intelligence & Cybersecurity,Help Net Security,https://www.helpnetsecurity.com,https://www.helpnetsecurity.com/feed/,,,,News e analisi — Security news
🔐 Cybersecurity & Digital OSINT,Threat Intelligence & Cybersecurity,IANA,https://www.iana.org,,EN,Globale,,Registri tecnici internet
🔐 Cybersecurity & Digital OSINT,Threat Intelligence & Cybersecurity,ICANN,https://www.icann.org,,EN,Globale,,Governance nomi a dominio
🔐 Cybersecurity & Digital OSINT,Threat Intelligence & Cybersecurity,IGF — Internet Governance Forum,https://www.intgovforum.org,,EN,Globale,,Forum ONU governance internet
🔐 Cybersecurity & Digital OSINT,Threat Intelligence & Cybersecurity,Infosecurity Magazine,https://www.infosecurity-magazine.com,,,,,Media professionale — Security news
🔐 Cybersecurity & Digital OSINT,Threat Intelligence & Cybersecurity,Internet Society Pulse,https://pulse.internetsociety.org,https://pulse.internetsociety.org/release-notes/rss/,EN,Globale,,"Shutdown, resilienza, centralizzazione"
🔐 Cybersecurity & Digital OSINT,Threat Intelligence & Cybersecurity,Kaspersky Securelist,https://securelist.com,,,,,"Kaspersky — APT, malware — Research"
🔐 Cybersecurity & Digital OSINT,Threat Intelligence & Cybersecurity,Kela Cybersecurity,https://www.kelacyber.com/blog,,,,,Threat intel
🔐 Cybersecurity & Digital OSINT,Threat Intelligence & Cybersecurity,Krebs on Security,https://krebsonsecurity.com,https://krebsonsecurity.com/feed/,,,,Brian Krebs — Cybercrime — Blog
🔐 Cybersecurity & Digital OSINT,Threat Intelligence & Cybersecurity,Lacework Blog,https://www.lacework.com/blog,,,,,Cloud Sec.
🔐 Cybersecurity & Digital OSINT,Threat Intelligence & Cybersecurity,LACNIC,https://www.lacnic.net,,ES/EN,LatAm,,Registro IP latinoamericano
🔐 Cybersecurity & Digital OSINT,Threat Intelligence & Cybersecurity,Malwarebytes Blog,https://www.malwarebytes.com/blog,,,,,News
🔐 Cybersecurity & Digital OSINT,Threat Intelligence & Cybersecurity,Mandiant Blog,https://www.mandiant.com/resources/blog,,,,,Google Cloud — Threat intelligence
🔐 Cybersecurity & Digital OSINT,Threat Intelligence & Cybersecurity,Naked Security (Sophos),https://nakedsecurity.sophos.com,,,,,Sophos blog — Threat news
🔐 Cybersecurity & Digital OSINT,Threat Intelligence & Cybersecurity,OONI,https://ooni.org,,EN,Globale,,Misurazione censura internet
🔐 Cybersecurity & Digital OSINT,Threat Intelligence & Cybersecurity,Qualys Blog,https://blog.qualys.com,https://blog.qualys.com/feed,,,,Vulnerability
🔐 Cybersecurity & Digital OSINT,Threat Intelligence & Cybersecurity,Rapid7 Blog,https://www.rapid7.com/blog,https://www.rapid7.com/rss.xml,,,,Research
🔐 Cybersecurity & Digital OSINT,Threat Intelligence & Cybersecurity,RedHotCyber,https://www.redhotcyber.com,https://www.redhotcyber.com/feed/,,,,Cyber IT — Cyber
🔐 Cybersecurity & Digital OSINT,Threat Intelligence & Cybersecurity,RIPE NCC,https://www.ripe.net,https://www.ripe.net/news.xml,EN,Europa,,"Registro IP Europa, RIPE Atlas"
🔐 Cybersecurity & Digital OSINT,Threat Intelligence & Cybersecurity,Risky Biz (podcast),https://risky.biz,https://risky.biz/rss.xml,,,,Security podcast — Podcast
🔐 Cybersecurity & Digital OSINT,Threat Intelligence & Cybersecurity,SANS Internet Stormcast,https://isc.sans.edu,https://isc.sans.edu/rssfeed.xml,,,,SANS Institute — Daily threat brief — Daily brief
🔐 Cybersecurity & Digital OSINT,Threat Intelligence & Cybersecurity,SC Media,https://www.scmagazine.com,,,,,Media professionale — Security news
🔐 Cybersecurity & Digital OSINT,Threat Intelligence & Cybersecurity,Schneier on Security,https://www.schneier.com,,,,,Bruce Schneier — Security analysis — Blog
🔐 Cybersecurity & Digital OSINT,Threat Intelligence & Cybersecurity,Security Affairs,https://securityaffairs.com,https://securityaffairs.com/feed,,,,Cyber IT — Cyber
🔐 Cybersecurity & Digital OSINT,Threat Intelligence & Cybersecurity,Security Intelligence (IBM),https://securityintelligence.com,,,,,IBM — Blog
🔐 Cybersecurity & Digital OSINT,Threat Intelligence & Cybersecurity,Security Now,https://www.grc.com/sn,,,,,Gibson — Podcast
🔐 Cybersecurity & Digital OSINT,Threat Intelligence & Cybersecurity,SecurityWeek,https://www.securityweek.com,https://www.securityweek.com/feed/,,,,Copertura ampia — Security news
🔐 Cybersecurity & Digital OSINT,Threat Intelligence & Cybersecurity,SentinelOne Blog,https://www.sentinelone.com/blog,https://www.sentinelone.com/feed/,,,,SentinelOne — Threat intel
🔐 Cybersecurity & Digital OSINT,Threat Intelligence & Cybersecurity,Smashing Security,https://www.smashingsecurity.com,https://www.smashingsecurity.com/feed/,,,,Podcast
🔐 Cybersecurity & Digital OSINT,Threat Intelligence & Cybersecurity,Symantec Threat Intel,https://symantec-enterprise-blogs.security.com,https://www.security.com/rss/v1/blogs/rss.xml,,,,Broadcom — Threat intel — Research
🔐 Cybersecurity & Digital OSINT,Threat Intelligence & Cybersecurity,Talos Intelligence Blog,https://blog.talosintelligence.com,https://blog.talosintelligence.com/rss/,,,,Cisco Talos — Threat intel
🔐 Cybersecurity & Digital OSINT,Threat Intelligence & Cybersecurity,TechCrunch Security,https://techcrunch.com,,EN,,,Venture e security — Startup security
🔐 Cybersecurity & Digital OSINT,Threat Intelligence & Cybersecurity,TechRepublic Security,https://www.techrepublic.com,,,,,News
🔐 Cybersecurity & Digital OSINT,Threat Intelligence & Cybersecurity,Tenable Blog,https://www.tenable.com/blog,https://feeds.feedburner.com/tenable/qaXL,,,,Vulnerability
🔐 Cybersecurity & Digital OSINT,Threat Intelligence & Cybersecurity,The Hacker News,https://thehackernews.com,https://feeds.feedburner.com/TheHackersNews,,,,News quotidiane — Cybersecurity
🔐 Cybersecurity & Digital OSINT,Threat Intelligence & Cybersecurity,Threatpost,https://threatpost.com,https://threatpost.com/feed/,,,,Kaspersky Lab — Security news
🔐 Cybersecurity & Digital OSINT,Threat Intelligence & Cybersecurity,Trend Micro Blog,https://www.trendmicro.com/en_us/research.html,,,,,Research
🔐 Cybersecurity & Digital OSINT,Threat Intelligence & Cybersecurity,Unit 42 (Palo Alto),https://unit42.paloaltonetworks.com,https://unit42.paloaltonetworks.com/feed/,,,,Palo Alto — Threat intel
🔐 Cybersecurity & Digital OSINT,Threat Intelligence & Cybersecurity,Vectra AI Blog,https://www.vectra.ai/blog,https://www.vectra.ai/blog/rss.xml,,,,AI Security
🔐 Cybersecurity & Digital OSINT,Threat Intelligence & Cybersecurity,Virus Bulletin,https://www.virusbulletin.com,,,,,Ricerca tecnica — Malware research
🔐 Cybersecurity & Digital OSINT,Threat Intelligence & Cybersecurity,Wired Security,https://www.wired.com/category/security,https://www.wired.com/feed/rss,,,,Copertura generale — Security news
🔐 Cybersecurity & Digital OSINT,Threat Intelligence & Cybersecurity,ZDNet,https://www.zdnet.com,https://www.zdnet.com/rss/,EN,,,Tech Enterprise — Enterprise security — Enterprise
🔐 Cybersecurity & Digital OSINT,OSINT Tools & Intelligence,Amass,https://github.com/owasp-amass/amass,,,,Open Source,OWASP project — Subdomain Enum
🔐 Cybersecurity & Digital OSINT,OSINT Tools & Intelligence,AnyRun,https://app.any.run,,,,Freemium,Malware sandbox
🔐 Cybersecurity & Digital OSINT,OSINT Tools & Intelligence,Archive.ph,https://archive.ph,,,PH,Pubblico,Page archiving — Archive
🔐 Cybersecurity & Digital OSINT,OSINT Tools & Intelligence,BASE (Bielefeld),https://www.base-search.net,,,,,Open access ricerca — Pubblico — Search
🔐 Cybersecurity & Digital OSINT,OSINT Tools & Intelligence,BeenVerified,https://www.beenverified.com,,EN,US,A pagamento,USA — People search
🔐 Cybersecurity & Digital OSINT,OSINT Tools & Intelligence,Bellingcat Toolkit,https://www.bellingcat.com/resources,,,,Pubblico,Guide e tool OSINT — Risorse
🔐 Cybersecurity & Digital OSINT,OSINT Tools & Intelligence,Bing Visual Search,https://www.bing.com/visualsearch,,,,Pubblico,Ricerca inversa Bing — Gratuito — Image Search
🔐 Cybersecurity & Digital OSINT,OSINT Tools & Intelligence,CachedPages,https://www.cachedpages.com,,,,Pubblico,Archive
🔐 Cybersecurity & Digital OSINT,OSINT Tools & Intelligence,CachedView,https://cachedview.nl,,NL,NL,Pubblico,Google cache — Archive
🔐 Cybersecurity & Digital OSINT,OSINT Tools & Intelligence,Censys,https://search.censys.io,,,,Freemium,Infrastruttura internet — Motore di ricerca
🔐 Cybersecurity & Digital OSINT,OSINT Tools & Intelligence,Cuckoo Sandbox,https://cuckoosandbox.org,,,,Open Source,Malware sandbox
🔐 Cybersecurity & Digital OSINT,OSINT Tools & Intelligence,Cylect.io,https://cylect.io,,,,Pubblico,Search aggregator — OSINT
🔐 Cybersecurity & Digital OSINT,OSINT Tools & Intelligence,DataWrapper,https://www.datawrapper.de,,DE,DE,Freemium,Visualizzazione dati — Tool
🔐 Cybersecurity & Digital OSINT,OSINT Tools & Intelligence,Datawrapper Blog,https://blog.datawrapper.de,,,Globale,,Data journalism tools
🔐 Cybersecurity & Digital OSINT,OSINT Tools & Intelligence,DeHashed,https://www.dehashed.com,,,,A pagamento,Credential leak — Database
🔐 Cybersecurity & Digital OSINT,OSINT Tools & Intelligence,DomainTools,https://www.domaintools.com,,,,Commerciale,Domain intel
🔐 Cybersecurity & Digital OSINT,OSINT Tools & Intelligence,EmailRep,https://emailrep.io,,,,Freemium,Email reputation
🔐 Cybersecurity & Digital OSINT,OSINT Tools & Intelligence,Exiftool,https://exiftool.org,,,,Open Source,Metadata file — Metadata
🔐 Cybersecurity & Digital OSINT,OSINT Tools & Intelligence,Factiva (Dow Jones),https://www.dowjones.com/professional/factiva,https://www.dowjones.com/feed/,,,A pagamento,News archive — A pagamento
🔐 Cybersecurity & Digital OSINT,OSINT Tools & Intelligence,FastPeopleSearch,https://www.fastpeoplesearch.com,,EN,US,Pubblico,USA — People search
🔐 Cybersecurity & Digital OSINT,OSINT Tools & Intelligence,Flashpoint,https://flashpoint.io/blog,,,,,Threat intel
🔐 Cybersecurity & Digital OSINT,OSINT Tools & Intelligence,Flourish,https://flourish.studio,https://flourish.studio/atom.xml,,,Freemium,Visualizzazioni interattive — Tool
🔐 Cybersecurity & Digital OSINT,OSINT Tools & Intelligence,FotoForensics,https://fotoforensics.com,,,,Pubblico,Analisi immagini — Image Analysis
🔐 Cybersecurity & Digital OSINT,OSINT Tools & Intelligence,GeoGuessr,https://www.geoguessr.com,,,,Freemium,Geolocal. — Training
🔐 Cybersecurity & Digital OSINT,OSINT Tools & Intelligence,Geolocating,https://geolocating.com,,,,,Geolocalizzazione immagini — Pubblico — Geolocation
🔐 Cybersecurity & Digital OSINT,OSINT Tools & Intelligence,GeoSpy,https://geospy.ai,,,,,AI geolocalizzazione foto — Freemium — Geolocation AI
🔐 Cybersecurity & Digital OSINT,OSINT Tools & Intelligence,GeoTips,https://geotips.net,,,,Pubblico,GeoGuessr tips — Geolocal.
🔐 Cybersecurity & Digital OSINT,OSINT Tools & Intelligence,Gephi,https://gephi.org,,,,Open Source,Graph analysis — Network viz
🔐 Cybersecurity & Digital OSINT,OSINT Tools & Intelligence,Google Earth Pro,https://earth.google.com/web,,,,Pubblico,Geolocalizzazione — Mappa
🔐 Cybersecurity & Digital OSINT,OSINT Tools & Intelligence,Google Images (reverse),https://images.google.com,,,,Pubblico,Ricerca inversa Google — Gratuito — Image Search
🔐 Cybersecurity & Digital OSINT,OSINT Tools & Intelligence,GreyNoise,https://www.greynoise.io,,,,Freemium,IP noise — Database
🔐 Cybersecurity & Digital OSINT,OSINT Tools & Intelligence,Have I Been Pwned,https://haveibeenpwned.com,https://haveibeenpwned.com/feed/breaches/,,,Pubblico,Troy Hunt — Data breach — Database
🔐 Cybersecurity & Digital OSINT,OSINT Tools & Intelligence,Hunchly,https://www.hunch.ly,,,,A pagamento,OSINT browser — Web capture
🔐 Cybersecurity & Digital OSINT,OSINT Tools & Intelligence,Hunter.io,https://hunter.io,,,,Freemium,Business — Email finder
🔐 Cybersecurity & Digital OSINT,OSINT Tools & Intelligence,Hybrid Analysis,https://www.hybrid-analysis.com,,,,Freemium,CrowdStrike — Malware sandbox
🔐 Cybersecurity & Digital OSINT,OSINT Tools & Intelligence,i2 Analyst's Notebook,https://www.ibm.com/products/i2-analysts-notebook,,,,Commerciale,IBM — Link analysis
🔐 Cybersecurity & Digital OSINT,OSINT Tools & Intelligence,Intelius,https://www.intelius.com,,EN,US,,Ricerca persone USA — A pagamento — People Search
🔐 Cybersecurity & Digital OSINT,OSINT Tools & Intelligence,Intelligence X,https://intelx.io,,,,Freemium,Dark web e leak — Motore di ricerca
🔐 Cybersecurity & Digital OSINT,OSINT Tools & Intelligence,IntelTechniques,https://inteltechniques.com/tools,,,,Pubblico,Tool di Michael Bazzell — Risorse
🔐 Cybersecurity & Digital OSINT,OSINT Tools & Intelligence,Internet Archive,https://archive.org,,,,Pubblico,"Web, libri, media — Archivio"
🔐 Cybersecurity & Digital OSINT,OSINT Tools & Intelligence,Investigative Dashboard,https://id.occrp.org,,,,,Research OCCRP — Registrazione
🔐 Cybersecurity & Digital OSINT,OSINT Tools & Intelligence,InVID WeVerify,https://weverify.eu,https://weverify.eu/feed/,,,Pubblico,Video verification
🔐 Cybersecurity & Digital OSINT,OSINT Tools & Intelligence,Joe Sandbox,https://www.joesandbox.com,,,,Commerciale,Malware sandbox
🔐 Cybersecurity & Digital OSINT,OSINT Tools & Intelligence,JSTOR,https://www.jstor.org,,,,Freemium,Articoli accademici — Freemium
🔐 Cybersecurity & Digital OSINT,OSINT Tools & Intelligence,LibGen,https://libgen.is,,,IS,,Libri e paper — Pubblico — Archivio
🔐 Cybersecurity & Digital OSINT,OSINT Tools & Intelligence,Maltego CE,https://www.maltego.com,https://www.maltego.com/index.xml,,,Freemium,Mappatura relazioni — Gratuito (CE) — Link Analysis
🔐 Cybersecurity & Digital OSINT,OSINT Tools & Intelligence,Maltego Transforms,https://www.maltego.com/transform-hub,https://www.maltego.com/index.xml,,,Freemium,Hub — Transforms
🔐 Cybersecurity & Digital OSINT,OSINT Tools & Intelligence,Maxar Technologies,https://www.maxar.com,,,,Commerciale,Immagini sat. HD — Satellite
🔐 Cybersecurity & Digital OSINT,OSINT Tools & Intelligence,MISP,https://www.misp-project.org,https://www.misp-project.org/feed.xml,,,Open Source,Threat sharing
🔐 Cybersecurity & Digital OSINT,OSINT Tools & Intelligence,Mullvad VPN,https://mullvad.net,https://mullvad.net/blog/feed/atom/,,,A pagamento,No-log — VPN
🔐 Cybersecurity & Digital OSINT,OSINT Tools & Intelligence,NodeXL,https://nodexl.com,https://nodexl.com/feed/,,,Freemium,Social media — Network analysis
🔐 Cybersecurity & Digital OSINT,OSINT Tools & Intelligence,OpenCTI,https://www.opencti.io,https://filigran.io/feed/,,,Open Source,Threat intel
🔐 Cybersecurity & Digital OSINT,OSINT Tools & Intelligence,OSINT Curious,https://osintcurio.us,,EN,US,Pubblico,OSINT community — Blog
🔐 Cybersecurity & Digital OSINT,OSINT Tools & Intelligence,OSINT Dojo,https://www.osintdojo.com,,,,Pubblico,Training
🔐 Cybersecurity & Digital OSINT,OSINT Tools & Intelligence,OSINT Framework,https://osintframework.com,,,,Pubblico,Collection di tool — Risorse
🔐 Cybersecurity & Digital OSINT,OSINT Tools & Intelligence,OSINT Industries,https://www.osint.industries,,,,,Email/phone lookup — Freemium — Lookup Tool
🔐 Cybersecurity & Digital OSINT,OSINT Tools & Intelligence,Paliscope,https://www.paliscope.com,https://www.paliscope.com/feed/,,,Commerciale,OSINT platform
🔐 Cybersecurity & Digital OSINT,OSINT Tools & Intelligence,PeakFinder,https://www.peakfinder.org,,,,Freemium,Montagne — Geolocal.
🔐 Cybersecurity & Digital OSINT,OSINT Tools & Intelligence,PeakVisor,https://peakvisor.com,,,,,Identificazione montagne — Freemium — Tool
🔐 Cybersecurity & Digital OSINT,OSINT Tools & Intelligence,Phonebook.cz,https://phonebook.cz,,CS,CZ,Freemium,Email/domain
🔐 Cybersecurity & Digital OSINT,OSINT Tools & Intelligence,Pipl,https://pipl.com,,,,Commerciale,Ricerca persone — A pagamento — People Search
🔐 Cybersecurity & Digital OSINT,OSINT Tools & Intelligence,Planet Labs,https://www.planet.com,,,,Freemium,Immagini satellite giornaliere — A pagamento — Satellite
🔐 Cybersecurity & Digital OSINT,OSINT Tools & Intelligence,Power BI,https://powerbi.microsoft.com,,,,Freemium,Microsoft — Data viz
🔐 Cybersecurity & Digital OSINT,OSINT Tools & Intelligence,ProQuest,https://www.proquest.com,,,,Commerciale,Articoli e ricerca — A pagamento — Database
🔐 Cybersecurity & Digital OSINT,OSINT Tools & Intelligence,ProtonMail,https://proton.me,,,,Freemium,Email sicura
🔐 Cybersecurity & Digital OSINT,OSINT Tools & Intelligence,ProtonVPN,https://protonvpn.com,,,,Freemium,VPN
🔐 Cybersecurity & Digital OSINT,OSINT Tools & Intelligence,Qubes OS,https://www.qubes-os.org,https://www.qubes-os.org/feed.xml,,,Open Source,OS sicuro
🔐 Cybersecurity & Digital OSINT,OSINT Tools & Intelligence,Recon-ng,https://github.com/lanmaster53/recon-ng,,,,Open Source,Python-based — Recon Framework
🔐 Cybersecurity & Digital OSINT,OSINT Tools & Intelligence,Recorded Future Blog,https://www.recordedfuture.com/blog,,,,,Intelligence commerciale — Threat intelligence
🔐 Cybersecurity & Digital OSINT,OSINT Tools & Intelligence,Reddit Search (Pushshift),https://pushshift.io,,,,,Archivio Reddit — Pubblico — Search
🔐 Cybersecurity & Digital OSINT,OSINT Tools & Intelligence,RevEye,https://chrome.google.com/webstore/detail/reveye-reverse-image-sear,,,,,Ricerca inversa immagini — Gratuito — Browser Ext
🔐 Cybersecurity & Digital OSINT,OSINT Tools & Intelligence,Sentinel Hub,https://apps.sentinel-hub.com/eo-browser,,,,Pubblico,Immagini satellitari — Satellite
🔐 Cybersecurity & Digital OSINT,OSINT Tools & Intelligence,Shodan,https://www.shodan.io,,,,Freemium,Device connessi — Motore di ricerca
🔐 Cybersecurity & Digital OSINT,OSINT Tools & Intelligence,Signal,https://signal.org,https://signal.org/blog/rss.xml,,,Open Source,E2E — Messaging
🔐 Cybersecurity & Digital OSINT,OSINT Tools & Intelligence,Skopenow,https://www.skopenow.com,,,,Commerciale,Social + deep — OSINT automation
🔐 Cybersecurity & Digital OSINT,OSINT Tools & Intelligence,Social Bearing,https://socialbearing.com,https://tomelliott.com/social-media/twitter-search-analytics-tool/feed,,,,Analisi Twitter/X — Freemium — Social OSINT
🔐 Cybersecurity & Digital OSINT,OSINT Tools & Intelligence,Social Links,https://sociallinks.io,,,,Commerciale,Maltego plugin — OSINT platform
🔐 Cybersecurity & Digital OSINT,OSINT Tools & Intelligence,SpiderFoot,https://www.spiderfoot.net,,,,Open Source,Scansione automatica — OSINT Automation
🔐 Cybersecurity & Digital OSINT,OSINT Tools & Intelligence,Spokeo,https://www.spokeo.com,,EN,US,A pagamento,Ricerca persone USA — Freemium — People Search
🔐 Cybersecurity & Digital OSINT,OSINT Tools & Intelligence,Start.me,https://start.me,,,,Freemium,OSINT dashboard — Bookmark
🔐 Cybersecurity & Digital OSINT,OSINT Tools & Intelligence,SunCalc,https://suncalc.org,,,,Pubblico,Calcolo ombre/sole — Tool
🔐 Cybersecurity & Digital OSINT,OSINT Tools & Intelligence,Tableau Public,https://public.tableau.com,,,,Gratuito,Dashboard dati — Pubblico — Tool
🔐 Cybersecurity & Digital OSINT,OSINT Tools & Intelligence,Tails OS,https://tails.boum.org,,,,Open Source,OS anonimato
🔐 Cybersecurity & Digital OSINT,OSINT Tools & Intelligence,Telegram Analytics,https://tgstat.com,,,,,Statistiche Telegram — Freemium — Social OSINT
🔐 Cybersecurity & Digital OSINT,OSINT Tools & Intelligence,Telegram Search,https://lyzem.com,,,,,Ricerca Telegram — Pubblico — Search
🔐 Cybersecurity & Digital OSINT,OSINT Tools & Intelligence,That'sThem,https://thatsthem.com,,EN,US,Freemium,USA — People search
🔐 Cybersecurity & Digital OSINT,OSINT Tools & Intelligence,The Friday Times PK,https://thefridaytimes.com,https://www.thefridaytimes.com/rss,,PK,,Long-form — Pakistan
🔐 Cybersecurity & Digital OSINT,OSINT Tools & Intelligence,The Record,https://therecord.media,,,,,Recorded Future — Cybercrime news
🔐 Cybersecurity & Digital OSINT,OSINT Tools & Intelligence,TheEE.ai,https://theee.ai,,,,Pubblico,Directory AI — AI Tools
🔐 Cybersecurity & Digital OSINT,OSINT Tools & Intelligence,TinEye,https://tineye.com,,,,Freemium,Ricerca inversa immagini — Image Search
🔐 Cybersecurity & Digital OSINT,OSINT Tools & Intelligence,Toolify AI,https://www.toolify.ai,,,,Pubblico,Catalogo tool AI — AI Directory
🔐 Cybersecurity & Digital OSINT,OSINT Tools & Intelligence,Tor Browser,https://www.torproject.org,,,,Open Source,Dark web access — Anonimato
🔐 Cybersecurity & Digital OSINT,OSINT Tools & Intelligence,Twint,https://github.com/twintproject/twint,,,,,Scraping Twitter — Open Source — Social OSINT
🔐 Cybersecurity & Digital OSINT,OSINT Tools & Intelligence,Twitonomy,https://www.twitonomy.com,,,,,Analytics Twitter — Freemium — Social OSINT
🔐 Cybersecurity & Digital OSINT,OSINT Tools & Intelligence,Unpaywall,https://unpaywall.org,,,,,Articoli scientifici gratuiti — Pubblico — Tool
🔐 Cybersecurity & Digital OSINT,OSINT Tools & Intelligence,URLScan,https://urlscan.io,https://urlscan.io/blog/feed.xml,,,Freemium,URL analysis
🔐 Cybersecurity & Digital OSINT,OSINT Tools & Intelligence,VirusTotal,https://www.virustotal.com,,,,Freemium,Google — File/URL analysis
🔐 Cybersecurity & Digital OSINT,OSINT Tools & Intelligence,VK Parser,https://vk.com,,,,,Social russo — Pubblico
🔐 Cybersecurity & Digital OSINT,OSINT Tools & Intelligence,Wayback CDX,https://web.archive.org/cdx/search,,,,Pubblico,Archive API — API
🔐 Cybersecurity & Digital OSINT,OSINT Tools & Intelligence,Wayback Machine,https://archive.org/web,,,,Pubblico,Pagine web storiche — Archivio
🔐 Cybersecurity & Digital OSINT,OSINT Tools & Intelligence,Webz.io,https://webz.io,,EN,,,Feed di intelligence su open/deep/dark web — Commerciale
🔐 Cybersecurity & Digital OSINT,OSINT Tools & Intelligence,Whitepages,https://www.whitepages.com,,EN,US,Freemium,USA — People search
🔐 Cybersecurity & Digital OSINT,OSINT Tools & Intelligence,WHOIS,https://who.is,,,IS,Pubblico,Domain lookup
🔐 Cybersecurity & Digital OSINT,OSINT Tools & Intelligence,World Monitor,https://worldmonitor.app,,,Globale,Freemium,Monitoraggio globale — Dashboard
🔐 Cybersecurity & Digital OSINT,OSINT Tools & Intelligence,Yandex Images,https://yandex.com/images,,,,Pubblico,Ricerca inversa Yandex — Gratuito — Image Search
🔐 Cybersecurity & Digital OSINT,OSINT Tools & Intelligence,ZabaSearch,https://www.zabasearch.com,,EN,US,Pubblico,Ricerca persone USA — People Search
📡 Social Media & Media Monitoring,Social Media & Media Monitoring,99% Invisible,https://99percentinvisible.org,,,,,Design — Podcast
📡 Social Media & Media Monitoring,Social Media & Media Monitoring,ACRIMED,https://www.acrimed.org,,FR,FR,,FR sinistra — Media critica
📡 Social Media & Media Monitoring,Social Media & Media Monitoring,All-In Podcast,https://www.allinpodcast.co,,,,,Tech/VC — Podcast
📡 Social Media & Media Monitoring,Social Media & Media Monitoring,Apple News,https://apple.news,,,,,Apple
📡 Social Media & Media Monitoring,Social Media & Media Monitoring,Arts & Letters Daily,https://www.aldaily.com,,,,,Accademica — Curazione
📡 Social Media & Media Monitoring,Social Media & Media Monitoring,Behind the Bastards,https://www.iheart.com/podcast/105-behind-the-bastards-29236323,,,,,Storia nera — Podcast
📡 Social Media & Media Monitoring,Social Media & Media Monitoring,Bluesky news,https://bsky.app,,,,,Social
📡 Social Media & Media Monitoring,Social Media & Media Monitoring,Challenges,https://www.challenges.fr,https://www.challenges.fr/rss/,FR,FR,,Business FR
📡 Social Media & Media Monitoring,Social Media & Media Monitoring,Citation Needed,https://www.citationneeded.news,,EN,US,,Tech accountability — USA
📡 Social Media & Media Monitoring,Social Media & Media Monitoring,Columbia Journalism Review,https://www.cjr.org,,EN,US,,Critica media — USA
📡 Social Media & Media Monitoring,Social Media & Media Monitoring,Digiday,https://digiday.com,,EN,US,,Media digitali — USA
📡 Social Media & Media Monitoring,Social Media & Media Monitoring,Disconnect,https://disconnect.blog,,EN,US,,Tech critica — USA
📡 Social Media & Media Monitoring,Social Media & Media Monitoring,EJO,https://en.ejo.ch,,,CH,,Osservatorio — Accademia
📡 Social Media & Media Monitoring,Social Media & Media Monitoring,European Journalism Centre,https://ejc.net,,,EU,,Formazione
📡 Social Media & Media Monitoring,Social Media & Media Monitoring,FAIR,https://fair.org,,EN,US,,Critica media USA
📡 Social Media & Media Monitoring,Social Media & Media Monitoring,Flipboard,https://flipboard.com,,,,,Aggregatore — App
📡 Social Media & Media Monitoring,Social Media & Media Monitoring,Forum on Information & Democracy,https://informationdemocracy.org,,,,,Policy
📡 Social Media & Media Monitoring,Social Media & Media Monitoring,Freakonomics,https://freakonomics.com,,,,,Economia — Podcast
📡 Social Media & Media Monitoring,Social Media & Media Monitoring,Free Press,https://www.freepress.net,,EN,US,,USA — Advocacy
📡 Social Media & Media Monitoring,Social Media & Media Monitoring,Google News,https://news.google.com,,,,,Google — App
📡 Social Media & Media Monitoring,Social Media & Media Monitoring,Ground News,https://ground.news,,,,,Bias comparazione — App
📡 Social Media & Media Monitoring,Social Media & Media Monitoring,Hacker News,https://news.ycombinator.com,https://news.ycombinator.com/rss,EN,,Community,Tech
📡 Social Media & Media Monitoring,Social Media & Media Monitoring,Hard Fork (NYT),https://www.nytimes.com/column/hard-fork,,,,,Tech — Podcast
📡 Social Media & Media Monitoring,Social Media & Media Monitoring,Hardcore History,https://www.dancarlin.com,,,,,Storia — Podcast
📡 Social Media & Media Monitoring,Social Media & Media Monitoring,How I Built This,https://www.npr.org/podcasts/510313/how-i-built-this,,,,,Imprenditoria — Podcast
📡 Social Media & Media Monitoring,Social Media & Media Monitoring,ICFJ,https://www.icfj.org,,,,,Organizzazione
📡 Social Media & Media Monitoring,Social Media & Media Monitoring,If Books Could Kill,https://www.ifbookscouldkill.com,,,,,Critica — Podcast
📡 Social Media & Media Monitoring,Social Media & Media Monitoring,IJNet,https://ijnet.org,,,Globale,,Risorse giornalisti
📡 Social Media & Media Monitoring,Social Media & Media Monitoring,Intelligence Squared,https://www.intelligencesquared.com,,,,,Dibattito — Podcast
📡 Social Media & Media Monitoring,Social Media & Media Monitoring,JournalismFund.eu,https://www.journalismfund.eu,,,EU,,Funding
📡 Social Media & Media Monitoring,Social Media & Media Monitoring,Knight Foundation,https://knightfoundation.org,,EN,US,,USA — Funding
📡 Social Media & Media Monitoring,Social Media & Media Monitoring,Kottke.org,https://kottke.org,,,,,Internet cultura — Blog
📡 Social Media & Media Monitoring,Social Media & Media Monitoring,L'OJIM,https://ojim.fr,,FR,FR,,Media critica
📡 Social Media & Media Monitoring,Social Media & Media Monitoring,Lenfest Institute,https://www.lenfestinstitute.org,,EN,US,,USA — Funding
📡 Social Media & Media Monitoring,Social Media & Media Monitoring,Lex Fridman,https://lexfridman.com,,,,,Tech/AI — Podcast
📡 Social Media & Media Monitoring,Social Media & Media Monitoring,Lobsters,https://lobste.rs,,SR,RS,Community,Tech
📡 Social Media & Media Monitoring,Social Media & Media Monitoring,Longreads,https://longreads.com,,,,,Long-form — Newsletter
📡 Social Media & Media Monitoring,Social Media & Media Monitoring,Luca Sofri Newsletter,https://wittgenstein.it,,IT,IT,,Il Post — Newsletter IT
📡 Social Media & Media Monitoring,Social Media & Media Monitoring,Luminate Group,https://www.luminategroup.com,,,,,Funding
📡 Social Media & Media Monitoring,Social Media & Media Monitoring,Mastodon journalism,https://journa.host,,,,,Fediverse — Social
📡 Social Media & Media Monitoring,Social Media & Media Monitoring,Media,https://www.404media.co,,EN,US,,Tech investigativo — USA
📡 Social Media & Media Monitoring,Social Media & Media Monitoring,Media Freedom Rapid Response,https://www.mfrr.eu,,,EU,,Monitor
📡 Social Media & Media Monitoring,Social Media & Media Monitoring,MediaShift,https://mediashift.org,,EN,US,,Innovazione media — USA
📡 Social Media & Media Monitoring,Social Media & Media Monitoring,Medium Journalism,https://medium.com/topic/journalism,,,Globale,,Articoli giornalismo
📡 Social Media & Media Monitoring,Social Media & Media Monitoring,Meta Journalism Project,https://www.facebook.com/journalismproject,,,,,Meta — Funding
📡 Social Media & Media Monitoring,Social Media & Media Monitoring,Metafilter,https://www.metafilter.com,,,,Community,Link
📡 Social Media & Media Monitoring,Social Media & Media Monitoring,Microsoft Start,https://www.msn.com,,,,,Microsoft — App
📡 Social Media & Media Monitoring,Social Media & Media Monitoring,Morning Brew,https://www.morningbrew.com,,,,,Business — Newsletter
📡 Social Media & Media Monitoring,Social Media & Media Monitoring,News Revenue Hub,https://newsrevenuehub.org,,EN,US,A pagamento,USA — Consulenza
📡 Social Media & Media Monitoring,Social Media & Media Monitoring,Nieman Lab,https://www.niemanlab.org,,EN,US,,Futuro del giornalismo — USA
📡 Social Media & Media Monitoring,Social Media & Media Monitoring,Nieman Reports,https://niemanreports.org,,EN,US,,Giornalismo qualità — USA
📡 Social Media & Media Monitoring,Social Media & Media Monitoring,Open Society Media,https://www.opensocietyfoundations.org,,,,,Funding
📡 Social Media & Media Monitoring,Social Media & Media Monitoring,Planet Money (NPR),https://www.npr.org/podcasts/510289/planet-money,,,,,Economia — Podcast
📡 Social Media & Media Monitoring,Social Media & Media Monitoring,Platformer,https://www.platformer.news,,EN,US,,Big Tech investigativo — USA
📡 Social Media & Media Monitoring,Social Media & Media Monitoring,Pocket Worthy,https://getpocket.com/explore,,,,,Curazione
📡 Social Media & Media Monitoring,Social Media & Media Monitoring,Politico Media,https://www.politico.com/media,,EN,US,,Media e politica — USA
📡 Social Media & Media Monitoring,Social Media & Media Monitoring,Protocol (Archivio),https://www.protocol.com,,EN,US,,Tech policy (chiuso) — USA
📡 Social Media & Media Monitoring,Social Media & Media Monitoring,Radiolab,https://radiolab.org,,,,,Scienza — Podcast
📡 Social Media & Media Monitoring,Social Media & Media Monitoring,Reddit Journalism,https://www.reddit.com/r/journalism,,,,Community,Subreddit r/journalism — Community
📡 Social Media & Media Monitoring,Social Media & Media Monitoring,Reddit WorldNews,https://www.reddit.com/r/worldnews,,,,Community,Subreddit r/worldnews — Community
📡 Social Media & Media Monitoring,Social Media & Media Monitoring,Reply All,https://gimletmedia.com/shows/reply-all,,,,,Internet — Podcast
📡 Social Media & Media Monitoring,Social Media & Media Monitoring,Report for America,https://www.reportforamerica.org,,EN,US,,USA locale — Fellowship
📡 Social Media & Media Monitoring,Social Media & Media Monitoring,Search Engine,https://www.pjvogt.com,,,,,Internet cultura — Podcast
📡 Social Media & Media Monitoring,Social Media & Media Monitoring,Shorenstein Center,https://shorensteincenter.org,,EN,US,,Harvard — Accademia
📡 Social Media & Media Monitoring,Social Media & Media Monitoring,Slow Boring,https://www.slowboring.com,,EN,US,,Policy USA — Newsletter
📡 Social Media & Media Monitoring,Social Media & Media Monitoring,SmartNews,https://www.smartnews.com,,,,,AI aggregatore — App
📡 Social Media & Media Monitoring,Social Media & Media Monitoring,Stratechery,https://stratechery.com,,EN,US,,Tech analysis — Newsletter
📡 Social Media & Media Monitoring,Social Media & Media Monitoring,Stratégies,https://www.strategies.fr,,FR,FR,,Media FR
📡 Social Media & Media Monitoring,Social Media & Media Monitoring,Substack Journalism,https://journalism.substack.com,,,Globale,,Newsletter indipendenti
📡 Social Media & Media Monitoring,Social Media & Media Monitoring,Techdirt,https://www.techdirt.com,,EN,US,,Policy tech — USA
📡 Social Media & Media Monitoring,Social Media & Media Monitoring,The Browser,https://thebrowser.com,,,,,Cura — Newsletter
📡 Social Media & Media Monitoring,Social Media & Media Monitoring,The Daily (NYT),https://www.nytimes.com/column/the-daily,,,,,News — Podcast
📡 Social Media & Media Monitoring,Social Media & Media Monitoring,The Fix Media,https://thefix.media,,,Europa,,Innovazione redazioni
📡 Social Media & Media Monitoring,Social Media & Media Monitoring,The Hustle,https://thehustle.co,,EN,US,,Tech/Business — Newsletter
📡 Social Media & Media Monitoring,Social Media & Media Monitoring,The Verge,https://www.theverge.com,,EN,US,,Tech media — USA
📡 Social Media & Media Monitoring,Social Media & Media Monitoring,This Week in AI,https://www.cognilytica.com/twiai,,,,,Podcast — AI
📡 Social Media & Media Monitoring,Social Media & Media Monitoring,Today Explained (Vox),https://www.vox.com/today-explained,,,,,News — Podcast
📡 Social Media & Media Monitoring,Social Media & Media Monitoring,Up First (NPR),https://www.npr.org/podcasts/510318/up-first,,,,,News — Podcast
🌿 Sostenibilità & ESG,Sostenibilità & ESG,AP Climate,https://apnews.com/hub/climate-and-environment,,,,,Wire — News
🌿 Sostenibilità & ESG,Sostenibilità & ESG,Carbon Brief,https://www.carbonbrief.org,,EN,GB,,Clima e energia — UK/Globale
🌿 Sostenibilità & ESG,Sostenibilità & ESG,Circle of Blue,https://www.circleofblue.org,,EN,US,,Acqua — News
🌿 Sostenibilità & ESG,Sostenibilità & ESG,ClientEarth,https://www.clientearth.org,,EN,GB,,Diritto ambiente — Legale
🌿 Sostenibilità & ESG,Sostenibilità & ESG,Climate Home News,https://www.climatechangenews.com,,EN,GB,,Politica climatica — Globale
🌿 Sostenibilità & ESG,Sostenibilità & ESG,Climate Investigations Center,https://climateinvestigations.org,,EN,US,,Denial — Investigativo
🌿 Sostenibilità & ESG,Sostenibilità & ESG,Desmog,https://www.desmog.com,,,CA,,Negazionismo climatico — Globale — Investigativo
🌿 Sostenibilità & ESG,Sostenibilità & ESG,Dialogue Earth,https://dialogue.earth,,EN,GB,,Globale — Analisi
🌿 Sostenibilità & ESG,Sostenibilità & ESG,Earth Journalism Network,https://earthjournalism.net,,EN,US,,Risorse — Network
🌿 Sostenibilità & ESG,Sostenibilità & ESG,Earth.org,https://earth.org,,,HK,,Clima — News
🌿 Sostenibilità & ESG,Sostenibilità & ESG,Earthjustice,https://earthjustice.org,,EN,US,,Diritto ambientale — USA
🌿 Sostenibilità & ESG,Sostenibilità & ESG,Eco-Business,https://www.eco-business.com,,,SG,,Asia sostenibilità — News
🌿 Sostenibilità & ESG,Sostenibilità & ESG,EcoWatch,https://www.ecowatch.com,,EN,US,,USA — News
🌿 Sostenibilità & ESG,Sostenibilità & ESG,Env. Defense Fund,https://www.edf.org,,EN,US,,Policy ambientale — USA — Advocacy
🌿 Sostenibilità & ESG,Sostenibilità & ESG,Environmental Health News,https://www.ehn.org,,EN,US,,Salute e ambiente — USA
🌿 Sostenibilità & ESG,Sostenibilità & ESG,Eos (AGU),https://eos.org,,EN,US,,Geoscienza — Scienza
🌿 Sostenibilità & ESG,Sostenibilità & ESG,Friends of the Earth,https://www.foe.org,,EN,US,,ONG
🌿 Sostenibilità & ESG,Sostenibilità & ESG,Global Forest Watch,https://www.globalforestwatch.org,,EN,US,Pubblico,Deforestazione — Globale — Foreste — Database
🌿 Sostenibilità & ESG,Sostenibilità & ESG,Greenpeace Int.,https://www.greenpeace.org,,NL,NL,,ONG
🌿 Sostenibilità & ESG,Sostenibilità & ESG,Grist,https://grist.org,,EN,US,,Ambiente e soluzioni — USA — News
🌿 Sostenibilità & ESG,Sostenibilità & ESG,Hakai Magazine,https://www.hakaimagazine.com,,,CA,,Costa oceano — Magazine
🌿 Sostenibilità & ESG,Sostenibilità & ESG,InfluenceMap,https://influencemap.org,,EN,GB,,Corporate
🌿 Sostenibilità & ESG,Sostenibilità & ESG,Inside Climate News,https://insideclimatenews.org,,EN,US,,Clima investigativo — USA
🌿 Sostenibilità & ESG,Sostenibilità & ESG,IPCC,https://www.ipcc.ch,,,CH,,Scienza IPCC — Globale
🌿 Sostenibilità & ESG,Sostenibilità & ESG,Land Matrix,https://landmatrix.org,,,Globale,,Land grabbing
🌿 Sostenibilità & ESG,Sostenibilità & ESG,Lifegate,https://www.lifegate.it,,IT,IT,,Sostenibilità e stile di vita — Ambiente
🌿 Sostenibilità & ESG,Sostenibilità & ESG,Mongabay,https://mongabay.com,,EN,US,,Foreste e biodiversità — Globale
🌿 Sostenibilità & ESG,Sostenibilità & ESG,Mongabay Africa,https://africa.mongabay.com,,,,,Africa — News
🌿 Sostenibilità & ESG,Sostenibilità & ESG,Mongabay India,https://india.mongabay.com,,,IN,,India — News
🌿 Sostenibilità & ESG,Sostenibilità & ESG,NASA Climate,https://climate.nasa.gov,,EN,US,,Scienza NASA — USA
🌿 Sostenibilità & ESG,Sostenibilità & ESG,Natural Resources Defense Council,https://www.nrdc.org,,EN,US,,USA — ONG
🌿 Sostenibilità & ESG,Sostenibilità & ESG,NOAA Climate,https://www.climate.gov,,EN,US,,USA — Scienza
🌿 Sostenibilità & ESG,Sostenibilità & ESG,NYT Climate,https://www.nytimes.com/section/climate,,EN,US,,USA — News
🌿 Sostenibilità & ESG,Sostenibilità & ESG,Plastic Soup Foundation,https://www.plasticsoupfoundation.org,,NL,NL,,Plastica — ONG
🌿 Sostenibilità & ESG,Sostenibilità & ESG,Pulitzer Center Environment,https://pulitzercenter.org,,EN,US,,Funding
🌿 Sostenibilità & ESG,Sostenibilità & ESG,Seas At Risk,https://seas-at-risk.org,,,BE,,Oceani UE — ONG
🌿 Sostenibilità & ESG,Sostenibilità & ESG,Sierra Club,https://www.sierraclub.org,,EN,US,,Conservazione USA — ONG
🌿 Sostenibilità & ESG,Sostenibilità & ESG,Terra Nuova,https://www.terranuova.it,,IT,IT,,Sostenibilità — Ambiente
🌿 Sostenibilità & ESG,Sostenibilità & ESG,The Ocean Cleanup,https://theoceancleanup.com,,NL,NL,,Oceani — ONG
🌿 Sostenibilità & ESG,Sostenibilità & ESG,The Revelator,https://therevelator.org,,EN,US,,Center Biol. Div. — Opinion
🌿 Sostenibilità & ESG,Sostenibilità & ESG,Undark,https://undark.org,,EN,US,,Giornalismo — Science
🌿 Sostenibilità & ESG,Sostenibilità & ESG,Unearthed (Greenpeace),https://unearthed.greenpeace.org,,UK,GB,,Investigativo ambiente
🌿 Sostenibilità & ESG,Sostenibilità & ESG,UNEP,https://www.unep.org,,,Globale,,ONU ambiente — Org.
🌿 Sostenibilità & ESG,Sostenibilità & ESG,Waterkeeper Alliance,https://waterkeeper.org,,EN,US,,Acqua — ONG
🌿 Sostenibilità & ESG,Sostenibilità & ESG,WWF,https://www.worldwildlife.org,,,CH,,ONG
🌿 Sostenibilità & ESG,Sostenibilità & ESG,Yale Environment 360,https://e360.yale.edu,,EN,US,,Analisi accademia — USA
🧩 Settori Specifici,"Finanza, Economia & Business",A. T. Kearney,https://www.kearney.com/insights,,EN,US,A pagamento,Consulenza
🧩 Settori Specifici,"Finanza, Economia & Business",Alphaville FT,https://www.ft.com/alphaville,,UK,GB,,Mercati e finanza
🧩 Settori Specifici,"Finanza, Economia & Business",AP Business,https://apnews.com/hub/business,,EN,US,,Wire
🧩 Settori Specifici,"Finanza, Economia & Business",Arts Economics,https://www.artseconomics.com,,,Globale,,Arte e mercato
🧩 Settori Specifici,"Finanza, Economia & Business",Axios Pro Rata,https://www.axios.com/pro/pro-rata,,EN,US,,VC/PE
🧩 Settori Specifici,"Finanza, Economia & Business",Bain & Company,https://www.bain.com/insights,,EN,US,A pagamento,Consulenza
🧩 Settori Specifici,"Finanza, Economia & Business",Banca d'Italia,https://www.bancaditalia.it,,IT,IT,,Banca centrale — Italia
🧩 Settori Specifici,"Finanza, Economia & Business",Barron's,https://www.barrons.com,,EN,US,Premium,Finanza USA
🧩 Settori Specifici,"Finanza, Economia & Business",BCG Insights,https://www.bcg.com/publications,,EN,US,A pagamento,Consulenza
🧩 Settori Specifici,"Finanza, Economia & Business",BIS Working Papers,https://www.bis.org,,,CH,,Banca int. — Org.
🧩 Settori Specifici,"Finanza, Economia & Business",Breakingviews,https://breakingviews.com,,,Globale,,Opinion finanza
🧩 Settori Specifici,"Finanza, Economia & Business",Bundesbank,https://www.bundesbank.de,,DE,DE,,Germania — Banca centrale
🧩 Settori Specifici,"Finanza, Economia & Business",Business Insider,https://www.businessinsider.com,,EN,US,,Tech + business — USA
🧩 Settori Specifici,"Finanza, Economia & Business",CNBC,https://www.cnbc.com,,EN,US,,TV/News finanza — USA
🧩 Settori Specifici,"Finanza, Economia & Business",Corporate Europe Observatory,https://corporateeurope.org,,,BE,,Lobby UE — Advocacy
🧩 Settori Specifici,"Finanza, Economia & Business",Crunchbase News,https://news.crunchbase.com,,EN,US,,Startup — VC
🧩 Settori Specifici,"Finanza, Economia & Business",Deloitte Insights,https://www2.deloitte.com/insights,,EN,GB,A pagamento,Consulenza
🧩 Settori Specifici,"Finanza, Economia & Business",ECB Research,https://www.ecb.europa.eu,,,EU,,Banca centrale
🧩 Settori Specifici,"Finanza, Economia & Business",EDGAR (SEC),https://www.sec.gov/cgi-bin/browse-edgar,,EN,US,Pubblico,Aziende USA quotate — Pubblico
🧩 Settori Specifici,"Finanza, Economia & Business",European Securities (ESMA),https://www.esma.europa.eu,,,EU,,Regolatore
🧩 Settori Specifici,"Finanza, Economia & Business",Fast Company,https://www.fastcompany.com,,EN,US,,Innovazione business — USA
🧩 Settori Specifici,"Finanza, Economia & Business",Fed Reserve,https://www.federalreserve.gov,,EN,US,,USA — Banca centrale
🧩 Settori Specifici,"Finanza, Economia & Business",Financial Crimes Enforcement,https://www.fincen.gov,,,US,,USA — Gov
🧩 Settori Specifici,"Finanza, Economia & Business",Financial Times,https://www.ft.com,,EN,GB,,Economia globale
🧩 Settori Specifici,"Finanza, Economia & Business",Fiscoetasse,https://www.fiscoetasse.com,,,,,Fiscale
🧩 Settori Specifici,"Finanza, Economia & Business",Fitch Ratings,https://www.fitchratings.com,,EN,US,,Ratings — Research
🧩 Settori Specifici,"Finanza, Economia & Business",Forbes,https://www.forbes.com,,EN,US,,Business — USA
🧩 Settori Specifici,"Finanza, Economia & Business",Fox Business,https://www.foxbusiness.com,,EN,US,,USA — TV/Online
🧩 Settori Specifici,"Finanza, Economia & Business",FT Climate Capital,https://www.ft.com/climate-capital,,EN,GB,,Economia — News
🧩 Settori Specifici,"Finanza, Economia & Business",Global Financial Integrity,https://gfintegrity.org,,EN,US,,Flussi illeciti — Research
🧩 Settori Specifici,"Finanza, Economia & Business",Harvard Business Review,https://hbr.org,,EN,US,,Management — USA
🧩 Settori Specifici,"Finanza, Economia & Business",IMF Blog,https://www.imf.org/en/Blogs,,,Globale,,Org.
🧩 Settori Specifici,"Finanza, Economia & Business",IMF Finances,https://finances.worldbank.org,,,Globale,Gratuito,Dati finanziari storici dal 1984 — Gratuito
🧩 Settori Specifici,"Finanza, Economia & Business",Inc. Magazine,https://www.inc.com,,EN,US,,Startup e business — USA
🧩 Settori Specifici,"Finanza, Economia & Business",Investing.com,https://www.investing.com,,,Globale,,Dati mercati
🧩 Settori Specifici,"Finanza, Economia & Business",Investopedia,https://www.investopedia.com,,EN,US,,Education
🧩 Settori Specifici,"Finanza, Economia & Business",Korn Ferry Insights,https://www.kornferry.com/insights,,EN,US,,"Ricerche su capitale umano, leadership e organizzazione — Consulenza"
🧩 Settori Specifici,"Finanza, Economia & Business",MarketWatch,https://www.marketwatch.com,,EN,US,,Mercati USA — News
🧩 Settori Specifici,"Finanza, Economia & Business",McKinsey Insights,https://www.mckinsey.com/insights,,EN,US,A pagamento,Consulting — Globale
🧩 Settori Specifici,"Finanza, Economia & Business",Microsoft Security Blog,https://www.microsoft.com/en-us/security/blog,,,US,,Microsoft — Microsoft threats — Threat intel
🧩 Settori Specifici,"Finanza, Economia & Business",MIT Sloan Management Review,https://sloanreview.mit.edu,,EN,US,,Management — USA
🧩 Settori Specifici,"Finanza, Economia & Business",Morningstar,https://www.morningstar.com,,EN,US,,Fund analysis — Research
🧩 Settori Specifici,"Finanza, Economia & Business",Motley Fool,https://www.fool.com,,,,Community,Analisi e formazione sugli investimenti — USA
🧩 Settori Specifici,"Finanza, Economia & Business",NBER,https://www.nber.org,,EN,US,,Ricerca economica — USA
🧩 Settori Specifici,"Finanza, Economia & Business",Nextdraft,https://nextdraft.com,,,,,Dave Pell cura — Newsletter
🧩 Settori Specifici,"Finanza, Economia & Business",OCSE Data Explorer,https://data-explorer.oecd.org,,,Globale,,"Economie OCSE: lavoro, commercio, istruzione — Gratuito — Portale ufficiale"
🧩 Settori Specifici,"Finanza, Economia & Business",OECD Data,https://data.oecd.org,,,Globale,Pubblico,Paesi OCSE — Database
🧩 Settori Specifici,"Finanza, Economia & Business",OECD Tax Stats,https://stats.oecd.org/index.aspx?DataSetCode=REV,,,Globale,,Gratuito — Fiscalità
🧩 Settori Specifici,"Finanza, Economia & Business",Pitchbook,https://pitchbook.com,,,,,Database — VC/PE
🧩 Settori Specifici,"Finanza, Economia & Business",Project Syndicate,https://www.project-syndicate.org,,,Globale,,Opinion economia
🧩 Settori Specifici,"Finanza, Economia & Business",Reuters Business,https://www.reuters.com/business,,EN,GB,,Wire
🧩 Settori Specifici,"Finanza, Economia & Business",Seeking Alpha,https://seekingalpha.com,,EN,US,Community,Analisi investimenti — USA
🧩 Settori Specifici,"Finanza, Economia & Business",Semafor Business,https://www.semafor.com,,EN,US,,News premium — Globale
🧩 Settori Specifici,"Finanza, Economia & Business",Tax Justice Network,https://taxjustice.net,,EN,GB,,Evasione — Advocacy
🧩 Settori Specifici,"Finanza, Economia & Business",Wall Street Journal,https://www.wsj.com,,EN,US,,Business USA
🧩 Settori Specifici,"Finanza, Economia & Business",World Bank Blogs,https://blogs.worldbank.org,,,Globale,,Org.
🧩 Settori Specifici,"Finanza, Economia & Business",World Bank News,https://www.worldbank.org/en/news,https://www.worldbank.org/en/news/rss.xml,EN,Globale,,Istituzionale
🧩 Settori Specifici,Autorità di Vigilanza Finanziaria & Regolatori,Argentina — CNV,https://www.argentina.gob.ar/cnv,,ES,AR,,Comisión Nacional de Valores
🧩 Settori Specifici,Autorità di Vigilanza Finanziaria & Regolatori,Australia — APRA,https://www.apra.gov.au,,EN,AU,,Vigilanza prudenziale bancaria/assicurativa
🧩 Settori Specifici,Autorità di Vigilanza Finanziaria & Regolatori,Austria — FMA,https://www.fma.gv.at,,DE/EN,AT,,Autorità mercati finanziari austriaca
🧩 Settori Specifici,Autorità di Vigilanza Finanziaria & Regolatori,Belgium — FSMA,https://www.fsma.be,,FR/NL/EN,BE,,Autorità servizi e mercati finanziari
🧩 Settori Specifici,Autorità di Vigilanza Finanziaria & Regolatori,Brazil — CVM,https://www.gov.br/cvm,,PT,BR,,Comissão de Valores Mobiliários
🧩 Settori Specifici,Autorità di Vigilanza Finanziaria & Regolatori,BVI — Financial Services Commission,https://www.bvifsc.vg,,EN,VG,,Vigilanza offshore BVI
🧩 Settori Specifici,Autorità di Vigilanza Finanziaria & Regolatori,Canada — CSA (Canadian Securities Administrators),https://www.securities-administrators.ca,,EN/FR,CA,,Coordinamento regolatori provinciali
🧩 Settori Specifici,Autorità di Vigilanza Finanziaria & Regolatori,Canada — OSFI,https://www.osfi-bsif.gc.ca,,EN/FR,CA,,Vigilanza istituzioni finanziarie federali
🧩 Settori Specifici,Autorità di Vigilanza Finanziaria & Regolatori,Chile — CMF,https://www.cmfchile.cl,,ES,CL,,Comisión para el Mercado Financiero
🧩 Settori Specifici,Autorità di Vigilanza Finanziaria & Regolatori,China — CSRC,http://www.csrc.gov.cn,,ZH/EN,CN,,Regolatore mercati mobiliari cinese
🧩 Settori Specifici,Autorità di Vigilanza Finanziaria & Regolatori,China — NFRA,https://www.nfra.gov.cn,,ZH,CN,,Vigilanza bancaria/assicurativa (ex CBIRC)
🧩 Settori Specifici,Autorità di Vigilanza Finanziaria & Regolatori,Colombia — Superintendencia Financiera,https://www.superfinanciera.gov.co,,ES,CO,,Vigilanza finanziaria colombiana
🧩 Settori Specifici,Autorità di Vigilanza Finanziaria & Regolatori,Denmark — Finanstilsynet,https://www.finanstilsynet.dk,,DA/EN,DK,,Vigilanza finanziaria danese
🧩 Settori Specifici,Autorità di Vigilanza Finanziaria & Regolatori,EBA — European Banking Authority,https://www.eba.europa.eu,,EN,EU,,Autorità bancaria europea
🧩 Settori Specifici,Autorità di Vigilanza Finanziaria & Regolatori,ECB — Banking Supervision (SSM),https://www.bankingsupervision.europa.eu,,EN,EU,,Vigilanza bancaria unica
🧩 Settori Specifici,Autorità di Vigilanza Finanziaria & Regolatori,Egmont Group of FIUs,https://egmontgroup.org,,EN,Globale,,Rete unità informazione finanziaria (AML)
🧩 Settori Specifici,Autorità di Vigilanza Finanziaria & Regolatori,Egypt — FRA,https://fra.gov.eg,,AR/EN,EG,,Financial Regulatory Authority egiziana
🧩 Settori Specifici,Autorità di Vigilanza Finanziaria & Regolatori,EIOPA,https://www.eiopa.europa.eu,,EN,EU,,Assicurazioni e fondi pensione
🧩 Settori Specifici,Autorità di Vigilanza Finanziaria & Regolatori,Finland — FIN-FSA,https://www.finanssivalvonta.fi,,FI/EN,FI,,Vigilanza finanziaria finlandese
🧩 Settori Specifici,Autorità di Vigilanza Finanziaria & Regolatori,France — AMF,https://www.amf-france.org,,FR/EN,FR,,Autorité des marchés financiers
🧩 Settori Specifici,Autorità di Vigilanza Finanziaria & Regolatori,FSB — Financial Stability Board,https://www.fsb.org,,EN,Globale,,"Stabilità finanziaria globale, G-SIB list"
🧩 Settori Specifici,Autorità di Vigilanza Finanziaria & Regolatori,Germany — BaFin,https://www.bafin.de,,DE/EN,DE,,Vigilanza finanziaria tedesca
🧩 Settori Specifici,Autorità di Vigilanza Finanziaria & Regolatori,Gibraltar — GFSC,https://www.fsc.gi,,EN,GI,,Vigilanza finanziaria di Gibilterra
🧩 Settori Specifici,Autorità di Vigilanza Finanziaria & Regolatori,Greece — Hellenic Capital Market Commission,https://www.hcmc.gr,,EL/EN,GR,,Vigilanza mercati mobiliari greca
🧩 Settori Specifici,Autorità di Vigilanza Finanziaria & Regolatori,Guernsey — GFSC,https://www.gfsc.gg,,EN,GG,,Guernsey Financial Services Commission
🧩 Settori Specifici,Autorità di Vigilanza Finanziaria & Regolatori,Hong Kong — SFC,https://www.sfc.hk,,EN/ZH,HK,,Securities and Futures Commission
🧩 Settori Specifici,Autorità di Vigilanza Finanziaria & Regolatori,IAIS — Insurance Supervisors,https://www.iaisweb.org,,EN,Globale,,Associazione internazionale vigilanza assicurativa
🧩 Settori Specifici,Autorità di Vigilanza Finanziaria & Regolatori,India — SEBI,https://www.sebi.gov.in,,EN/HI,IN,,Securities and Exchange Board of India
🧩 Settori Specifici,Autorità di Vigilanza Finanziaria & Regolatori,IOSCO,https://www.iosco.org,,EN,Globale,,Org. internazionale autorità mobiliari
🧩 Settori Specifici,Autorità di Vigilanza Finanziaria & Regolatori,Isle of Man — FSA,https://www.iomfsa.im,,EN,IM,,Vigilanza finanziaria Isola di Man
🧩 Settori Specifici,Autorità di Vigilanza Finanziaria & Regolatori,Israel — ISA,https://www.isa.gov.il,,HE/EN,IL,,Israel Securities Authority
🧩 Settori Specifici,Autorità di Vigilanza Finanziaria & Regolatori,Italy — IVASS,https://www.ivass.it,,IT,IT,,Vigilanza assicurazioni italiana
🧩 Settori Specifici,Autorità di Vigilanza Finanziaria & Regolatori,Japan — FSA,https://www.fsa.go.jp,,JA/EN,JP,,Financial Services Agency giapponese
🧩 Settori Specifici,Autorità di Vigilanza Finanziaria & Regolatori,Jersey — JFSC,https://www.jerseyfsc.org,,EN,JE,,Jersey Financial Services Commission (+ registro)
🧩 Settori Specifici,Autorità di Vigilanza Finanziaria & Regolatori,Kenya — Capital Markets Authority,https://www.cma.or.ke,,EN,KE,,Vigilanza mercati keniota
🧩 Settori Specifici,Autorità di Vigilanza Finanziaria & Regolatori,Liechtenstein — FMA,https://www.fma-li.li,,DE/EN,LI,,Vigilanza finanziaria del Liechtenstein
🧩 Settori Specifici,Autorità di Vigilanza Finanziaria & Regolatori,Luxembourg — CSSF,https://www.cssf.lu,,FR/EN,LU,,Vigilanza settore finanziario lussemburghese
🧩 Settori Specifici,Autorità di Vigilanza Finanziaria & Regolatori,Malta — MFSA,https://www.mfsa.mt,,EN,MT,,Malta Financial Services Authority
🧩 Settori Specifici,Autorità di Vigilanza Finanziaria & Regolatori,Mexico — CNBV,https://www.gob.mx/cnbv,,ES,MX,,Comisión Nacional Bancaria y de Valores
🧩 Settori Specifici,Autorità di Vigilanza Finanziaria & Regolatori,Netherlands — AFM,https://www.afm.nl,,NL/EN,NL,,Autorità mercati finanziari olandese
🧩 Settori Specifici,Autorità di Vigilanza Finanziaria & Regolatori,New Zealand — FMA,https://www.fma.govt.nz,,EN,NZ,,Financial Markets Authority
🧩 Settori Specifici,Autorità di Vigilanza Finanziaria & Regolatori,Nigeria — SEC Nigeria,https://sec.gov.ng,,EN,NG,,Securities and Exchange Commission nigeriana
🧩 Settori Specifici,Autorità di Vigilanza Finanziaria & Regolatori,Norway — Finanstilsynet,https://www.finanstilsynet.no,,NO/EN,NO,,Vigilanza finanziaria norvegese
🧩 Settori Specifici,Autorità di Vigilanza Finanziaria & Regolatori,Poland — KNF,https://www.knf.gov.pl,,PL/EN,PL,,Komisja Nadzoru Finansowego
🧩 Settori Specifici,Autorità di Vigilanza Finanziaria & Regolatori,Portugal — CMVM,https://www.cmvm.pt,,PT/EN,PT,,Vigilanza mercati mobiliari portoghese
🧩 Settori Specifici,Autorità di Vigilanza Finanziaria & Regolatori,Qatar — QFCRA,https://www.qfcra.com,,EN/AR,QA,,QFC Regulatory Authority
🧩 Settori Specifici,Autorità di Vigilanza Finanziaria & Regolatori,Saudi Arabia — CMA,https://cma.org.sa,,AR/EN,SA,,Capital Market Authority saudita
🧩 Settori Specifici,Autorità di Vigilanza Finanziaria & Regolatori,Singapore — MAS (Financial Institutions Directory),https://eservices.mas.gov.sg/fid,,EN,SG,,Anagrafe istituzioni vigilate MAS
🧩 Settori Specifici,Autorità di Vigilanza Finanziaria & Regolatori,South Africa — FSCA,https://www.fsca.co.za,,EN,ZA,,Financial Sector Conduct Authority
🧩 Settori Specifici,Autorità di Vigilanza Finanziaria & Regolatori,South Korea — FSC,https://www.fsc.go.kr,,KO/EN,KR,,Financial Services Commission coreana
🧩 Settori Specifici,Autorità di Vigilanza Finanziaria & Regolatori,South Korea — FSS,https://www.fss.or.kr,,KO/EN,KR,,Financial Supervisory Service
🧩 Settori Specifici,Autorità di Vigilanza Finanziaria & Regolatori,Spain — CNMV,https://www.cnmv.es,,ES/EN,ES,,Mercati mobiliari
🧩 Settori Specifici,Autorità di Vigilanza Finanziaria & Regolatori,Sweden — Finansinspektionen,https://www.fi.se,,SV/EN,SE,,Vigilanza finanziaria svedese
🧩 Settori Specifici,Autorità di Vigilanza Finanziaria & Regolatori,Switzerland — FINMA,https://www.finma.ch,,EN/DE,CH,,Vigilanza finanziaria svizzera
🧩 Settori Specifici,Autorità di Vigilanza Finanziaria & Regolatori,Turkey — BDDK,https://www.bddk.org.tr,,TR/EN,TR,,Vigilanza bancaria turca
🧩 Settori Specifici,Autorità di Vigilanza Finanziaria & Regolatori,Turkey — SPK (CMB),https://www.spk.gov.tr,,TR/EN,TR,,Capital Markets Board turco
🧩 Settori Specifici,Autorità di Vigilanza Finanziaria & Regolatori,UAE — DFSA (DIFC),https://www.dfsa.ae,,EN,AE,,Dubai Financial Services Authority
🧩 Settori Specifici,Autorità di Vigilanza Finanziaria & Regolatori,UAE — SCA,https://www.sca.gov.ae,,AR/EN,AE,,Securities & Commodities Authority
🧩 Settori Specifici,Autorità di Vigilanza Finanziaria & Regolatori,UK — Bank of England / PRA,https://www.bankofengland.co.uk/prudential-regulation,,EN,GB,,Vigilanza prudenziale UK
🧩 Settori Specifici,Autorità di Vigilanza Finanziaria & Regolatori,UK — FCA Register,https://register.fca.org.uk,,EN,GB,,Anagrafe soggetti vigilati
🧩 Settori Specifici,Autorità di Vigilanza Finanziaria & Regolatori,US — CFTC,https://www.cftc.gov,,EN,US,,Regolatore derivati/commodity
🧩 Settori Specifici,Autorità di Vigilanza Finanziaria & Regolatori,US — FDIC BankFind,https://banks.data.fdic.gov/bankfind-suite/bankfind,,EN,US,,Anagrafe banche assicurate
🧩 Settori Specifici,Autorità di Vigilanza Finanziaria & Regolatori,US — FINRA BrokerCheck,https://brokercheck.finra.org,,EN,US,,Verifica broker/consulenti
🧩 Settori Specifici,Autorità di Vigilanza Finanziaria & Regolatori,US — OCC,https://www.occ.gov,,EN,US,,Vigilanza banche nazionali
🧩 Settori Specifici,Autorità di Vigilanza Finanziaria & Regolatori,US — SEC,https://www.sec.gov,,EN,US,,Securities and Exchange Commission
🧩 Settori Specifici,"AI, LLM & Ricerca Scientifica",Adobe Firefly,https://firefly.adobe.com,,,,Freemium,Creative AI
🧩 Settori Specifici,"AI, LLM & Ricerca Scientifica",AI21 Labs,https://www.ai21.com,,,,Freemium,LLM API
🧩 Settori Specifici,"AI, LLM & Ricerca Scientifica",Aider,https://aider.chat,,,,Open Source,CLI — AI Code
🧩 Settori Specifici,"AI, LLM & Ricerca Scientifica",Anthropic API,https://www.anthropic.com/api,,,,A pagamento,Claude — API
🧩 Settori Specifici,"AI, LLM & Ricerca Scientifica",Anthropic Console,https://console.anthropic.com,,,,,Dev platform — A pagamento — API
🧩 Settori Specifici,"AI, LLM & Ricerca Scientifica",AnythingLLM,https://anythingllm.com,,,,Open Source,RAG privato — RAG App
🧩 Settori Specifici,"AI, LLM & Ricerca Scientifica",AssemblyAI,https://www.assemblyai.com,,,,,Trascrizione + analisi — Freemium — Audio AI
🧩 Settori Specifici,"AI, LLM & Ricerca Scientifica",Beautiful.ai,https://www.beautiful.ai,,,,Freemium,Presentazioni
🧩 Settori Specifici,"AI, LLM & Ricerca Scientifica",Bing AI,https://www.bing.com/chat,,,,Freemium,Microsoft — Search+LLM
🧩 Settori Specifici,"AI, LLM & Ricerca Scientifica",ChatGPT,https://chatgpt.com,,,,Freemium,OpenAI — LLM
🧩 Settori Specifici,"AI, LLM & Ricerca Scientifica",Claude,https://claude.ai,,,,Freemium,Anthropic — LLM
🧩 Settori Specifici,"AI, LLM & Ricerca Scientifica",Claude Code,https://claude.ai/code,,,,A pagamento,Anthropic — AI Code
🧩 Settori Specifici,"AI, LLM & Ricerca Scientifica",Cohere,https://cohere.com,,,,Freemium,NLP enterprise — API
🧩 Settori Specifici,"AI, LLM & Ricerca Scientifica",ComfyUI,https://www.comfy.org,,,,Open Source,Image AI
🧩 Settori Specifici,"AI, LLM & Ricerca Scientifica",Common Crawl,https://commoncrawl.org,,,,,"Gratuito — Pubblico — Web crawl grezzo (petabyte, base LLM) — Dataset — Repository"
🧩 Settori Specifici,"AI, LLM & Ricerca Scientifica",Connected Papers,https://www.connectedpapers.com,,,,Freemium,Grafi paper — Research
🧩 Settori Specifici,"AI, LLM & Ricerca Scientifica",Consensus,https://consensus.app,,,,Freemium,Ricerca scientifica AI — Research AI
🧩 Settori Specifici,"AI, LLM & Ricerca Scientifica",CSET ETO (Georgetown),https://eto.tech/datasets,,EN,,Pubblico,"Metriche AI per paese: pubblicazioni, brevetti, investimenti — CC BY-NC 4.0 — Database"
🧩 Settori Specifici,"AI, LLM & Ricerca Scientifica",Cursor,https://cursor.com,,,,Freemium,Sviluppo con AI — AI Code Editor
🧩 Settori Specifici,"AI, LLM & Ricerca Scientifica",DALL-E,https://openai.com/dall-e-3,,,,Freemium,OpenAI immagini — Image AI
🧩 Settori Specifici,"AI, LLM & Ricerca Scientifica",Descript,https://www.descript.com,,,,,Editing AI — Freemium — Video/Audio
🧩 Settori Specifici,"AI, LLM & Ricerca Scientifica",Dify,https://dify.ai,,,,Freemium,LLM platform
🧩 Settori Specifici,"AI, LLM & Ricerca Scientifica",EleutherAI Datasets,https://github.com/EleutherAI,,,,,Gratuito — Dataset testo per LLM open source — Repository
🧩 Settori Specifici,"AI, LLM & Ricerca Scientifica",ElevenLabs,https://elevenlabs.io,,,,Freemium,Sintesi vocale — Audio AI
🧩 Settori Specifici,"AI, LLM & Ricerca Scientifica",Elicit,https://elicit.com,,,,Freemium,Analisi paper scientifici — Research AI
🧩 Settori Specifici,"AI, LLM & Ricerca Scientifica",Epoch AI,https://epoch.ai/data,,EN,,Pubblico,"Trend modelli AI, compute, hardware, benchmark — CC BY 4.0 — Database"
🧩 Settori Specifici,"AI, LLM & Ricerca Scientifica",ERNIE Bot,https://ernie.baidu.com,,,,Freemium,Baidu — LLM
🧩 Settori Specifici,"AI, LLM & Ricerca Scientifica",Fal.ai,https://fal.ai,,,,,Immagini AI rapide — Freemium
🧩 Settori Specifici,"AI, LLM & Ricerca Scientifica",Fireflies.ai,https://fireflies.ai,,,,,Note riunioni — Freemium — Trascrizione
🧩 Settori Specifici,"AI, LLM & Ricerca Scientifica",Fireworks AI,https://fireworks.ai,,,,Freemium,LLM API
🧩 Settori Specifici,"AI, LLM & Ricerca Scientifica",Flowise,https://flowiseai.com,,,,Open Source,LLM flow builder — No-code LLM
🧩 Settori Specifici,"AI, LLM & Ricerca Scientifica",Flux,https://blackforestlabs.ai,,,,Freemium,Image AI
🧩 Settori Specifici,"AI, LLM & Ricerca Scientifica",Gemini,https://gemini.google.com,,,,Freemium,Google — LLM
🧩 Settori Specifici,"AI, LLM & Ricerca Scientifica",Google AI Studio,https://aistudio.google.com,,,,Freemium,Google Gemini dev — API/Playground
🧩 Settori Specifici,"AI, LLM & Ricerca Scientifica",Google Scholar,https://scholar.google.com,,,,,Ricerca accademica — Pubblico — Search
🧩 Settori Specifici,"AI, LLM & Ricerca Scientifica",GPT4All,https://gpt4all.io,,,,Gratuito,Privacy — Local LLM
🧩 Settori Specifici,"AI, LLM & Ricerca Scientifica",Grok,https://grok.com,,,,Premium,X/Twitter — LLM
🧩 Settori Specifici,"AI, LLM & Ricerca Scientifica",Groq,https://groq.com,,,,Freemium,Inferenza rapida — API/LLM
🧩 Settori Specifici,"AI, LLM & Ricerca Scientifica",Hugging Face Datasets,https://huggingface.co/datasets,,,,,"Freemium — 80.000+ dataset ML, NLP, CV — Hub"
🧩 Settori Specifici,"AI, LLM & Ricerca Scientifica",Ideogram,https://ideogram.ai,,,,Freemium,Testo in immagini — Image AI
🧩 Settori Specifici,"AI, LLM & Ricerca Scientifica",IEEE Spectrum,https://spectrum.ieee.org,,EN,US,,Tecnologia ingegneria — USA
🧩 Settori Specifici,"AI, LLM & Ricerca Scientifica",Jamba,https://www.ai21.com/jamba,,,,Freemium,AI21 — LLM
🧩 Settori Specifici,"AI, LLM & Ricerca Scientifica",Jenni AI,https://jenni.ai,,,,Freemium,Accademico — Writing
🧩 Settori Specifici,"AI, LLM & Ricerca Scientifica",Kimi,https://www.kimi.com,,,,Freemium,Moonshot AI — LLM
🧩 Settori Specifici,"AI, LLM & Ricerca Scientifica",Kling AI,https://klingai.com,,,,Freemium,Kuaishou — Video AI
🧩 Settori Specifici,"AI, LLM & Ricerca Scientifica",Langchain,https://www.langchain.com,,,,Open Source,LLM apps framework — Framework
🧩 Settori Specifici,"AI, LLM & Ricerca Scientifica",Litmaps,https://www.litmaps.com,,,,Freemium,Papers — Research
🧩 Settori Specifici,"AI, LLM & Ricerca Scientifica",LlamaIndex,https://www.llamaindex.ai,,,,,RAG framework — Open Source
🧩 Settori Specifici,"AI, LLM & Ricerca Scientifica",LlamaIndex Cloud,https://cloud.llamaindex.ai,,,,Freemium,Framework dati — RAG Platform
🧩 Settori Specifici,"AI, LLM & Ricerca Scientifica",LM Studio,https://lmstudio.ai,,,,Gratuito,LLM locale — Desktop
🧩 Settori Specifici,"AI, LLM & Ricerca Scientifica",Luma Dream Machine,https://lumalabs.ai,,,,Freemium,Video AI
🧩 Settori Specifici,"AI, LLM & Ricerca Scientifica",Meta AI,https://www.meta.ai,,,,Gratuito,Meta — Freemium — LLM
🧩 Settori Specifici,"AI, LLM & Ricerca Scientifica",Midjourney,https://www.midjourney.com,,,,A pagamento,Generazione immagini — Image AI
🧩 Settori Specifici,"AI, LLM & Ricerca Scientifica",Mistral Chat,https://chat.mistral.ai,,,,Freemium,Mistral AI — LLM
🧩 Settori Specifici,"AI, LLM & Ricerca Scientifica",ModelScope,https://www.modelscope.ai,,,,,Alibaba — Open Source — ML Platform
🧩 Settori Specifici,"AI, LLM & Ricerca Scientifica",Murf AI,https://murf.ai,,,,Freemium,TTS — Audio AI
🧩 Settori Specifici,"AI, LLM & Ricerca Scientifica",Nature,https://www.nature.com,,,,,Scientifica
🧩 Settori Specifici,"AI, LLM & Ricerca Scientifica",NotebookLM,https://notebooklm.google.com,,,,Freemium,Google Research — Research AI
🧩 Settori Specifici,"AI, LLM & Ricerca Scientifica",Ollama,https://ollama.ai,,,,Gratuito,LLM locale — Open Source — CLI
🧩 Settori Specifici,"AI, LLM & Ricerca Scientifica",OpenAI API,https://platform.openai.com,,,,A pagamento,Dev platform — API
🧩 Settori Specifici,"AI, LLM & Ricerca Scientifica",OpenRouter,https://openrouter.ai,,,,Freemium,Multi-model — LLM API
🧩 Settori Specifici,"AI, LLM & Ricerca Scientifica",OpenWebUI,https://openwebui.com,,,,,Frontend LLM locale — Open Source — UI
🧩 Settori Specifici,"AI, LLM & Ricerca Scientifica",Otter.ai,https://otter.ai,,,,,Trascrizione riunioni — Freemium
🧩 Settori Specifici,"AI, LLM & Ricerca Scientifica",Papers With Code,https://paperswithcode.com,,,,,ML papers + codice — Pubblico — Research
🧩 Settori Specifici,"AI, LLM & Ricerca Scientifica",Papers With Code — Datasets,https://paperswithcode.com/datasets,,,,,Gratuito — Dataset ML con benchmark e codice — Lista — Dataset con benchmark riproducibili — Catalogo
🧩 Settori Specifici,"AI, LLM & Ricerca Scientifica",Perplexity AI,https://www.perplexity.ai,,,,Freemium,Ricerca con fonti — Search + LLM
🧩 Settori Specifici,"AI, LLM & Ricerca Scientifica",Poe,https://poe.com,,,,Freemium,Aggregatore AI — Multi-bot
🧩 Settori Specifici,"AI, LLM & Ricerca Scientifica",Qwen Chat,https://chat.qwen.ai,,,,Freemium,Alibaba — LLM
🧩 Settori Specifici,"AI, LLM & Ricerca Scientifica",Replicate,https://replicate.com,,,,Freemium,Modelli open source — A pagamento — API
🧩 Settori Specifici,"AI, LLM & Ricerca Scientifica",ResearchRabbit,https://www.researchrabbit.ai,,,,Gratuito,Papers — Research
🧩 Settori Specifici,"AI, LLM & Ricerca Scientifica",Roboflow Universe,https://universe.roboflow.com,,,,,Dataset computer vision annotati — Freemium — Repository
🧩 Settori Specifici,"AI, LLM & Ricerca Scientifica",RunwayML,https://runwayml.com,,,,Freemium,Video AI
🧩 Settori Specifici,"AI, LLM & Ricerca Scientifica",Scholarcy,https://www.scholarcy.com,,,,Freemium,Summarizer — Research
🧩 Settori Specifici,"AI, LLM & Ricerca Scientifica",Science,https://www.science.org,,,,,AAAS — Scientifica
🧩 Settori Specifici,"AI, LLM & Ricerca Scientifica",SciSpace,https://typeset.io,,,,Freemium,Papers chat — Research
🧩 Settori Specifici,"AI, LLM & Ricerca Scientifica",Semantic Scholar,https://www.semanticscholar.org,,,,Pubblico,Ricerca accademica AI — Research
🧩 Settori Specifici,"AI, LLM & Ricerca Scientifica",Sora,https://sora.chatgpt.com,,,,Freemium,OpenAI — Waitlist — Video AI
🧩 Settori Specifici,"AI, LLM & Ricerca Scientifica",Stable Diffusion,https://stability.ai,,,,Open Source,Immagini open — Image AI
🧩 Settori Specifici,"AI, LLM & Ricerca Scientifica",Suno,https://suno.com,,,,Freemium,Music AI
🧩 Settori Specifici,"AI, LLM & Ricerca Scientifica",The Information,https://www.theinformation.com,,EN,US,,Tech premium
🧩 Settori Specifici,"AI, LLM & Ricerca Scientifica",Together AI,https://www.together.ai,,,,Freemium,Modelli open source — API
🧩 Settori Specifici,"AI, LLM & Ricerca Scientifica",Tray.io,https://tray.io,,,,A pagamento,Enterprise — Automazione
🧩 Settori Specifici,"AI, LLM & Ricerca Scientifica",UCI ML Repository,https://archive.ics.uci.edu/ml,,,,,Gratuito — Repository storico ML (Università UC Irvine)
🧩 Settori Specifici,"AI, LLM & Ricerca Scientifica",Udio,https://www.udio.com,,,,Freemium,Music AI
🧩 Settori Specifici,"AI, LLM & Ricerca Scientifica",VentureBeat Security,https://venturebeat.com,,EN,US,,Innovazione — AI e security
🧩 Settori Specifici,"AI, LLM & Ricerca Scientifica",Whisper (OpenAI),https://openai.com/research/whisper,,,,,Trascrizione audio — Open Source — Audio AI
🧩 Settori Specifici,"AI, LLM & Ricerca Scientifica",Windsurf,https://windsurf.ai,,,,Freemium,AI Code
🧩 Settori Specifici,"AI, LLM & Ricerca Scientifica",You.com,https://you.com,,,,Freemium,Search+LLM
🧩 Settori Specifici,"Automazione, Dev & Produttività",Activepieces,https://www.activepieces.com,,,,Freemium,Alternativa Zapier — Open Source — Automazione
🧩 Settori Specifici,"Automazione, Dev & Produttività",Airtable,https://airtable.com,,,,Freemium,No-code database — Database/Spreadsheet
🧩 Settori Specifici,"Automazione, Dev & Produttività",Apache Airflow,https://airflow.apache.org,,,,Open Source,Workflow
🧩 Settori Specifici,"Automazione, Dev & Produttività",Apify,https://apify.com,,,,,Scraping e automazione — Freemium — Web Scraping
🧩 Settori Specifici,"Automazione, Dev & Produttività",Appwrite,https://appwrite.io,,,,Open Source,Backend
🧩 Settori Specifici,"Automazione, Dev & Produttività",Asana,https://asana.com,,,,Freemium,Project mgmt
🧩 Settori Specifici,"Automazione, Dev & Produttività",Asharq Al-Awsat,https://english.aawsat.com,,EN/AR,Pan-Arab,,Pan-Arab KSA
🧩 Settori Specifici,"Automazione, Dev & Produttività",Awesome Public Datasets,https://github.com/awesomedata/awesome-public-datasets,,,,,Lista curata di dataset pubblici per tema — Gratuito — Lista GitHub
🧩 Settori Specifici,"Automazione, Dev & Produttività",AWS Bedrock,https://aws.amazon.com/bedrock,,,,A pagamento,Amazon — API
🧩 Settori Specifici,"Automazione, Dev & Produttività",Baserow,https://baserow.io,,,,Open Source,No-code DB
🧩 Settori Specifici,"Automazione, Dev & Produttività",BeautifulSoup4,https://pypi.org/project/beautifulsoup4,,,,,HTML parsing — Open Source — Python lib
🧩 Settori Specifici,"Automazione, Dev & Produttività",Beehiiv,https://www.beehiiv.com,,,,Freemium,Newsletter
🧩 Settori Specifici,"Automazione, Dev & Produttività",Bitbucket,https://bitbucket.org,,,,Freemium,Atlassian — Code hosting
🧩 Settori Specifici,"Automazione, Dev & Produttività",Bloomberg,https://www.bloomberg.com,,EN,US,,Finanza e politica
🧩 Settori Specifici,"Automazione, Dev & Produttività",Bloomberg Green,https://www.bloomberg.com/green,,EN,US,,Sostenibilità Bloomberg — Globale — News
🧩 Settori Specifici,"Automazione, Dev & Produttività",Bloomberg Markets,https://www.bloomberg.com/markets,,,Globale,,Mercati finanziari
🧩 Settori Specifici,"Automazione, Dev & Produttività",Bolt.new,https://bolt.new,,,,Freemium,AI App Builder
🧩 Settori Specifici,"Automazione, Dev & Produttività",Brevo,https://www.brevo.com,,,,Freemium,Sendinblue — Email
🧩 Settori Specifici,"Automazione, Dev & Produttività",Browserless,https://www.browserless.io,,,,,Browser automation — Freemium — Web Scraping
🧩 Settori Specifici,"Automazione, Dev & Produttività",Bruno,https://www.usebruno.com,,,,Open Source,API testing
🧩 Settori Specifici,"Automazione, Dev & Produttività",Businessweek,https://www.bloomberg.com/businessweek,,EN,US,,Settimanale Bloomberg — USA
🧩 Settori Specifici,"Automazione, Dev & Produttività",Calendly,https://calendly.com,,,,Freemium,Scheduling
🧩 Settori Specifici,"Automazione, Dev & Produttività",Camelot,https://camelot-py.readthedocs.io,,,,Open Source,PDF tabelle Python — Data Extract
🧩 Settori Specifici,"Automazione, Dev & Produttività",Canva AI,https://www.canva.com/ai-image-generator,,,,Freemium,Creative AI
🧩 Settori Specifici,"Automazione, Dev & Produttività",Censys Python,https://github.com/censys/censys-python,,,,Freemium,Library
🧩 Settori Specifici,"Automazione, Dev & Produttività",Cloudflare Pages,https://pages.cloudflare.com,,,,Freemium,Deploy web — Hosting
🧩 Settori Specifici,"Automazione, Dev & Produttività",Codeium,https://codeium.com,,,,Freemium,AI Code
🧩 Settori Specifici,"Automazione, Dev & Produttività",Copilot,https://copilot.microsoft.com,,,,Freemium,Microsoft — LLM + Search
🧩 Settori Specifici,"Automazione, Dev & Produttività",Creepy,https://github.com/ilektrojohn/creepy,,,,,Geoloc da social — Open Source — Geolocation
🧩 Settori Specifici,"Automazione, Dev & Produttività",DataGrip,https://www.jetbrains.com/datagrip,,,,A pagamento,JetBrains — DB client
🧩 Settori Specifici,"Automazione, Dev & Produttività",DBeaver,https://dbeaver.io,,,,Open Source,DB client
🧩 Settori Specifici,"Automazione, Dev & Produttività",Deck.gl,https://deck.gl,,,,Open Source,GIS viz
🧩 Settori Specifici,"Automazione, Dev & Produttività",Discord,https://discord.com,,,,Freemium,Team comm.
🧩 Settori Specifici,"Automazione, Dev & Produttività",DocumentCloud,https://www.documentcloud.org,,,,,Analisi documenti giornalisti — Freemium — Doc Analysis
🧩 Settori Specifici,"Automazione, Dev & Produttività",Dola,https://www.dola.com,,,,Freemium,Assistant personale — AI Assistant
🧩 Settori Specifici,"Automazione, Dev & Produttività",Dolt,https://www.dolthub.com,,,,Open Source,Git+SQL — DB versionato
🧩 Settori Specifici,"Automazione, Dev & Produttività",DuckDB,https://duckdb.org,,,,Open Source,In-process SQL
🧩 Settori Specifici,"Automazione, Dev & Produttività",ESLint,https://eslint.org,,,,,Open Source — Linter — JS
🧩 Settori Specifici,"Automazione, Dev & Produttività",Excalidraw,https://excalidraw.com,,,,Open Source,Whiteboard — Sketch
🧩 Settori Specifici,"Automazione, Dev & Produttività",Feedbin,https://feedbin.com,,,,,RSS premium — A pagamento — RSS Reader
🧩 Settori Specifici,"Automazione, Dev & Produttività",Feedly,https://feedly.com,,,,Freemium,Aggregatore RSS — RSS Reader
🧩 Settori Specifici,"Automazione, Dev & Produttività",FigJam,https://www.figma.com/figjam,,,,Freemium,Whiteboard
🧩 Settori Specifici,"Automazione, Dev & Produttività",Figma,https://www.figma.com,,,,Freemium,Design
🧩 Settori Specifici,"Automazione, Dev & Produttività",Fly.io,https://fly.io,,,,Freemium,Hosting
🧩 Settori Specifici,"Automazione, Dev & Produttività",Framer,https://www.framer.com,,,,Freemium,No-code web
🧩 Settori Specifici,"Automazione, Dev & Produttività",FreshRSS,https://freshrss.org,,,,Open Source,RSS self-hosted — RSS Reader
🧩 Settori Specifici,"Automazione, Dev & Produttività",Gamma,https://gamma.app,,,,Freemium,Slides con AI — Presentazioni AI
🧩 Settori Specifici,"Automazione, Dev & Produttività",Ghost,https://ghost.org,,,,Open Source,Newsletter — CMS
🧩 Settori Specifici,"Automazione, Dev & Produttività",GitHub Copilot,https://github.com/features/copilot,,,,A pagamento,Microsoft — AI Coding
🧩 Settori Specifici,"Automazione, Dev & Produttività",GitLab,https://gitlab.com,,,,Freemium,Alternativa a GitHub — Code Hosting
🧩 Settori Specifici,"Automazione, Dev & Produttività",Google Looker Studio,https://lookerstudio.google.com,,,,Gratuito,Dashboard e report — Data Viz
🧩 Settori Specifici,"Automazione, Dev & Produttività",Gradio,https://www.gradio.app,,,,Open Source,Python AI — Data app
🧩 Settori Specifici,"Automazione, Dev & Produttività",Holehe,https://github.com/megadose/holehe,,,,Open Source,Email OSINT
🧩 Settori Specifici,"Automazione, Dev & Produttività",HTTPie,https://httpie.io,,,,Freemium,API testing
🧩 Settori Specifici,"Automazione, Dev & Produttività",Huginn,https://github.com/huginn/huginn,,,,,Agent autonomi — Open Source — Automazione
🧩 Settori Specifici,"Automazione, Dev & Produttività",IFTTT,https://ifttt.com,,,,Freemium,Applet semplici — Automazione
🧩 Settori Specifici,"Automazione, Dev & Produttività",Inoreader,https://www.inoreader.com,,,,Freemium,RSS avanzato — RSS Reader
🧩 Settori Specifici,"Automazione, Dev & Produttività",Insomnia,https://insomnia.rest,,,,Open Source,API testing
🧩 Settori Specifici,"Automazione, Dev & Produttività",Instapaper,https://www.instapaper.com,,,,Freemium,Read later
🧩 Settori Specifici,"Automazione, Dev & Produttività",Intel Owl,https://github.com/intelowlproject/IntelOwl,,,,Open Source,Threat analysis — Platform
🧩 Settori Specifici,"Automazione, Dev & Produttività",Jira,https://www.atlassian.com/software/jira,,,,Freemium,Project mgmt
🧩 Settori Specifici,"Automazione, Dev & Produttività",Kashmir Observer,https://kashmirobserver.net,,EN,IN,,Kashmir
🧩 Settori Specifici,"Automazione, Dev & Produttività",Kepler.gl,https://kepler.gl,,,,Open Source,GIS viz
🧩 Settori Specifici,"Automazione, Dev & Produttività",Linear,https://linear.app,,,,Freemium,Project mgmt
🧩 Settori Specifici,"Automazione, Dev & Produttività",Logseq,https://logseq.com,,,,Open Source,Note grafo — Knowledge
🧩 Settori Specifici,"Automazione, Dev & Produttività",Loom,https://www.loom.com,,,,Freemium,Screen rec. — Video async
🧩 Settori Specifici,"Automazione, Dev & Produttività",Lovable,https://lovable.dev,,,,Freemium,Creazione app con AI — AI App Builder
🧩 Settori Specifici,"Automazione, Dev & Produttività",Maigret,https://github.com/soxoj/maigret,,,,Open Source,Username hunt
🧩 Settori Specifici,"Automazione, Dev & Produttività",Mailchimp,https://mailchimp.com,,,,Freemium,Email
🧩 Settori Specifici,"Automazione, Dev & Produttività",Make,https://www.make.com,,,,Freemium,Ex-Integromat — Automazione
🧩 Settori Specifici,"Automazione, Dev & Produttività",Manus,https://manus.im,,,,Waitlist,Agent autonomi — AI Agent
🧩 Settori Specifici,"Automazione, Dev & Produttività",Matter,https://hq.getmatter.com,,,,,Reader e highlights — Freemium — Reading
🧩 Settori Specifici,"Automazione, Dev & Produttività",Mattermost,https://mattermost.com,,,,Open Source,Team comm.
🧩 Settori Specifici,"Automazione, Dev & Produttività",Mendeley,https://www.mendeley.com,,,,Freemium,Elsevier — Reference
🧩 Settori Specifici,"Automazione, Dev & Produttività",Metabase,https://www.metabase.com,,,,Open Source,Data viz
🧩 Settori Specifici,"Automazione, Dev & Produttività",Miro,https://miro.com,,,,Freemium,Whiteboard
🧩 Settori Specifici,"Automazione, Dev & Produttività",Monday.com,https://monday.com,,,,Freemium,Project mgmt
🧩 Settori Specifici,"Automazione, Dev & Produttività",Money Stuff (Levine),https://www.bloomberg.com/opinion/authors/ARbTQlRLRjE/matthew-s-levine,,EN,US,,Newsletter Bloomberg — USA
🧩 Settori Specifici,"Automazione, Dev & Produttività",n8n,https://n8n.io,,,,Self-hosted,Workflow automation — Automazione
🧩 Settori Specifici,"Automazione, Dev & Produttività",Netlify,https://www.netlify.com,,,,Freemium,Deploy web — Hosting
🧩 Settori Specifici,"Automazione, Dev & Produttività",NetNewsWire,https://netnewswire.com,,,,Gratuito,Mac/iOS — RSS Reader
🧩 Settori Specifici,"Automazione, Dev & Produttività",NewsBlur,https://www.newsblur.com,,,,,RSS social — Freemium — RSS Reader
🧩 Settori Specifici,"Automazione, Dev & Produttività",NocoDB,https://nocodb.com,,,,Open Source,No-code DB
🧩 Settori Specifici,"Automazione, Dev & Produttività",Notion,https://www.notion.so,,,,Freemium,Documenti e database — Workspace
🧩 Settori Specifici,"Automazione, Dev & Produttività",Observable,https://observablehq.com,,,,Freemium,D3/JS — Data viz
🧩 Settori Specifici,"Automazione, Dev & Produttività",Obsidian,https://obsidian.md,,,MD,Freemium,Note e connessioni — Knowledge
🧩 Settori Specifici,"Automazione, Dev & Produttività",Omnivore,https://omnivore.app,,,,Open Source,Read later
🧩 Settori Specifici,"Automazione, Dev & Produttività",OpenRefine,https://openrefine.org,,,,Open Source,Pulizia dati — Data Cleaning
🧩 Settori Specifici,"Automazione, Dev & Produttività",Overview,https://www.overviewdocs.com,,,,,Cluster documenti — Gratuito — Doc Analysis
🧩 Settori Specifici,"Automazione, Dev & Produttività",pandas,https://pandas.pydata.org,,,,Open Source,Analisi dati Python — Python lib
🧩 Settori Specifici,"Automazione, Dev & Produttività",Panel,https://panel.holoviz.org,,,,Open Source,Python — Data app
🧩 Settori Specifici,"Automazione, Dev & Produttività",pdfplumber,https://github.com/jsvine/pdfplumber,,,,,PDF Python — Open Source — Data Extract
🧩 Settori Specifici,"Automazione, Dev & Produttività",Penpot,https://penpot.app,,,,Open Source,Design
🧩 Settori Specifici,"Automazione, Dev & Produttività",Pinpoint,https://journaliststudio.google.com/pinpoint,,,,,Google giornalisti — Gratuito — Doc Analysis
🧩 Settori Specifici,"Automazione, Dev & Produttività",Pipedream,https://pipedream.com,,,,Freemium,API integrations — Automazione
🧩 Settori Specifici,"Automazione, Dev & Produttività",PlanetScale,https://planetscale.com,,,,Freemium,MySQL serverless — Freemium
🧩 Settori Specifici,"Automazione, Dev & Produttività",Playwright,https://playwright.dev,,,,,Browser automation — Open Source — Testing/Scraping
🧩 Settori Specifici,"Automazione, Dev & Produttività",Plotly Dash,https://dash.plotly.com,,,,Open Source,Python — Data viz
🧩 Settori Specifici,"Automazione, Dev & Produttività",Pocket,https://getpocket.com,,,,Freemium,Mozilla — Read later
🧩 Settori Specifici,"Automazione, Dev & Produttività",PocketBase,https://pocketbase.io,,,,Open Source,Backend
🧩 Settori Specifici,"Automazione, Dev & Produttività",Polars,https://www.pola.rs,,SR,RS,Open Source,Python — Data library
🧩 Settori Specifici,"Automazione, Dev & Produttività",Postman,https://www.postman.com,,,,Freemium,API testing
🧩 Settori Specifici,"Automazione, Dev & Produttività",Prefect,https://www.prefect.io,,,,Freemium,Data — Workflow
🧩 Settori Specifici,"Automazione, Dev & Produttività",Prettier,https://prettier.io,,,,Open Source,Formatter
🧩 Settori Specifici,"Automazione, Dev & Produttività",Puppeteer,https://pptr.dev,,,,,Chrome automation — Open Source — Scraping
🧩 Settori Specifici,"Automazione, Dev & Produttività",QGIS,https://qgis.org,,,,Open Source,Mappe — GIS
🧩 Settori Specifici,"Automazione, Dev & Produttività",R/RStudio,https://posit.co,,,,,Analisi statistica — Open Source — Statistiche
🧩 Settori Specifici,"Automazione, Dev & Produttività",Railway,https://railway.app,,,,Freemium,Backend deploy — Cloud Deploy
🧩 Settori Specifici,"Automazione, Dev & Produttività",Readwise,https://readwise.io,,,,,Evidenziazioni e review — A pagamento — Reading
🧩 Settori Specifici,"Automazione, Dev & Produttività",Readwise Reader,https://readwise.io/read,,,,Freemium,RSS+Read
🧩 Settori Specifici,"Automazione, Dev & Produttività",Reclaim AI,https://reclaim.ai,,,,Freemium,Scheduling
🧩 Settori Specifici,"Automazione, Dev & Produttività",Redash,https://redash.io,,,,Open Source,Data viz
🧩 Settori Specifici,"Automazione, Dev & Produttività",Reeder,https://reederapp.com,,,,,Client RSS Apple — A pagamento — RSS Reader
🧩 Settori Specifici,"Automazione, Dev & Produttività",Render,https://render.com,,,,Freemium,Web services — Cloud Deploy
🧩 Settori Specifici,"Automazione, Dev & Produttività",Replit AI,https://replit.com,,,,Freemium,AI Dev
🧩 Settori Specifici,"Automazione, Dev & Produttività",Roam Research,https://roamresearch.com,,,,A pagamento,Note bidirezionali — Knowledge
🧩 Settori Specifici,"Automazione, Dev & Produttività",RSSBridge,https://rss-bridge.org,,,,Open Source,Crea RSS da siti — RSS Generator
🧩 Settori Specifici,"Automazione, Dev & Produttività",Scrapy,https://scrapy.org,,,,,Web scraping — Open Source — Framework
🧩 Settori Specifici,"Automazione, Dev & Produttività",Sherlock,https://github.com/sherlock-project/sherlock,,,,Open Source,Social media — Username hunt
🧩 Settori Specifici,"Automazione, Dev & Produttività",Shodan CLI,https://github.com/achillean/shodan-python,,,,Freemium,Shodan da terminale — CLI Tool
🧩 Settori Specifici,"Automazione, Dev & Produttività",Slack,https://slack.com,,,,Freemium,Team comm.
🧩 Settori Specifici,"Automazione, Dev & Produttività",SQLite,https://www.sqlite.org,,,,Open Source,DB
🧩 Settori Specifici,"Automazione, Dev & Produttività",STIX/TAXII,https://oasis-open.github.io/cti-documentation,,,,Pubblico,Threat intel formato — Standard
🧩 Settori Specifici,"Automazione, Dev & Produttività",Subfinder,https://github.com/projectdiscovery/subfinder,,,,Open Source,Subdomain
🧩 Settori Specifici,"Automazione, Dev & Produttività",Substack,https://substack.com,,,,Freemium,Newsletter
🧩 Settori Specifici,"Automazione, Dev & Produttività",Supabase,https://supabase.com,,,,Freemium,Database open source — Database
🧩 Settori Specifici,"Automazione, Dev & Produttività",Superset,https://superset.apache.org,,,,Open Source,Apache — Data viz
🧩 Settori Specifici,"Automazione, Dev & Produttività",TablePlus,https://tableplus.com,,,,Freemium,DB client
🧩 Settori Specifici,"Automazione, Dev & Produttività",Tabnine,https://www.tabnine.com,,,,Freemium,AI Code
🧩 Settori Specifici,"Automazione, Dev & Produttività",Tabula,https://tabula.technology,,,,Open Source,PDF tabelle — Data Extract
🧩 Settori Specifici,"Automazione, Dev & Produttività",Tally,https://tally.so,,,,Freemium,Survey
🧩 Settori Specifici,"Automazione, Dev & Produttività",Tella,https://tella.tv,,,,Freemium,Video async
🧩 Settori Specifici,"Automazione, Dev & Produttività",Temporal,https://temporal.io,,,,Open Source,Workflow
🧩 Settori Specifici,"Automazione, Dev & Produttività",The Old Reader,https://theoldreader.com,,,,Freemium,RSS Reader
🧩 Settori Specifici,"Automazione, Dev & Produttività",theHarvester,https://github.com/laramies/theHarvester,,,,Open Source,Raccolta email — Email Harvester
🧩 Settori Specifici,"Automazione, Dev & Produttività",Tldraw,https://www.tldraw.com,,,,Open Source,Sketch
🧩 Settori Specifici,"Automazione, Dev & Produttività",Trello,https://trello.com,,,,Freemium,Kanban — Project mgmt
🧩 Settori Specifici,"Automazione, Dev & Produttività",Typeform,https://www.typeform.com,,,,Freemium,Survey
🧩 Settori Specifici,"Automazione, Dev & Produttività",v0 (Vercel),https://v0.dev,,,,,Freemium — AI App Builder
🧩 Settori Specifici,"Automazione, Dev & Produttività",Vega-Altair,https://altair-viz.github.io,,,,Open Source,Python — Data viz
🧩 Settori Specifici,"Automazione, Dev & Produttività",Vercel,https://vercel.com,,,,Freemium,Serverless functions — Hosting/Deploy
🧩 Settori Specifici,"Automazione, Dev & Produttività",Vercel AI SDK,https://sdk.vercel.ai,,,,Open Source,Framework
🧩 Settori Specifici,"Automazione, Dev & Produttività",Vijesti Montenegro,https://en.vijesti.me,,,ME,,Quality — Montenegro
🧩 Settori Specifici,"Automazione, Dev & Produttività",Webflow,https://webflow.com,,,,Freemium,No-code web
🧩 Settori Specifici,"Automazione, Dev & Produttività",Windmill,https://www.windmill.dev,,,,Open Source,Script e workflow — Dev Platform
🧩 Settori Specifici,"Automazione, Dev & Produttività",Zapier,https://zapier.com,,,,Freemium,Workflow no-code — Automazione
🧩 Settori Specifici,"Automazione, Dev & Produttività",Zotero,https://www.zotero.org,,,,Open Source,Ricerca — Reference
🧩 Settori Specifici,Borse Valori & Mercati,ADX — Abu Dhabi Securities Exchange,https://www.adx.ae,,AR/EN,AE,,Borsa di Abu Dhabi
🧩 Settori Specifici,Borse Valori & Mercati,ASE — Amman Stock Exchange,https://www.ase.com.jo,,AR/EN,JO,,Borsa giordana
🧩 Settori Specifici,Borse Valori & Mercati,ASX — Australian Securities Exchange,https://www.asx.com.au,,EN,AU,,Borsa australiana
🧩 Settori Specifici,Borse Valori & Mercati,ATHEX — Athens Exchange Group,https://www.athexgroup.gr,,EL/EN,GR,,Borsa di Atene
🧩 Settori Specifici,Borse Valori & Mercati,B3 — Brasil Bolsa Balcão,https://www.b3.com.br,,PT/EN,BR,,Borsa brasiliana
🧩 Settori Specifici,Borse Valori & Mercati,Bahrain Bourse,https://www.bahrainbourse.com,,AR/EN,BH,,Borsa del Bahrein
🧩 Settori Specifici,Borse Valori & Mercati,BELEX — Belgrade Stock Exchange,https://www.belex.rs,,SR/EN,RS,,Borsa di Belgrado
🧩 Settori Specifici,Borse Valori & Mercati,BME — Bolsas y Mercados Españoles,https://www.bolsasymercados.es,,ES/EN,ES,,Borse spagnole
🧩 Settori Specifici,Borse Valori & Mercati,BMV — Bolsa Mexicana de Valores,https://www.bmv.com.mx,,ES/EN,MX,,Borsa messicana
🧩 Settori Specifici,Borse Valori & Mercati,Bolsa de Santiago,https://www.bolsadesantiago.com,,ES,CL,,Borsa cilena
🧩 Settori Specifici,Borse Valori & Mercati,Borsa Istanbul,https://www.borsaistanbul.com,,TR/EN,TR,,Borsa turca
🧩 Settori Specifici,Borse Valori & Mercati,Boursa Kuwait,https://www.boursakuwait.com.kw,,AR/EN,KW,,Borsa kuwaitiana
🧩 Settori Specifici,Borse Valori & Mercati,Bourse de Casablanca,https://www.casablanca-bourse.com,,FR/AR/EN,MA,,Borsa marocchina
🧩 Settori Specifici,Borse Valori & Mercati,BRVM,https://www.brvm.org,,FR,Africa Occ.,,Borsa regionale UEMOA (8 Paesi)
🧩 Settori Specifici,Borse Valori & Mercati,BSE India,https://www.bseindia.com,,EN,IN,,Bombay Stock Exchange
🧩 Settori Specifici,Borse Valori & Mercati,BSE — Budapest Stock Exchange,https://www.bse.hu,,HU/EN,HU,,Borsa di Budapest
🧩 Settori Specifici,Borse Valori & Mercati,Bursa Malaysia,https://www.bursamalaysia.com,,EN/MS,MY,,Borsa malese
🧩 Settori Specifici,Borse Valori & Mercati,BVB — Bucharest Stock Exchange,https://www.bvb.ro,,RO/EN,RO,,Borsa di Bucarest
🧩 Settori Specifici,Borse Valori & Mercati,BVL — Bolsa de Valores de Lima,https://www.bvl.com.pe,,ES/EN,PE,,Borsa peruviana
🧩 Settori Specifici,Borse Valori & Mercati,BYMA — Bolsas y Mercados Argentinos,https://www.byma.com.ar,,ES,AR,,Borsa argentina
🧩 Settori Specifici,Borse Valori & Mercati,Cboe Global Markets,https://www.cboe.com,,EN,US,,Borsa opzioni e azioni
🧩 Settori Specifici,Borse Valori & Mercati,CME Group,https://www.cmegroup.com,,EN,US,,Derivati e futures
🧩 Settori Specifici,Borse Valori & Mercati,CSE — Colombo Stock Exchange,https://www.cse.lk,,EN,LK,,Borsa dello Sri Lanka
🧩 Settori Specifici,Borse Valori & Mercati,Deutsche Börse,https://www.deutsche-boerse.com,,DE/EN,DE,,Borsa di Francoforte / Xetra
🧩 Settori Specifici,Borse Valori & Mercati,DFM — Dubai Financial Market,https://www.dfm.ae,,AR/EN,AE,,Borsa di Dubai
🧩 Settori Specifici,Borse Valori & Mercati,DSE — Dhaka Stock Exchange,https://www.dsebd.org,,EN/BN,BD,,Borsa del Bangladesh
🧩 Settori Specifici,Borse Valori & Mercati,EGX — Egyptian Exchange,https://www.egx.com.eg,,AR/EN,EG,,Borsa egiziana
🧩 Settori Specifici,Borse Valori & Mercati,Euronext,https://www.euronext.com,,EN,EU,,"Borse Parigi, Amsterdam, Bruxelles, Milano, Lisbona, Dublino, Oslo"
🧩 Settori Specifici,Borse Valori & Mercati,Finnhub,https://finnhub.io,,EN,Globale,Freemium,"Market data API — azioni, FX, crypto, fondamentali"
🧩 Settori Specifici,Borse Valori & Mercati,GPW — Warsaw Stock Exchange,https://www.gpw.pl,,PL/EN,PL,,Borsa di Varsavia
🧩 Settori Specifici,Borse Valori & Mercati,GSE — Ghana Stock Exchange,https://gse.com.gh,,EN,GH,,Borsa ghanese
🧩 Settori Specifici,Borse Valori & Mercati,HKEX — Hong Kong Exchanges,https://www.hkex.com.hk,,EN/ZH,HK,,Borsa di Hong Kong
🧩 Settori Specifici,Borse Valori & Mercati,HOSE — Ho Chi Minh Stock Exchange,https://www.hsx.vn,,VI/EN,VN,,Borsa vietnamita
🧩 Settori Specifici,Borse Valori & Mercati,ICE — Intercontinental Exchange,https://www.theice.com,,EN,US,,"Gruppo borsistico (NYSE, futures)"
🧩 Settori Specifici,Borse Valori & Mercati,IDX — Indonesia Stock Exchange,https://www.idx.co.id,,ID/EN,ID,,Borsa indonesiana
🧩 Settori Specifici,Borse Valori & Mercati,Jamaica Stock Exchange,https://www.jamstockex.com,,EN,JM,,Borsa giamaicana
🧩 Settori Specifici,Borse Valori & Mercati,JPX — Japan Exchange Group,https://www.jpx.co.jp,,JA/EN,JP,,Borsa di Tokyo/Osaka
🧩 Settori Specifici,Borse Valori & Mercati,JSE — Johannesburg Stock Exchange,https://www.jse.co.za,,EN,ZA,,Borsa sudafricana
🧩 Settori Specifici,Borse Valori & Mercati,KASE — Kazakhstan Stock Exchange,https://kase.kz,,KK/RU/EN,KZ,,Borsa kazaka
🧩 Settori Specifici,Borse Valori & Mercati,KRX — Korea Exchange,https://www.krx.co.kr,,KO/EN,KR,,Borsa coreana
🧩 Settori Specifici,Borse Valori & Mercati,LJSE — Ljubljana Stock Exchange,https://ljse.si,,SL/EN,SI,,Borsa di Lubiana
🧩 Settori Specifici,Borse Valori & Mercati,LSE — London Stock Exchange,https://www.londonstockexchange.com,,EN,GB,,Borsa di Londra
🧩 Settori Specifici,Borse Valori & Mercati,MSX — Muscat Stock Exchange,https://www.msx.om,,AR/EN,OM,,Borsa omanita
🧩 Settori Specifici,Borse Valori & Mercati,Nasdaq Nordic,https://www.nasdaqomxnordic.com,,EN,Nordics,,"Borse Stoccolma, Helsinki, Copenaghen, Islanda, Baltici"
🧩 Settori Specifici,Borse Valori & Mercati,NGX — Nigerian Exchange,https://ngxgroup.com,,EN,NG,,Borsa nigeriana
🧩 Settori Specifici,Borse Valori & Mercati,NSE Kenya — Nairobi Securities Exchange,https://www.nse.co.ke,,EN,KE,,Borsa keniota
🧩 Settori Specifici,Borse Valori & Mercati,NSE — National Stock Exchange of India,https://www.nseindia.com,,EN,IN,,Borsa indiana principale
🧩 Settori Specifici,Borse Valori & Mercati,NYSE,https://www.nyse.com,,EN,US,,New York Stock Exchange
🧩 Settori Specifici,Borse Valori & Mercati,NZX — New Zealand's Exchange,https://www.nzx.com,,EN,NZ,,Borsa neozelandese
🧩 Settori Specifici,Borse Valori & Mercati,PSE — Philippine Stock Exchange,https://www.pse.com.ph,,EN,PH,,Borsa filippina
🧩 Settori Specifici,Borse Valori & Mercati,PSE — Prague Stock Exchange,https://www.pse.cz,,CS/EN,CZ,,Borsa di Praga
🧩 Settori Specifici,Borse Valori & Mercati,PSX — Pakistan Stock Exchange,https://www.psx.com.pk,,EN,PK,,Borsa pakistana
🧩 Settori Specifici,Borse Valori & Mercati,Saudi Exchange (Tadawul),https://www.saudiexchange.sa,,AR/EN,SA,,Borsa saudita
🧩 Settori Specifici,Borse Valori & Mercati,SET — Stock Exchange of Thailand,https://www.set.or.th,,TH/EN,TH,,Borsa thailandese
🧩 Settori Specifici,Borse Valori & Mercati,SGX — Singapore Exchange,https://www.sgx.com,,EN,SG,,Borsa di Singapore
🧩 Settori Specifici,Borse Valori & Mercati,SIX Swiss Exchange,https://www.six-group.com,,DE/EN,CH,,Borsa svizzera
🧩 Settori Specifici,Borse Valori & Mercati,SSE — Shanghai Stock Exchange,https://www.sse.com.cn,,ZH/EN,CN,,Borsa di Shanghai
🧩 Settori Specifici,Borse Valori & Mercati,SZSE — Shenzhen Stock Exchange,https://www.szse.cn,,ZH/EN,CN,,Borsa di Shenzhen
🧩 Settori Specifici,Borse Valori & Mercati,TASE — Tel Aviv Stock Exchange,https://www.tase.co.il,,HE/EN,IL,,Borsa israeliana
🧩 Settori Specifici,Borse Valori & Mercati,TSX — Toronto Stock Exchange,https://www.tsx.com,,EN/FR,CA,,Borsa di Toronto
🧩 Settori Specifici,Borse Valori & Mercati,TWSE — Taiwan Stock Exchange,https://www.twse.com.tw,,ZH/EN,TW,,Borsa di Taiwan
🧩 Settori Specifici,Borse Valori & Mercati,WFE — World Federation of Exchanges,https://www.world-exchanges.org,,EN,Globale,,Federazione mondiale delle borse
🧩 Settori Specifici,Borse Valori & Mercati,Wiener Börse,https://www.wienerborse.at,,DE/EN,AT,,Borsa di Vienna
🧩 Settori Specifici,Borse Valori & Mercati,ZSE — Zagreb Stock Exchange,https://zse.hr,,HR/EN,HR,,Borsa di Zagabria
🧩 Settori Specifici,Autorità Data Protection & Privacy,AAIP Argentina,https://www.argentina.gob.ar/aaip,,ES,AR,,Agenzia accesso informazione pubblica/privacy
🧩 Settori Specifici,Autorità Data Protection & Privacy,AEPD,https://www.aepd.es,,ES,ES,,Autorità privacy spagnola
🧩 Settori Specifici,Autorità Data Protection & Privacy,AKI — Andmekaitse Inspektsioon,https://www.aki.ee,,ET/EN,EE,,Autorità privacy estone
🧩 Settori Specifici,Autorità Data Protection & Privacy,ANPD Brasil,https://www.gov.br/anpd,,PT,BR,,Autorità privacy brasiliana (LGPD)
🧩 Settori Specifici,Autorità Data Protection & Privacy,ANSPDCP,https://www.dataprotection.ro,,RO,RO,,Autorità privacy rumena
🧩 Settori Specifici,Autorità Data Protection & Privacy,AP — Autoriteit Persoonsgegevens,https://www.autoriteitpersoonsgegevens.nl,,NL,NL,,Autorità privacy olandese
🧩 Settori Specifici,Autorità Data Protection & Privacy,APD/GBA — Autorité de protection des données,https://www.autoriteprotectiondonnees.be,,FR/NL,BE,,Autorità privacy belga
🧩 Settori Specifici,Autorità Data Protection & Privacy,AZOP,https://azop.hr,,HR/EN,HR,,Autorità privacy croata
🧩 Settori Specifici,Autorità Data Protection & Privacy,BfDI,https://www.bfdi.bund.de,,DE/EN,DE,,Garante federale tedesco
🧩 Settori Specifici,Autorità Data Protection & Privacy,CNIL,https://www.cnil.fr,,FR,FR,,Autorità privacy francese
🧩 Settori Specifici,Autorità Data Protection & Privacy,CNPD Luxembourg,https://cnpd.public.lu,,FR/EN,LU,,Autorità privacy lussemburghese
🧩 Settori Specifici,Autorità Data Protection & Privacy,CNPD Portugal,https://www.cnpd.pt,,PT,PT,,Autorità privacy portoghese
🧩 Settori Specifici,Autorità Data Protection & Privacy,Commissioner for Personal Data Protection (Cipro),https://www.dataprotection.gov.cy,,EL/EN,CY,,Autorità privacy cipriota
🧩 Settori Specifici,Autorità Data Protection & Privacy,CPDP,https://www.cpdp.bg,,BG/EN,BG,,Autorità privacy bulgara
🧩 Settori Specifici,Autorità Data Protection & Privacy,Datatilsynet (Danimarca),https://www.datatilsynet.dk,,DA,DK,,Autorità privacy danese
🧩 Settori Specifici,Autorità Data Protection & Privacy,Datatilsynet (Norvegia),https://www.datatilsynet.no,,NO/EN,NO,,Autorità privacy norvegese
🧩 Settori Specifici,Autorità Data Protection & Privacy,DPC — Data Protection Commission,https://www.dataprotection.ie,,EN,IE,,Autorità privacy irlandese (lead per Big Tech)
🧩 Settori Specifici,Autorità Data Protection & Privacy,DSB — Datenschutzbehörde,https://www.dsb.gv.at,,DE,AT,,Autorità privacy austriaca
🧩 Settori Specifici,Autorità Data Protection & Privacy,DVI — Datu valsts inspekcija,https://www.dvi.gov.lv,,LV/EN,LV,,Autorità privacy lettone
🧩 Settori Specifici,Autorità Data Protection & Privacy,EDPB — European Data Protection Board,https://www.edpb.europa.eu,,EN,EU,,Comitato europeo protezione dati
🧩 Settori Specifici,Autorità Data Protection & Privacy,EDPS — European Data Protection Supervisor,https://www.edps.europa.eu,,EN,EU,,Garante UE per le istituzioni
🧩 Settori Specifici,Autorità Data Protection & Privacy,FDPIC / IFPDT,https://www.edoeb.admin.ch,,DE/FR/IT/EN,CH,,Garante privacy svizzero
🧩 Settori Specifici,Autorità Data Protection & Privacy,GPA — Global Privacy Assembly,https://globalprivacyassembly.org,,EN,Globale,,Rete mondiale autorità privacy
🧩 Settori Specifici,Autorità Data Protection & Privacy,HDPA — Hellenic DPA,https://www.dpa.gr,,EL/EN,GR,,Autorità privacy greca
🧩 Settori Specifici,Autorità Data Protection & Privacy,ICO — Information Commissioner's Office,https://ico.org.uk,,EN,GB,,Autorità privacy britannica
🧩 Settori Specifici,Autorità Data Protection & Privacy,IDPC Malta,https://idpc.org.mt,,EN/MT,MT,,Autorità privacy maltese
🧩 Settori Specifici,Autorità Data Protection & Privacy,IMY — Integritetsskyddsmyndigheten,https://www.imy.se,,SV/EN,SE,,Autorità privacy svedese
🧩 Settori Specifici,Autorità Data Protection & Privacy,Information Regulator (South Africa),https://inforegulator.org.za,,EN,ZA,,Autorità privacy sudafricana (POPIA)
🧩 Settori Specifici,Autorità Data Protection & Privacy,IP — Informacijski pooblaščenec,https://www.ip-rs.si,,SL/EN,SI,,Autorità privacy slovena
🧩 Settori Specifici,Autorità Data Protection & Privacy,KVKK,https://www.kvkk.gov.tr,,TR/EN,TR,,Autorità privacy turca
🧩 Settori Specifici,Autorità Data Protection & Privacy,NAIH,https://naih.hu,,HU/EN,HU,,Autorità privacy ungherese
🧩 Settori Specifici,Autorità Data Protection & Privacy,NDPC Nigeria,https://ndpc.gov.ng,,EN,NG,,Commissione protezione dati nigeriana
🧩 Settori Specifici,Autorità Data Protection & Privacy,OAIC,https://www.oaic.gov.au,,EN,AU,,Autorità privacy australiana
🧩 Settori Specifici,Autorità Data Protection & Privacy,ODPC Kenya,https://www.odpc.go.ke,,EN,KE,,Ufficio protezione dati keniota
🧩 Settori Specifici,Autorità Data Protection & Privacy,OPC Canada,https://www.priv.gc.ca,,EN/FR,CA,,Garante privacy federale canadese
🧩 Settori Specifici,Autorità Data Protection & Privacy,OPC New Zealand,https://www.privacy.org.nz,,EN,NZ,,Autorità privacy neozelandese
🧩 Settori Specifici,Autorità Data Protection & Privacy,PDPC Singapore,https://www.pdpc.gov.sg,,EN,SG,,Autorità privacy di Singapore
🧩 Settori Specifici,Autorità Data Protection & Privacy,Persónuvernd,https://www.personuvernd.is,,IS/EN,IS,,Autorità privacy islandese
🧩 Settori Specifici,Autorità Data Protection & Privacy,PIPC Korea,https://www.pipc.go.kr,,KO/EN,KR,,Autorità privacy sudcoreana
🧩 Settori Specifici,Autorità Data Protection & Privacy,PPC — Personal Information Protection Commission,https://www.ppc.go.jp,,JA/EN,JP,,Autorità privacy giapponese
🧩 Settori Specifici,Autorità Data Protection & Privacy,Tietosuojavaltuutettu,https://tietosuoja.fi,,FI/EN,FI,,Autorità privacy finlandese
🧩 Settori Specifici,Autorità Data Protection & Privacy,UODO,https://uodo.gov.pl,,PL,PL,,Autorità privacy polacca
🧩 Settori Specifici,Autorità Data Protection & Privacy,VDAI,https://vdai.lrv.lt,,LT/EN,LT,,Autorità privacy lituana
🧩 Settori Specifici,Autorità Data Protection & Privacy,ÚOOÚ,https://uoou.gov.cz,,CS/EN,CZ,,Autorità privacy ceca
🧩 Settori Specifici,Autorità Data Protection & Privacy,Úrad na ochranu osobných údajov SR,https://dataprotection.gov.sk,,SK/EN,SK,,Autorità privacy slovacca
🧩 Settori Specifici,"Dogane, Trade & Export Control",Agenzia Dogane e Monopoli,https://www.adm.gov.it,,IT,IT,,Dogane italiane
🧩 Settori Specifici,"Dogane, Trade & Export Control",Australia Group,https://www.dfat.gov.au/publications/minisite/theaustraliagroupnet/site/en/index.html,,EN,Globale,,Regime controllo chimico/biologico
🧩 Settori Specifici,"Dogane, Trade & Export Control",Brazil Comex Stat,https://comexstat.mdic.gov.br,,PT/EN,BR,,Statistiche commercio estero brasiliane
🧩 Settori Specifici,"Dogane, Trade & Export Control",Canada CBSA,https://www.cbsa-asfc.gc.ca,,EN/FR,CA,,Dogane canadesi
🧩 Settori Specifici,"Dogane, Trade & Export Control",CITES Trade Database,https://trade.cites.org,,EN,Globale,,Database commercio specie CITES — traffico fauna selvatica
🧩 Settori Specifici,"Dogane, Trade & Export Control",EU Access2Markets,https://trade.ec.europa.eu/access-to-markets,,Multi,EU,,"Tariffe, regole origine, barriere UE"
🧩 Settori Specifici,"Dogane, Trade & Export Control",Export.gov / Trade.gov,https://www.trade.gov,,EN,US,,Portale commercio internazionale USA — market intelligence
🧩 Settori Specifici,"Dogane, Trade & Export Control",GTA — Global Trade Alert,https://www.globaltradealert.org,,EN,Globale,,Monitor misure commerciali discriminatorie per Paese
🧩 Settori Specifici,"Dogane, Trade & Export Control",HMRC UK Trade Tariff,https://www.trade-tariff.service.gov.uk,,EN,GB,,Tariffa doganale UK post-Brexit — classificazione merci
🧩 Settori Specifici,"Dogane, Trade & Export Control",ImportGenius,https://www.importgenius.com,,EN,Globale,,Bill of lading USA e LatAm (commerciale)
🧩 Settori Specifici,"Dogane, Trade & Export Control",India CBIC,https://www.cbic.gov.in,,EN/HI,IN,,Dogane e imposte indirette indiane
🧩 Settori Specifici,"Dogane, Trade & Export Control",ITC Market Access Map,https://www.macmap.org,,EN,Globale,,Tariffe e misure non tariffarie
🧩 Settori Specifici,"Dogane, Trade & Export Control",ITC Trade Map,https://www.trademap.org,,EN,Globale,,Statistiche commercio per prodotto/Paese
🧩 Settori Specifici,"Dogane, Trade & Export Control",Japan Customs,https://www.customs.go.jp,,JA/EN,JP,,Dogane giapponesi
🧩 Settori Specifici,"Dogane, Trade & Export Control",MTCR — Missile Technology Control Regime,https://www.mtcr.info,,EN,Globale,,Regime controllo tecnologia missilistica
🧩 Settori Specifici,"Dogane, Trade & Export Control",NSG — Nuclear Suppliers Group,https://www.nuclearsuppliersgroup.org,,EN,Globale,,Regime controllo nucleare
🧩 Settori Specifici,"Dogane, Trade & Export Control",OEC — Observatory of Economic Complexity,https://oec.world,,EN,Globale,,Visualizzazione flussi commerciali
🧩 Settori Specifici,"Dogane, Trade & Export Control",Panjiva (S&P Global),https://panjiva.com,,EN,Globale,,Dati spedizioni import/export (commerciale)
🧩 Settori Specifici,"Dogane, Trade & Export Control",Trade Data Monitor,https://tradedatamonitor.com,,EN,Globale,,Dati commercio globale granulari (Freemium)
🧩 Settori Specifici,"Dogane, Trade & Export Control",US BIS — Bureau of Industry and Security,https://www.bis.doc.gov,,EN,US,,"Export control, Entity List, EAR"
🧩 Settori Specifici,"Dogane, Trade & Export Control",US CBP — Customs and Border Protection,https://www.cbp.gov,,EN,US,,Dogane statunitensi
🧩 Settori Specifici,"Dogane, Trade & Export Control",USTR — US Trade Representative,https://ustr.gov,,EN,US,,"Politica commerciale USA, Section 301"
🧩 Settori Specifici,"Dogane, Trade & Export Control",Volza,https://www.volza.com,,EN,Globale,,Dati EXIM globali (commerciale)
🧩 Settori Specifici,"Dogane, Trade & Export Control",Wassenaar Arrangement,https://www.wassenaar.org,,EN,Globale,,Regime export control dual-use e armi convenzionali
🧩 Settori Specifici,"Dogane, Trade & Export Control",WCO — World Customs Organization,https://www.wcoomd.org,,EN/FR,Globale,,"Organizzazione mondiale dogane, HS nomenclature"
🧩 Settori Specifici,"Dogane, Trade & Export Control",WITS — World Integrated Trade Solution,https://wits.worldbank.org,,EN,Globale,,Dati commercio Banca Mondiale
🧩 Settori Specifici,"Marittimo, Aviazione & Trasporti",ABS — American Bureau of Shipping,https://www.eagle.org,,EN,Globale,,Società di classificazione
🧩 Settori Specifici,"Marittimo, Aviazione & Trasporti",AISStream,https://aisstream.io,,EN,Globale,Gratuito,AIS navi real-time via WebSocket (API key gratuita) — complemento marittimo a OpenSky
🧩 Settori Specifici,"Marittimo, Aviazione & Trasporti",Aviation Safety Network,https://asn.flightsafety.org,,EN,Globale,,Database incidenti aerei
🧩 Settori Specifici,"Marittimo, Aviazione & Trasporti",ch-aviation,https://www.ch-aviation.com,,EN,Globale,,Database flotte e compagnie (commerciale)
🧩 Settori Specifici,"Marittimo, Aviazione & Trasporti",ClassNK,https://www.classnk.or.jp,,EN/JA,Globale,,Società di classificazione giapponese
🧩 Settori Specifici,"Marittimo, Aviazione & Trasporti",DNV,https://www.dnv.com,,EN,Globale,,Società di classificazione e registro navi
🧩 Settori Specifici,"Marittimo, Aviazione & Trasporti",DP World,https://www.dpworld.com,,EN,AE,,Operatore portuale globale (Dubai)
🧩 Settori Specifici,"Marittimo, Aviazione & Trasporti",EASA,https://www.easa.europa.eu,,EN,EU,,"Agenzia UE sicurezza aerea, AD e certificazioni"
🧩 Settori Specifici,"Marittimo, Aviazione & Trasporti",ENAC,https://www.enac.gov.it,,IT,IT,,Ente nazionale aviazione civile
🧩 Settori Specifici,"Marittimo, Aviazione & Trasporti",Equasis,https://www.equasis.org,,EN,Globale,,"Profili navi, PSC, gestori — gratuito"
🧩 Settori Specifici,"Marittimo, Aviazione & Trasporti",ESPO,https://www.espo.be,,EN,EU,,Organizzazione porti europei
🧩 Settori Specifici,"Marittimo, Aviazione & Trasporti",FAA,https://www.faa.gov,,EN,US,,"Aviazione civile USA, registro N-number"
🧩 Settori Specifici,"Marittimo, Aviazione & Trasporti",gCaptain,https://gcaptain.com,,EN,Globale,,News marittime
🧩 Settori Specifici,"Marittimo, Aviazione & Trasporti",Hafen Hamburg,https://www.hafen-hamburg.de,,DE/EN,DE,,Porto di Amburgo
🧩 Settori Specifici,"Marittimo, Aviazione & Trasporti",HAROPA Port,https://www.haropaport.com,,FR/EN,FR,,Le Havre-Rouen-Parigi
🧩 Settori Specifici,"Marittimo, Aviazione & Trasporti",Hellenic Shipping News,https://www.hellenicshippingnews.com,,EN,Globale,,Aggregatore news shipping
🧩 Settori Specifici,"Marittimo, Aviazione & Trasporti",IACS,https://iacs.org.uk,,EN,Globale,,Associazione società di classificazione
🧩 Settori Specifici,"Marittimo, Aviazione & Trasporti",IAPH,https://www.iaphworldports.org,,EN,Globale,,Associazione mondiale porti
🧩 Settori Specifici,"Marittimo, Aviazione & Trasporti",IATA,https://www.iata.org,,EN,Globale,,Associazione compagnie aeree
🧩 Settori Specifici,"Marittimo, Aviazione & Trasporti",ICAO,https://www.icao.int,,EN/Multi,Globale,,Organizzazione aviazione civile internazionale
🧩 Settori Specifici,"Marittimo, Aviazione & Trasporti",IMO GISIS,https://gisis.imo.org,,EN,Globale,,"Database navi, incidenti, port facilities IMO"
🧩 Settori Specifici,"Marittimo, Aviazione & Trasporti",KPA — Kenya Ports Authority,https://www.kpa.co.ke,,EN,KE,,Porto di Mombasa
🧩 Settori Specifici,"Marittimo, Aviazione & Trasporti",Liberian Registry (LISCR),https://www.liscr.com,,EN,LR,,Registro navale liberiano
🧩 Settori Specifici,"Marittimo, Aviazione & Trasporti",Lloyd's List,https://www.lloydslist.com,,EN,Globale,,Testata shipping storica (commerciale)
🧩 Settori Specifici,"Marittimo, Aviazione & Trasporti",Lloyd's Register,https://www.lr.org,,EN,Globale,,Società di classificazione
🧩 Settori Specifici,"Marittimo, Aviazione & Trasporti",Marine Department HK,https://www.mardep.gov.hk,,EN/ZH,HK,,Dipartimento marittimo HK
🧩 Settori Specifici,"Marittimo, Aviazione & Trasporti",Marshall Islands Registry (IRI),https://www.register-iri.com,,EN,MH,,Registro navale Isole Marshall
🧩 Settori Specifici,"Marittimo, Aviazione & Trasporti",MPA Singapore,https://www.mpa.gov.sg,,EN,SG,,Autorità marittima e portuale
🧩 Settori Specifici,"Marittimo, Aviazione & Trasporti",Nigerian Ports Authority,https://nigerianports.gov.ng,,EN,NG,,Autorità portuale nigeriana
🧩 Settori Specifici,"Marittimo, Aviazione & Trasporti",OpenSky Network,https://opensky-network.org,,EN,Globale,,Dati ADS-B open per ricerca
🧩 Settori Specifici,"Marittimo, Aviazione & Trasporti",Panama Maritime Authority (AMP),https://amp.gob.pa,,ES/EN,PA,,Registro navale panamense
🧩 Settori Specifici,"Marittimo, Aviazione & Trasporti",Paris MoU,https://parismou.org,,EN,Europa,,"Port State Control, liste bianche/nere bandiere"
🧩 Settori Specifici,"Marittimo, Aviazione & Trasporti",Piraeus Port Authority,https://www.olp.gr,,EL/EN,GR,,Porto del Pireo (COSCO)
🧩 Settori Specifici,"Marittimo, Aviazione & Trasporti",Planespotters,https://www.planespotters.net,,EN,Globale,,Database flotte e storia aeromobili
🧩 Settori Specifici,"Marittimo, Aviazione & Trasporti",Port Authority NY & NJ,https://www.panynj.gov,,EN,US,,Autorità portuale NY/NJ
🧩 Settori Specifici,"Marittimo, Aviazione & Trasporti",Port of Antwerp-Bruges,https://www.portofantwerpbruges.com,,NL/EN,BE,,Porto di Anversa-Bruges
🧩 Settori Specifici,"Marittimo, Aviazione & Trasporti",Port of Long Beach,https://polb.com,,EN,US,,Porto di Long Beach
🧩 Settori Specifici,"Marittimo, Aviazione & Trasporti",Port of Los Angeles,https://www.portoflosangeles.org,,EN,US,,Primo porto container USA
🧩 Settori Specifici,"Marittimo, Aviazione & Trasporti",Port of Rotterdam,https://www.portofrotterdam.com,,NL/EN,NL,,Primo porto europeo
🧩 Settori Specifici,"Marittimo, Aviazione & Trasporti",Ports of Genoa,https://www.portsofgenoa.com,,IT/EN,IT,,AdSP Mar Ligure Occidentale
🧩 Settori Specifici,"Marittimo, Aviazione & Trasporti",Splash247,https://splash247.com,,EN,Globale,,News shipping indipendente
🧩 Settori Specifici,"Marittimo, Aviazione & Trasporti",Tanger Med,https://www.tangermed.ma,,FR/EN,MA,,Primo porto africano
🧩 Settori Specifici,"Marittimo, Aviazione & Trasporti",The Aviation Herald,https://avherald.com,,EN,Globale,,Incidenti e occorrenze aviazione
🧩 Settori Specifici,"Marittimo, Aviazione & Trasporti",The Maritime Executive,https://maritime-executive.com,,EN,Globale,,News e analisi marittime
🧩 Settori Specifici,"Marittimo, Aviazione & Trasporti",Tokyo MoU,https://www.tokyo-mou.org,,EN,Asia-Pacifico,,Port State Control Asia-Pacifico
🧩 Settori Specifici,"Marittimo, Aviazione & Trasporti",TradeWinds,https://www.tradewindsnews.com,,EN,Globale,,News shipping
🧩 Settori Specifici,"Marittimo, Aviazione & Trasporti",Transnet,https://www.transnet.net,,EN,ZA,,Porti e ferrovie sudafricani
🧩 Settori Specifici,"Marittimo, Aviazione & Trasporti",UK CAA,https://www.caa.co.uk,,EN,GB,,"Aviazione civile britannica, registro G-INFO"
🧩 Settori Specifici,"Marittimo, Aviazione & Trasporti",USCG PSIX,https://cgmix.uscg.mil,,EN,US,,Database ispezioni navi US Coast Guard
🧩 Settori Specifici,"Marittimo, Aviazione & Trasporti",Valenciaport,https://www.valenciaport.com,,ES/EN,ES,,Porto di Valencia
🧩 Settori Specifici,Energia & Materie Prime,ACER,https://www.acer.europa.eu,,EN,EU,,Agenzia UE cooperazione regolatori energia
🧩 Settori Specifici,Energia & Materie Prime,AEMO,https://aemo.com.au,,EN,AU,,Operatore mercato energia australiano
🧩 Settori Specifici,Energia & Materie Prime,ANP — Agência Nacional do Petróleo,https://www.gov.br/anp,,PT,BR,,Regolatore petrolio e gas brasiliano
🧩 Settori Specifici,Energia & Materie Prime,ARERA,https://www.arera.it,,IT,IT,,"Autorità energia, reti e ambiente italiana"
🧩 Settori Specifici,Energia & Materie Prime,Argus Media,https://www.argusmedia.com,,EN,Globale,,Price reporting agency (commerciale)
🧩 Settori Specifici,Energia & Materie Prime,Bundesnetzagentur,https://www.bundesnetzagentur.de,,DE/EN,DE,,Regolatore reti tedesco
🧩 Settori Specifici,Energia & Materie Prime,CER — Canada Energy Regulator,https://www.cer-rec.gc.ca,,EN/FR,CA,,Regolatore energia canadese
🧩 Settori Specifici,Energia & Materie Prime,CNMC,https://www.cnmc.es,,ES,ES,,Regolatore mercati e concorrenza spagnolo
🧩 Settori Specifici,Energia & Materie Prime,CRE — Commission de régulation de l'énergie,https://www.cre.fr,,FR,FR,,Regolatore energia francese
🧩 Settori Specifici,Energia & Materie Prime,EITI,https://eiti.org,,EN,Globale,,Trasparenza industrie estrattive
🧩 Settori Specifici,Energia & Materie Prime,Ember,https://ember-energy.org,,EN,Globale,,Dati elettricità e transizione
🧩 Settori Specifici,Energia & Materie Prime,Energy Intelligence,https://www.energyintel.com,,EN,Globale,,Analisi settore energia (commerciale)
🧩 Settori Specifici,Energia & Materie Prime,ENTSO-E,https://www.entsoe.eu,,EN,EU,,"Rete elettrica europea, transparency platform"
🧩 Settori Specifici,Energia & Materie Prime,ENTSOG,https://www.entsog.eu,,EN,EU,,Rete gas europea
🧩 Settori Specifici,Energia & Materie Prime,EUROFER,https://www.eurofer.eu,,EN,EU,,Acciaio europeo
🧩 Settori Specifici,Energia & Materie Prime,Federacciai,https://federacciai.it,,IT,IT,,Acciaio italiano
🧩 Settori Specifici,Energia & Materie Prime,FERC,https://www.ferc.gov,,EN,US,,Regolatore federale energia USA
🧩 Settori Specifici,Energia & Materie Prime,GIE — Gas Infrastructure Europe,https://www.gie.eu,,EN,EU,,Stoccaggi gas (AGSI) e terminali GNL (ALSI)
🧩 Settori Specifici,Energia & Materie Prime,GIIGNL,https://giignl.org,,EN,Globale,,"Importatori GNL, report annuale"
🧩 Settori Specifici,Energia & Materie Prime,Global Energy Monitor,https://globalenergymonitor.org,,EN,Globale,,"Tracker centrali, gasdotti, carbone"
🧩 Settori Specifici,Energia & Materie Prime,IAEA,https://www.iaea.org,,EN,Globale,,Agenzia internazionale energia atomica
🧩 Settori Specifici,Energia & Materie Prime,ICCO — International Cocoa Organization,https://www.icco.org,,EN,Globale,,"Cacao, statistiche"
🧩 Settori Specifici,Energia & Materie Prime,ICMM,https://www.icmm.com,,EN,Globale,,Consiglio internazionale miniere e metalli
🧩 Settori Specifici,Energia & Materie Prime,ICO — International Coffee Organization,https://ico.org,,EN,Globale,,"Caffè, statistiche"
🧩 Settori Specifici,Energia & Materie Prime,ICSG — International Copper Study Group,https://icsg.org,,EN,Globale,,"Rame, dati mondiali"
🧩 Settori Specifici,Energia & Materie Prime,IGU — International Gas Union,https://www.igu.org,,EN,Globale,,"Unione internazionale gas, World LNG Report"
🧩 Settori Specifici,Energia & Materie Prime,International Aluminium Institute,https://international-aluminium.org,,EN,Globale,,"Alluminio, statistiche"
🧩 Settori Specifici,Energia & Materie Prime,IRENA,https://www.irena.org,,EN,Globale,,Agenzia internazionale rinnovabili
🧩 Settori Specifici,Energia & Materie Prime,ISO — International Sugar Organization,https://www.isosugar.org,,EN,Globale,,"Zucchero, dati mondiali"
🧩 Settori Specifici,Energia & Materie Prime,JODI — Joint Organisations Data Initiative,https://www.jodidata.org,,EN,Globale,,Database mondiale petrolio e gas
🧩 Settori Specifici,Energia & Materie Prime,Kpler,https://www.kpler.com,,EN,Globale,,Tracking cargo e flussi commodity (commerciale)
🧩 Settori Specifici,Energia & Materie Prime,LME — London Metal Exchange,https://www.lme.com,,EN,GB,,"Borsa metalli, prezzi di riferimento"
🧩 Settori Specifici,Energia & Materie Prime,Mining Weekly,https://www.miningweekly.com,,EN,Globale,,News minerario (Creamer Media)
🧩 Settori Specifici,Energia & Materie Prime,Mining.com,https://www.mining.com,,EN,Globale,,News settore minerario
🧩 Settori Specifici,Energia & Materie Prime,NERC,https://www.nerc.com,,EN,US,,Affidabilità rete elettrica nordamericana
🧩 Settori Specifici,Energia & Materie Prime,NERSA,https://www.nersa.org.za,,EN,ZA,,Regolatore energia sudafricano
🧩 Settori Specifici,Energia & Materie Prime,NRGI — Natural Resource Governance Institute,https://resourcegovernance.org,,EN,Globale,,Governance risorse naturali
🧩 Settori Specifici,Energia & Materie Prime,NUPRC,https://www.nuprc.gov.ng,,EN,NG,,Regolatore upstream nigeriano
🧩 Settori Specifici,Energia & Materie Prime,Ofgem,https://www.ofgem.gov.uk,,EN,GB,,Regolatore energia britannico
🧩 Settori Specifici,Energia & Materie Prime,OilPrice.com,https://oilprice.com,,EN,Globale,,News e prezzi energia
🧩 Settori Specifici,Energia & Materie Prime,OPEC,https://www.opec.org,,EN,Globale,,"Organizzazione Paesi esportatori petrolio, MOMR"
🧩 Settori Specifici,Energia & Materie Prime,pv magazine,https://www.pv-magazine.com,,EN,Globale,,News fotovoltaico
🧩 Settori Specifici,Energia & Materie Prime,Recharge,https://www.rechargenews.com,,EN,Globale,,News rinnovabili
🧩 Settori Specifici,Energia & Materie Prime,Rystad Energy,https://www.rystadenergy.com,,EN,Globale,,Ricerca energia (commerciale)
🧩 Settori Specifici,Energia & Materie Prime,Upstream,https://www.upstreamonline.com,,EN,Globale,,News oil & gas
🧩 Settori Specifici,Energia & Materie Prime,USGS Mineral Resources,https://www.usgs.gov/programs/mineral-resources-program,,EN,US,,Commodity summaries minerali
🧩 Settori Specifici,Energia & Materie Prime,WNA — World Nuclear Association,https://world-nuclear.org,,EN,Globale,,Database reattori e ciclo combustibile
🧩 Settori Specifici,Energia & Materie Prime,Wood Mackenzie,https://www.woodmac.com,,EN,Globale,,Ricerca energia e materie prime (commerciale)
🧩 Settori Specifici,Energia & Materie Prime,World Nuclear News,https://www.world-nuclear-news.org,,EN,Globale,,News nucleare
🧩 Settori Specifici,Energia & Materie Prime,worldsteel,https://worldsteel.org,,EN,Globale,,"Associazione mondiale acciaio, dati produzione"
🧩 Settori Specifici,Salute & Regolatori Farmaceutici,AEMPS,https://www.aemps.gob.es,,ES,ES,,Regolatore farmaci spagnolo
🧩 Settori Specifici,Salute & Regolatori Farmaceutici,Africa CDC,https://africacdc.org,,EN/FR,Africa,,Centro africano controllo malattie
🧩 Settori Specifici,Salute & Regolatori Farmaceutici,AIFA,https://www.aifa.gov.it,,IT,IT,,Agenzia italiana del farmaco
🧩 Settori Specifici,Salute & Regolatori Farmaceutici,ANSM,https://ansm.sante.fr,,FR,FR,,Regolatore farmaci francese
🧩 Settori Specifici,Salute & Regolatori Farmaceutici,ANVISA,https://www.gov.br/anvisa,,PT,BR,,Regolatore sanitario brasiliano
🧩 Settori Specifici,Salute & Regolatori Farmaceutici,BfArM,https://www.bfarm.de,,DE/EN,DE,,Regolatore farmaci tedesco
🧩 Settori Specifici,Salute & Regolatori Farmaceutici,CDC — Centers for Disease Control,https://www.cdc.gov,,EN,US,,Centro controllo malattie USA — sorveglianza epidemie
🧩 Settori Specifici,Salute & Regolatori Farmaceutici,CDSCO,https://cdsco.gov.in,,EN,IN,,Regolatore farmaci indiano
🧩 Settori Specifici,Salute & Regolatori Farmaceutici,CEPI — Coalition for Epidemic Preparedness,https://cepi.net,,EN,Globale,,Coalizione preparazione epidemie — vaccini innovativi
🧩 Settori Specifici,Salute & Regolatori Farmaceutici,ECDC,https://www.ecdc.europa.eu,,EN,EU,,Centro europeo controllo malattie
🧩 Settori Specifici,Salute & Regolatori Farmaceutici,EMA — European Medicines Agency,https://www.ema.europa.eu,,EN,EU,,Agenzia europea farmaci
🧩 Settori Specifici,Salute & Regolatori Farmaceutici,FDA — Food and Drug Administration,https://www.fda.gov,,EN,US,,Regolatore farmaci e alimenti USA
🧩 Settori Specifici,Salute & Regolatori Farmaceutici,Gavi,https://www.gavi.org,,EN,Globale,,Alleanza vaccini
🧩 Settori Specifici,Salute & Regolatori Farmaceutici,Global Fund,https://www.theglobalfund.org,,EN,Globale,,Fondo globale AIDS/TB/malaria
🧩 Settori Specifici,Salute & Regolatori Farmaceutici,HPRA,https://www.hpra.ie,,EN,IE,,Regolatore farmaci irlandese
🧩 Settori Specifici,Salute & Regolatori Farmaceutici,INVIMA,https://www.invima.gov.co,,ES,CO,,Regolatore sanitario colombiano
🧩 Settori Specifici,Salute & Regolatori Farmaceutici,IQVIA Institute,https://www.iqvia.com/insights/the-iqvia-institute,,EN,Globale,,Dati mercato farmaceutico e healthcare globale
🧩 Settori Specifici,Salute & Regolatori Farmaceutici,Medsafe,https://www.medsafe.govt.nz,,EN,NZ,,Regolatore farmaci neozelandese
🧩 Settori Specifici,Salute & Regolatori Farmaceutici,MFDS,https://www.mfds.go.kr,,KO/EN,KR,,Regolatore farmaci e alimenti coreano
🧩 Settori Specifici,Salute & Regolatori Farmaceutici,MSF Access Campaign,https://msfaccess.org,,EN,Globale,,Accesso ai farmaci nei Paesi in via di sviluppo
🧩 Settori Specifici,Salute & Regolatori Farmaceutici,NAFDAC,https://www.nafdac.gov.ng,,EN,NG,,Regolatore farmaci e alimenti nigeriano
🧩 Settori Specifici,Salute & Regolatori Farmaceutici,NMPA,https://www.nmpa.gov.cn,,ZH,CN,,Regolatore farmaci cinese
🧩 Settori Specifici,Salute & Regolatori Farmaceutici,PAHO,https://www.paho.org,,EN/ES,Americhe,,Organizzazione panamericana sanità
🧩 Settori Specifici,Salute & Regolatori Farmaceutici,PMDA,https://www.pmda.go.jp,,JA/EN,JP,,Regolatore farmaci giapponese
🧩 Settori Specifici,Salute & Regolatori Farmaceutici,SAHPRA,https://www.sahpra.org.za,,EN,ZA,,Regolatore farmaci sudafricano
🧩 Settori Specifici,Salute & Regolatori Farmaceutici,Swissmedic,https://www.swissmedic.ch,,DE/FR/IT/EN,CH,,Regolatore farmaci svizzero
🧩 Settori Specifici,Salute & Regolatori Farmaceutici,TGA — Therapeutic Goods Administration,https://www.tga.gov.au,,EN,AU,,Regolatore farmaci australiano
🧩 Settori Specifici,Salute & Regolatori Farmaceutici,WHO EMRO,https://www.emro.who.int,,EN/AR,MENA,,Ufficio OMS per il Mediterraneo orientale — dati regionali
🧩 Settori Specifici,Proprietà Intellettuale & Brevetti,ARIPO,https://www.aripo.org,,EN,Africa,,Organizzazione PI africana anglofona
🧩 Settori Specifici,Proprietà Intellettuale & Brevetti,CIPO — Canadian IP Office,https://www.ic.gc.ca/eic/site/cipointernet-internetopic.nsf/eng/home,,EN/FR,CA,,"Ufficio PI Canada — brevetti, marchi, copyright"
🧩 Settori Specifici,Proprietà Intellettuale & Brevetti,DPMA,https://www.dpma.de,,DE/EN,DE,,Ufficio brevetti tedesco
🧩 Settori Specifici,Proprietà Intellettuale & Brevetti,EPO — European Patent Office,https://www.epo.org,,EN/DE/FR,Europa,,Ufficio brevetti europeo
🧩 Settori Specifici,Proprietà Intellettuale & Brevetti,Espacenet,https://worldwide.espacenet.com,,EN,Globale,,Ricerca brevetti mondiale (EPO)
🧩 Settori Specifici,Proprietà Intellettuale & Brevetti,EUIPO,https://www.euipo.europa.eu,,EN/Multi,EU,,Marchi e design UE
🧩 Settori Specifici,Proprietà Intellettuale & Brevetti,Google Patents,https://patents.google.com,,EN,Globale,,Ricerca brevetti gratuita
🧩 Settori Specifici,Proprietà Intellettuale & Brevetti,HKIPO — Hong Kong IP Department,https://www.ipd.gov.hk,,EN/ZH,HK,,Dipartimento PI Hong Kong
🧩 Settori Specifici,Proprietà Intellettuale & Brevetti,INAPI — Chile,https://www.inapi.cl,,ES,CL,,Istituto nazionale PI Cile
🧩 Settori Specifici,Proprietà Intellettuale & Brevetti,INPI Brasil,https://www.gov.br/inpi,,PT,BR,,Istituto brasiliano proprietà industriale
🧩 Settori Specifici,Proprietà Intellettuale & Brevetti,INPI France,https://www.inpi.fr,,FR,FR,,Istituto francese proprietà industriale
🧩 Settori Specifici,Proprietà Intellettuale & Brevetti,IP Australia,https://www.ipaustralia.gov.au,,EN,AU,,Ufficio PI australiano
🧩 Settori Specifici,Proprietà Intellettuale & Brevetti,IP India,https://ipindia.gov.in,,EN,IN,,Ufficio brevetti indiano
🧩 Settori Specifici,Proprietà Intellettuale & Brevetti,IPOS — Singapore IP Office,https://www.ipos.gov.sg,,EN,SG,,Ufficio PI Singapore
🧩 Settori Specifici,Proprietà Intellettuale & Brevetti,JPO — Japan Patent Office,https://www.jpo.go.jp,,JA/EN,JP,,Ufficio brevetti giapponese
🧩 Settori Specifici,Proprietà Intellettuale & Brevetti,KIPO,https://www.kipo.go.kr,,KO/EN,KR,,Ufficio brevetti coreano
🧩 Settori Specifici,Proprietà Intellettuale & Brevetti,OAPI,https://oapi.int,,FR,Africa,,Organizzazione PI africana francofona
🧩 Settori Specifici,Proprietà Intellettuale & Brevetti,OEPM,https://www.oepm.es,,ES,ES,,Ufficio brevetti spagnolo
🧩 Settori Specifici,Proprietà Intellettuale & Brevetti,PatSnap,https://www.patsnap.com,,EN,Globale,,Piattaforma analisi brevetti e innovazione (Freemium)
🧩 Settori Specifici,Proprietà Intellettuale & Brevetti,Rospatent,https://rospatent.gov.ru,,RU,RU,,Ufficio brevetti russo
🧩 Settori Specifici,Proprietà Intellettuale & Brevetti,SAIP — Saudi IP Authority,https://www.saip.gov.sa,,AR/EN,SA,,Autorità PI Arabia Saudita
🧩 Settori Specifici,Proprietà Intellettuale & Brevetti,The Lens,https://www.lens.org,,EN,Globale,,Brevetti e letteratura scientifica open
🧩 Settori Specifici,Proprietà Intellettuale & Brevetti,UIBM,https://uibm.mise.gov.it,,IT,IT,,Ufficio italiano brevetti e marchi
🧩 Settori Specifici,Proprietà Intellettuale & Brevetti,USPTO,https://www.uspto.gov,,EN,US,,Ufficio brevetti e marchi USA
🧩 Settori Specifici,Proprietà Intellettuale & Brevetti,WIPO GOLD — IP Statistics,https://www.wipo.int/ipstats,,EN,Globale,,Statistiche PI globali per Paese — WIPO
🧩 Settori Specifici,Standard & Normazione Tecnica,AENOR — Spain Standards,https://www.aenor.com,,ES,ES,,Ente normazione spagnolo — standard UNE
🧩 Settori Specifici,Standard & Normazione Tecnica,AFNOR,https://www.afnor.org,,FR,FR,,Ente normazione francese
🧩 Settori Specifici,Standard & Normazione Tecnica,ANSI,https://www.ansi.org,,EN,US,,Istituto standard americano
🧩 Settori Specifici,Standard & Normazione Tecnica,ASTM International,https://www.astm.org,,EN,Globale,,Standard tecnici internazionali
🧩 Settori Specifici,Standard & Normazione Tecnica,BSI Group,https://www.bsigroup.com,,EN,GB,,Ente normazione britannico
🧩 Settori Specifici,Standard & Normazione Tecnica,CEN-CENELEC,https://www.cencenelec.eu,,EN,EU,,Normazione europea
🧩 Settori Specifici,Standard & Normazione Tecnica,DIN,https://www.din.de,,DE/EN,DE,,Ente normazione tedesco
🧩 Settori Specifici,Standard & Normazione Tecnica,ETSI,https://www.etsi.org,,EN,EU,,Standard telecomunicazioni europei
🧩 Settori Specifici,Standard & Normazione Tecnica,GOST — Russia Standards,https://www.gost.ru,,RU,RU,,Sistema normativo russo — standard GOST
🧩 Settori Specifici,Standard & Normazione Tecnica,IEC,https://www.iec.ch,,EN,Globale,,Commissione elettrotecnica internazionale
🧩 Settori Specifici,Standard & Normazione Tecnica,IEEE Standards Association,https://standards.ieee.org,,EN,Globale,,"Standard IEEE (802.x, etc.)"
🧩 Settori Specifici,Standard & Normazione Tecnica,IETF,https://www.ietf.org,,EN,Globale,,Standard protocolli internet (RFC)
🧩 Settori Specifici,Standard & Normazione Tecnica,ISO,https://www.iso.org,,EN/FR,Globale,,Organizzazione internazionale normazione
🧩 Settori Specifici,Standard & Normazione Tecnica,JIS — Japanese Industrial Standards,https://www.jisc.go.jp/eng,,EN/JA,JP,,Ente normazione industriale giapponese
🧩 Settori Specifici,Standard & Normazione Tecnica,KATS — Korean Agency Technology Standards,https://www.kats.go.kr,,KO/EN,KR,,Agenzia standard tecnologici Corea del Sud
🧩 Settori Specifici,Standard & Normazione Tecnica,NEN — Netherlands Standardization,https://www.nen.nl,,NL/EN,NL,,Ente normazione olandese — standard NEN
🧩 Settori Specifici,Standard & Normazione Tecnica,NIST — National Institute of Standards,https://www.nist.gov,,EN,US,,Standard tecnici e metrologia USA
🧩 Settori Specifici,Standard & Normazione Tecnica,OASIS Open,https://www.oasis-open.org,,EN,Globale,,"Standard aperti per cloud, IoT, sicurezza"
🧩 Settori Specifici,Standard & Normazione Tecnica,SABS — South African Bureau of Standards,https://www.sabs.co.za,,EN,ZA,,Ufficio standard sudafricano — normazione e certificazione
🧩 Settori Specifici,Standard & Normazione Tecnica,SAC — Standardization Administration China,https://www.sac.gov.cn,,ZH,CN,,Ente normazione nazionale cinese
🧩 Settori Specifici,Standard & Normazione Tecnica,SIS — Swedish Institute for Standards,https://www.sis.se,,SV/EN,SE,,Istituto svedese per gli standard tecnici
🧩 Settori Specifici,Standard & Normazione Tecnica,SNV — Swiss Standards,https://www.snv.ch,,DE/FR/EN,CH,,Associazione svizzera normazione
🧩 Settori Specifici,Standard & Normazione Tecnica,UNI,https://www.uni.com,,IT,IT,,Ente italiano di normazione
🧩 Settori Specifici,Antitrust & Concorrenza,ACCC,https://www.accc.gov.au,,EN,AU,,Antitrust e consumatori australiano
🧩 Settori Specifici,Antitrust & Concorrenza,ACM — Autoriteit Consument & Markt,https://www.acm.nl,,NL/EN,NL,,Antitrust e consumatori olandese
🧩 Settori Specifici,Antitrust & Concorrenza,Autorité de la concurrence,https://www.autoritedelaconcurrence.fr,,FR/EN,FR,,Antitrust francese
🧩 Settori Specifici,Antitrust & Concorrenza,Bundeskartellamt,https://www.bundeskartellamt.de,,DE/EN,DE,,Antitrust tedesco
🧩 Settori Specifici,Antitrust & Concorrenza,CADE,https://www.gov.br/cade,,PT,BR,,Antitrust brasiliano
🧩 Settori Specifici,Antitrust & Concorrenza,CCCS Singapore,https://www.cccs.gov.sg,,EN,SG,,Concorrenza e consumatori Singapore
🧩 Settori Specifici,Antitrust & Concorrenza,CMA — Competition & Markets Authority,https://www.gov.uk/government/organisations/competition-and-markets-authority,,EN,GB,,Autorità concorrenza UK — decisioni e indagini
🧩 Settori Specifici,Antitrust & Concorrenza,COFECE,https://www.cofece.mx,,ES,MX,,Antitrust messicano
🧩 Settori Specifici,Antitrust & Concorrenza,Commerce Commission NZ,https://comcom.govt.nz,,EN,NZ,,Antitrust neozelandese
🧩 Settori Specifici,Antitrust & Concorrenza,Competition Bureau Canada,https://competition-bureau.canada.ca,,EN/FR,CA,,Antitrust canadese
🧩 Settori Specifici,Antitrust & Concorrenza,Competition Commission HK,https://www.compcomm.hk,,EN/ZH,HK,,Antitrust di Hong Kong
🧩 Settori Specifici,Antitrust & Concorrenza,Competition Commission SA,https://www.compcom.co.za,,EN,ZA,,Antitrust sudafricano
🧩 Settori Specifici,Antitrust & Concorrenza,DG COMP — Commissione Europea,https://competition-policy.ec.europa.eu,,EN,EU,,"Direzione concorrenza UE, casi e decisioni"
🧩 Settori Specifici,Antitrust & Concorrenza,DOJ Antitrust Division,https://www.justice.gov/atr,,EN,US,,Divisione antitrust DOJ USA — casi e procedimenti
🧩 Settori Specifici,Antitrust & Concorrenza,FAS Russia,https://fas.gov.ru,,RU,RU,,Servizio federale antimonopolio
🧩 Settori Specifici,Antitrust & Concorrenza,FNE — Fiscalía Nacional Económica,https://www.fne.gob.cl,,ES,CL,,Antitrust cileno
🧩 Settori Specifici,Antitrust & Concorrenza,FTC — Federal Trade Commission,https://www.ftc.gov,,EN,US,,Commissione federale commercio USA — antitrust e consumer
🧩 Settori Specifici,Antitrust & Concorrenza,GVH — Hungarian Competition Authority,https://www.gvh.hu,,HU/EN,HU,,Autorità concorrenza ungherese
🧩 Settori Specifici,Antitrust & Concorrenza,ICN — International Competition Network,https://www.internationalcompetitionnetwork.org,,EN,Globale,,Rete autorità concorrenza
🧩 Settori Specifici,Antitrust & Concorrenza,JFTC — Japan Fair Trade Commission,https://www.jftc.go.jp,,JA/EN,JP,,Antitrust giapponese
🧩 Settori Specifici,Antitrust & Concorrenza,KFTC — Korea Fair Trade Commission,https://www.ftc.go.kr,,KO/EN,KR,,Antitrust coreano
🧩 Settori Specifici,Antitrust & Concorrenza,KPPU Indonesia,https://kppu.go.id,,ID,ID,,Antitrust indonesiano
🧩 Settori Specifici,Antitrust & Concorrenza,OECD Competition,https://www.oecd.org/competition,,EN,Globale,,Policy e analisi concorrenza OCSE — database decisioni
🧩 Settori Specifici,Antitrust & Concorrenza,Rekabet Kurumu,https://www.rekabet.gov.tr,,TR/EN,TR,,Antitrust turco
🧩 Settori Specifici,Antitrust & Concorrenza,SAMR,https://www.samr.gov.cn,,ZH,CN,,Regolazione mercato cinese (antitrust)
🧩 Settori Specifici,Antitrust & Concorrenza,SIC Colombia,https://www.sic.gov.co,,ES,CO,,Superintendencia Industria y Comercio
🧩 Settori Specifici,Antitrust & Concorrenza,TFTC Taiwan,https://www.ftc.gov.tw,,ZH/EN,TW,,Fair Trade Commission taiwanese
🧩 Settori Specifici,Agenzie Fiscali & Entrate,AEAT — Agencia Tributaria,https://www.agenciatributaria.es,,ES,ES,,Fisco spagnolo
🧩 Settori Specifici,Agenzie Fiscali & Entrate,Agenzia delle Entrate,https://www.agenziaentrate.gov.it,,IT,IT,,Agenzia fiscale italiana (e catasto)
🧩 Settori Specifici,Agenzie Fiscali & Entrate,ARCA (ex AFIP),https://www.arca.gob.ar,,ES,AR,,Fisco argentino
🧩 Settori Specifici,Agenzie Fiscali & Entrate,ATO — Australian Taxation Office,https://www.ato.gov.au,,EN,AU,,Fisco australiano
🧩 Settori Specifici,Agenzie Fiscali & Entrate,Belastingdienst,https://www.belastingdienst.nl,,NL,NL,,Fisco olandese
🧩 Settori Specifici,Agenzie Fiscali & Entrate,BZSt,https://www.bzst.de,,DE/EN,DE,,Ufficio federale tributi tedesco
🧩 Settori Specifici,Agenzie Fiscali & Entrate,DGFiP — Impots.gouv.fr,https://www.impots.gouv.fr,,FR,FR,,Fisco francese
🧩 Settori Specifici,Agenzie Fiscali & Entrate,DIAN Colombia,https://www.dian.gov.co,,ES,CO,,Fisco e dogane colombiano
🧩 Settori Specifici,Agenzie Fiscali & Entrate,FIRS Nigeria,https://www.firs.gov.ng,,EN,NG,,Fisco nigeriano
🧩 Settori Specifici,Agenzie Fiscali & Entrate,FTA UAE,https://tax.gov.ae,,AR/EN,AE,,Fisco emiratino
🧩 Settori Specifici,Agenzie Fiscali & Entrate,FTS — Nalog.gov.ru,https://www.nalog.gov.ru,,RU,RU,,Fisco russo (anche EGRUL)
🧩 Settori Specifici,Agenzie Fiscali & Entrate,GIB Turkey,https://www.gib.gov.tr,,TR,TR,,Fisco turco
🧩 Settori Specifici,Agenzie Fiscali & Entrate,Income Tax Department (India),https://www.incometax.gov.in,,EN/HI,IN,,Fisco indiano
🧩 Settori Specifici,Agenzie Fiscali & Entrate,Inland Revenue NZ,https://www.ird.govt.nz,,EN,NZ,,Fisco neozelandese
🧩 Settori Specifici,Agenzie Fiscali & Entrate,IOTA,https://www.iota-tax.org,,EN,Europa,,Organizzazione amministrazioni fiscali europee
🧩 Settori Specifici,Agenzie Fiscali & Entrate,IRAS Singapore,https://www.iras.gov.sg,,EN,SG,,Fisco di Singapore
🧩 Settori Specifici,Agenzie Fiscali & Entrate,IRS,https://www.irs.gov,,EN,US,,Internal Revenue Service
🧩 Settori Specifici,Agenzie Fiscali & Entrate,LHDN — Hasil Malaysia,https://www.hasil.gov.my,,MS/EN,MY,,Fisco malese
🧩 Settori Specifici,Agenzie Fiscali & Entrate,NTA — National Tax Agency,https://www.nta.go.jp,,JA/EN,JP,,Fisco giapponese
🧩 Settori Specifici,Agenzie Fiscali & Entrate,NTS Korea,https://www.nts.go.kr,,KO/EN,KR,,Fisco coreano
🧩 Settori Specifici,Agenzie Fiscali & Entrate,Receita Federal,https://www.gov.br/receitafederal,,PT,BR,,Fisco brasiliano (CNPJ/CPF)
🧩 Settori Specifici,Agenzie Fiscali & Entrate,SARS,https://www.sars.gov.za,,EN,ZA,,Fisco sudafricano
🧩 Settori Specifici,Agenzie Fiscali & Entrate,SAT México,https://www.sat.gob.mx,,ES,MX,,Fisco messicano
🧩 Settori Specifici,Agenzie Fiscali & Entrate,Skatteetaten,https://www.skatteetaten.no,,NO/EN,NO,,Fisco norvegese
🧩 Settori Specifici,Agenzie Fiscali & Entrate,Skattestyrelsen,https://skat.dk,,DA,DK,,Fisco danese
🧩 Settori Specifici,Agenzie Fiscali & Entrate,Skatteverket,https://www.skatteverket.se,,SV/EN,SE,,Fisco svedese
🧩 Settori Specifici,Agenzie Fiscali & Entrate,STA — State Taxation Administration,https://www.chinatax.gov.cn,,ZH/EN,CN,,Fisco cinese
🧩 Settori Specifici,Agenzie Fiscali & Entrate,SUNAT,https://www.sunat.gob.pe,,ES,PE,,"Fisco e dogane peruviano, consulta RUC"
🧩 Settori Specifici,Agenzie Fiscali & Entrate,Vero — Verohallinto,https://www.vero.fi,,FI/EN,FI,,Fisco finlandese
🧩 Settori Specifici,Agenzie Fiscali & Entrate,ZATCA,https://zatca.gov.sa,,AR/EN,SA,,Fisco e dogane saudita
🧩 Settori Specifici,Law Enforcement & Giustizia,AFP — Australian Federal Police,https://www.afp.gov.au,,EN,AU,,Polizia federale australiana
🧩 Settori Specifici,Law Enforcement & Giustizia,AustLII,https://www.austlii.edu.au,,EN,AU,,Giurisprudenza australasiatica open
🧩 Settori Specifici,Law Enforcement & Giustizia,BAILII,https://www.bailii.org,,EN,GB/IE,,Giurisprudenza britannica e irlandese open
🧩 Settori Specifici,Law Enforcement & Giustizia,BKA — Bundeskriminalamt,https://www.bka.de,,DE/EN,DE,,Polizia criminale federale tedesca
🧩 Settori Specifici,Law Enforcement & Giustizia,Bundesverfassungsgericht,https://www.bundesverfassungsgericht.de,,DE/EN,DE,,Corte costituzionale tedesca
🧩 Settori Specifici,Law Enforcement & Giustizia,CanLII,https://www.canlii.org,,EN/FR,CA,,Giurisprudenza canadese open
🧩 Settori Specifici,Law Enforcement & Giustizia,CEPOL — EU Law Enforcement Training,https://www.cepol.europa.eu,,EN,EU,,Agenzia formazione polizia UE
🧩 Settori Specifici,Law Enforcement & Giustizia,Conseil constitutionnel,https://www.conseil-constitutionnel.fr,,FR,FR,,Corte costituzionale francese
🧩 Settori Specifici,Law Enforcement & Giustizia,Corte di Cassazione,https://www.cortedicassazione.it,,IT,IT,,"Cassazione italiana, sentenze"
🧩 Settori Specifici,Law Enforcement & Giustizia,CourtListener,https://www.courtlistener.com,,EN,US,,Giurisprudenza USA open (Free Law Project)
🧩 Settori Specifici,Law Enforcement & Giustizia,DEA,https://www.dea.gov,,EN,US,,Drug Enforcement Administration
🧩 Settori Specifici,Law Enforcement & Giustizia,EJTN — European Judicial Training Network,https://www.ejtn.eu,,EN,EU,,Rete formazione giudiziaria europea
🧩 Settori Specifici,Law Enforcement & Giustizia,FBI,https://www.fbi.gov,,EN,US,,"Federal Bureau of Investigation, wanted e crime data"
🧩 Settori Specifici,Law Enforcement & Giustizia,Frontex,https://www.frontex.europa.eu,,EN,EU,,"Agenzia frontiere UE, dati flussi"
🧩 Settori Specifici,Law Enforcement & Giustizia,Indian Kanoon,https://indiankanoon.org,,EN,IN,,Giurisprudenza indiana open
🧩 Settori Specifici,Law Enforcement & Giustizia,Leiden Law Repository,https://scholarlypublications.universiteitleiden.nl,,EN/NL,NL,,Repository diritto internazionale Università di Leiden
🧩 Settori Specifici,Law Enforcement & Giustizia,NCA — National Crime Agency,https://www.nationalcrimeagency.gov.uk,,EN,GB,,"Crimine organizzato UK, SARs"
🧩 Settori Specifici,Law Enforcement & Giustizia,NPA Japan,https://www.npa.go.jp,,JA/EN,JP,,Agenzia nazionale polizia giapponese
🧩 Settori Specifici,Law Enforcement & Giustizia,PACER,https://pacer.uscourts.gov,,EN,US,,Atti giudiziari federali USA
🧩 Settori Specifici,Law Enforcement & Giustizia,Polizia di Stato,https://www.poliziadistato.it,,IT,IT,,Polizia italiana
🧩 Settori Specifici,Law Enforcement & Giustizia,RCMP,https://www.rcmp-grc.gc.ca,,EN/FR,CA,,Polizia federale canadese
🧩 Settori Specifici,Law Enforcement & Giustizia,SAFLII,https://www.saflii.org,,EN,Africa,,Giurisprudenza Africa australe open
🧩 Settori Specifici,Law Enforcement & Giustizia,UK Supreme Court,https://www.supremecourt.uk,,EN,GB,,Corte suprema britannica
🧩 Settori Specifici,Law Enforcement & Giustizia,UNODC Criminal Justice,https://www.unodc.org/unodc/en/justice-and-prison-reform/index.html,,EN,Globale,,Riforma giustizia e sistema penitenziario UNODC
🧩 Settori Specifici,Law Enforcement & Giustizia,US Supreme Court,https://www.supremecourt.gov,,EN,US,,Corte suprema USA
🧩 Settori Specifici,"Spazio, Geoscienze & Meteo",AEMET,https://www.aemet.es,,ES,ES,,Servizio meteo spagnolo
🧩 Settori Specifici,"Spazio, Geoscienze & Meteo",ASI — Agenzia Spaziale Italiana,https://www.asi.it,,IT/EN,IT,,Agenzia spaziale italiana
🧩 Settori Specifici,"Spazio, Geoscienze & Meteo",CNES,https://cnes.fr,,FR/EN,FR,,Agenzia spaziale francese
🧩 Settori Specifici,"Spazio, Geoscienze & Meteo",CNSA,https://www.cnsa.gov.cn,,ZH/EN,CN,,Agenzia spaziale cinese
🧩 Settori Specifici,"Spazio, Geoscienze & Meteo",Copernicus Emergency Management Service,https://emergency.copernicus.eu,,EN,EU,,Monitoraggio emergenze e disastri naturali da satellite
🧩 Settori Specifici,"Spazio, Geoscienze & Meteo",DLR,https://www.dlr.de,,DE/EN,DE,,Agenzia aerospaziale tedesca
🧩 Settori Specifici,"Spazio, Geoscienze & Meteo",DWD — Deutscher Wetterdienst,https://www.dwd.de,,DE/EN,DE,,Servizio meteo tedesco
🧩 Settori Specifici,"Spazio, Geoscienze & Meteo",ECMWF,https://www.ecmwf.int,,EN,Europa,,Centro europeo previsioni medio termine
🧩 Settori Specifici,"Spazio, Geoscienze & Meteo",EMSC,https://www.emsc-csem.org,,EN,Europa,,Centro sismologico euro-mediterraneo
🧩 Settori Specifici,"Spazio, Geoscienze & Meteo",ESA — Earth Observation,https://www.esa.int/Applications/Observing_the_Earth,,EN,Globale,,Osservazione della Terra ESA — missioni e dati
🧩 Settori Specifici,"Spazio, Geoscienze & Meteo",EUMETSAT,https://www.eumetsat.int,,EN,Europa,,Satelliti meteo europei
🧩 Settori Specifici,"Spazio, Geoscienze & Meteo",EUSPA,https://www.euspa.europa.eu,,EN,EU,,Agenzia UE programma spaziale (Galileo)
🧩 Settori Specifici,"Spazio, Geoscienze & Meteo",GDACS,https://www.gdacs.org,,EN,Globale,,Sistema globale allerta disastri (ONU/UE)
🧩 Settori Specifici,"Spazio, Geoscienze & Meteo",GFZ — German Research Centre Geosciences,https://www.gfz-potsdam.de,,EN/DE,DE,,Centro ricerca geoscienze Germania — sismologia e geodesia
🧩 Settori Specifici,"Spazio, Geoscienze & Meteo",Global Volcano Monitor (Smithsonian GVM),https://volcano.si.edu,,EN,Globale,,Database vulcani attivi mondiali — Smithsonian
🧩 Settori Specifici,"Spazio, Geoscienze & Meteo",IRIS — Seismology Data,https://www.iris.edu,,EN,US,,Dati sismologici globali — waveform e stazioni
🧩 Settori Specifici,"Spazio, Geoscienze & Meteo",ISRO,https://www.isro.gov.in,,EN/HI,IN,,Agenzia spaziale indiana
🧩 Settori Specifici,"Spazio, Geoscienze & Meteo",JAXA,https://global.jaxa.jp,,JA/EN,JP,,Agenzia spaziale giapponese
🧩 Settori Specifici,"Spazio, Geoscienze & Meteo",JMA — Japan Meteorological Agency,https://www.jma.go.jp,,JA/EN,JP,,Meteo e sismi Giappone
🧩 Settori Specifici,"Spazio, Geoscienze & Meteo",Met Office,https://www.metoffice.gov.uk,,EN,GB,,Servizio meteo britannico
🧩 Settori Specifici,"Spazio, Geoscienze & Meteo",Météo-France,https://meteofrance.com,,FR,FR,,Servizio meteo francese
🧩 Settori Specifici,"Spazio, Geoscienze & Meteo",NASA — Earthdata,https://earthdata.nasa.gov,,EN,US,,Portale dati osservazione Terra NASA — open access
🧩 Settori Specifici,"Spazio, Geoscienze & Meteo",NOAA NCEI — Climate Data,https://www.ncei.noaa.gov,,EN,US,,Dati climatici e ambientali storici NOAA
🧩 Settori Specifici,"Spazio, Geoscienze & Meteo",Open-Meteo,https://open-meteo.com,,EN,Globale,,API meteorologica open source — dati orari globali
🧩 Settori Specifici,"Spazio, Geoscienze & Meteo",Roscosmos,https://www.roscosmos.ru,,RU,RU,,Agenzia spaziale russa
🧩 Settori Specifici,"Spazio, Geoscienze & Meteo",Servizio Meteo AM,https://www.meteoam.it,,IT,IT,,Servizio meteorologico Aeronautica Militare
🧩 Settori Specifici,"Spazio, Geoscienze & Meteo",SpaceX — Launch Manifests,https://www.spacex.com/launches,,EN,US,,Schedula missioni e manifesti lanci SpaceX
🧩 Settori Specifici,"Spazio, Geoscienze & Meteo",UNOOSA,https://www.unoosa.org,,EN,Globale,,"Ufficio ONU affari spaziali, registro oggetti"
🧩 Settori Specifici,"Spazio, Geoscienze & Meteo",USGS Earthquakes,https://earthquake.usgs.gov,,EN,Globale,,Monitoraggio sismico mondiale USGS
🧩 Settori Specifici,"Spazio, Geoscienze & Meteo",USGS — National Map,https://www.usgs.gov/programs/national-geospatial-program/national-map,,EN,US,,Mappa nazionale USA — dati topografici e geospaziali USGS
🧩 Settori Specifici,"Spazio, Geoscienze & Meteo",WMO,https://wmo.int,,EN,Globale,,Organizzazione meteorologica mondiale
🧩 Settori Specifici,"Archivi, Biblioteche & Patrimonio Documentale",Arquivo.pt,https://arquivo.pt,,PT,PT,,Archivio web portoghese — patrimonio digitale nazionale
🧩 Settori Specifici,"Archivi, Biblioteche & Patrimonio Documentale",BNC — Biblioteca Nacional de Colombia,https://www.bibliotecanacional.gov.co,,ES,CO,,Biblioteca nazionale Colombia
🧩 Settori Specifici,"Archivi, Biblioteche & Patrimonio Documentale",BNE — Biblioteca Nacional de España,https://www.bne.es,,ES,ES,,Biblioteca nazionale spagnola
🧩 Settori Specifici,"Archivi, Biblioteche & Patrimonio Documentale",BnF — Bibliothèque nationale de France,https://www.bnf.fr,,FR,FR,,Biblioteca nazionale francese
🧩 Settori Specifici,"Archivi, Biblioteche & Patrimonio Documentale",BNL — Bibliothèque nationale du Luxembourg,https://www.bnl.public.lu,,FR,LU,,Biblioteca nazionale Lussemburgo
🧩 Settori Specifici,"Archivi, Biblioteche & Patrimonio Documentale",British Library,https://www.bl.uk,,EN,GB,,Biblioteca nazionale britannica
🧩 Settori Specifici,"Archivi, Biblioteche & Patrimonio Documentale",Bundesarchiv,https://www.bundesarchiv.de,,DE,DE,,Archivio federale tedesco
🧩 Settori Specifici,"Archivi, Biblioteche & Patrimonio Documentale",DART-Europe E-theses,https://www.dart-europe.org,,EN/Multi,EU,,Database tesi dottorali europee open access
🧩 Settori Specifici,"Archivi, Biblioteche & Patrimonio Documentale",DigiVatLib,https://digi.vatlib.it,,Multi,VA,,Biblioteca Vaticana digitale
🧩 Settori Specifici,"Archivi, Biblioteche & Patrimonio Documentale",DNB — Deutsche Nationalbibliothek,https://www.dnb.de,,DE/EN,DE,,Biblioteca nazionale tedesca
🧩 Settori Specifici,"Archivi, Biblioteche & Patrimonio Documentale",Gallica,https://gallica.bnf.fr,,FR,FR,,Biblioteca digitale BnF
🧩 Settori Specifici,"Archivi, Biblioteche & Patrimonio Documentale",HathiTrust,https://www.hathitrust.org,,EN,Globale,,Biblioteca digitale accademica
🧩 Settori Specifici,"Archivi, Biblioteche & Patrimonio Documentale",ICA — International Council on Archives,https://www.ica.org,,EN/FR,Globale,,Consiglio internazionale archivi
🧩 Settori Specifici,"Archivi, Biblioteche & Patrimonio Documentale",KB — Koninklijke Bibliotheek,https://www.kb.nl,,NL/EN,NL,,Biblioteca nazionale olandese (e Delpher)
🧩 Settori Specifici,"Archivi, Biblioteche & Patrimonio Documentale",Library and Archives Canada,https://library-archives.canada.ca,,EN/FR,CA,,Biblioteca e archivi canadesi
🧩 Settori Specifici,"Archivi, Biblioteche & Patrimonio Documentale",Library of Congress,https://www.loc.gov,,EN,US,,Biblioteca del Congresso
🧩 Settori Specifici,"Archivi, Biblioteche & Patrimonio Documentale",NDL — National Diet Library,https://www.ndl.go.jp,,JA/EN,JP,,Biblioteca della Dieta giapponese
🧩 Settori Specifici,"Archivi, Biblioteche & Patrimonio Documentale",NLM — National Library of Medicine,https://www.nlm.nih.gov,,EN,US,,Biblioteca nazionale di medicina USA
🧩 Settori Specifici,"Archivi, Biblioteche & Patrimonio Documentale",OPAC SBN,https://opac.sbn.it,,IT,IT,,Catalogo collettivo biblioteche italiane
🧩 Settori Specifici,"Archivi, Biblioteche & Patrimonio Documentale",RISM — International Sources of Music,https://rism.info,,EN/DE,Globale,,Database fonti musicali storiche internazionale
🧩 Settori Specifici,"Archivi, Biblioteche & Patrimonio Documentale",SAN — Sistema Archivistico Nazionale,https://san.beniculturali.it,,IT,IT,,Portale archivi di Stato italiani
🧩 Settori Specifici,"Archivi, Biblioteche & Patrimonio Documentale",Trove (NLA),https://trove.nla.gov.au,,EN,AU,,"Archivio digitale australiano, giornali storici"
🧩 Settori Specifici,"Archivi, Biblioteche & Patrimonio Documentale",UK National Archives,https://www.nationalarchives.gov.uk,,EN,GB,,Archivi nazionali britannici
🧩 Settori Specifici,"Archivi, Biblioteche & Patrimonio Documentale",US National Archives (NARA),https://www.archives.gov,,EN,US,,Archivi nazionali USA
🧩 Settori Specifici,"Archivi, Biblioteche & Patrimonio Documentale",WorldCat,https://search.worldcat.org,,EN,Globale,,Catalogo bibliotecario mondiale (OCLC)
🧩 Settori Specifici,Ricerca Economica & Policy,CBO — Congressional Budget Office,https://www.cbo.gov,,EN,US,,Analisi bilancio Congresso USA
🧩 Settori Specifici,Ricerca Economica & Policy,CEIBS,https://www.ceibs.edu,,EN/ZH,CN,,China Europe International Business School
🧩 Settori Specifici,Ricerca Economica & Policy,CGD — Center for Global Development,https://www.cgdev.org,,EN,US,,"Sviluppo globale, policy"
🧩 Settori Specifici,Ricerca Economica & Policy,CPB Netherlands,https://www.cpb.nl,,NL/EN,NL,,Ufficio analisi politica economica olandese
🧩 Settori Specifici,Ricerca Economica & Policy,Crossref,https://www.crossref.org,,EN,Globale,,Metadati DOI pubblicazioni
🧩 Settori Specifici,Ricerca Economica & Policy,CRS Reports,https://crsreports.congress.gov,,EN,US,,Rapporti Congressional Research Service
🧩 Settori Specifici,Ricerca Economica & Policy,DIW Berlin,https://www.diw.de,,DE/EN,DE,,Istituto tedesco ricerca economica
🧩 Settori Specifici,Ricerca Economica & Policy,ESADE,https://www.esade.edu,,ES/EN,ES,,Business school spagnola
🧩 Settori Specifici,Ricerca Economica & Policy,ETLA,https://www.etla.fi,,FI/EN,FI,,Istituto ricerca economia finlandese
🧩 Settori Specifici,Ricerca Economica & Policy,Europe PMC,https://europepmc.org,,EN,Globale,,Letteratura biomedica open
🧩 Settori Specifici,Ricerca Economica & Policy,GAO — Government Accountability Office,https://www.gao.gov,,EN,US,,Audit federale USA
🧩 Settori Specifici,Ricerca Economica & Policy,HEC Paris,https://www.hec.edu,,FR/EN,FR,,Business school francese
🧩 Settori Specifici,Ricerca Economica & Policy,IE University,https://www.ie.edu,,ES/EN,ES,,Business school spagnola
🧩 Settori Specifici,Ricerca Economica & Policy,IFPRI,https://www.ifpri.org,,EN,Globale,,Ricerca politiche alimentari
🧩 Settori Specifici,Ricerca Economica & Policy,IFS — Institute for Fiscal Studies,https://ifs.org.uk,,EN,GB,,Politica fiscale britannica
🧩 Settori Specifici,Ricerca Economica & Policy,IMD,https://www.imd.org,,EN,CH,,World Competitiveness Ranking
🧩 Settori Specifici,Ricerca Economica & Policy,IMF eLibrary,https://www.elibrary.imf.org,,EN,Globale,,Pubblicazioni e dati FMI
🧩 Settori Specifici,Ricerca Economica & Policy,INSEAD,https://www.insead.edu,,EN,FR/SG,,"Business school, ricerca e indici"
🧩 Settori Specifici,Ricerca Economica & Policy,ISB — Indian School of Business,https://www.isb.edu,,EN,IN,,Business school indiana
🧩 Settori Specifici,Ricerca Economica & Policy,IZA — Institute of Labor Economics,https://www.iza.org,,EN,DE,,"Economia del lavoro, discussion papers"
🧩 Settori Specifici,Ricerca Economica & Policy,Konjunkturinstitutet (NIER),https://www.konj.se,,SV/EN,SE,,Istituto congiunturale svedese
🧩 Settori Specifici,Ricerca Economica & Policy,NIESR,https://www.niesr.ac.uk,,EN,GB,,Istituto nazionale ricerca economica e sociale
🧩 Settori Specifici,Ricerca Economica & Policy,OBR — Office for Budget Responsibility,https://obr.uk,,EN,GB,,Previsioni fiscali indipendenti UK
🧩 Settori Specifici,Ricerca Economica & Policy,ODI,https://odi.org,,EN,GB,,Sviluppo internazionale e politiche
🧩 Settori Specifici,Ricerca Economica & Policy,OFCE,https://www.ofce.sciences-po.fr,,FR,FR,,Osservatorio congiunture economiche Sciences Po
🧩 Settori Specifici,Ricerca Economica & Policy,ORCID,https://orcid.org,,EN,Globale,,Identificativi ricercatori
🧩 Settori Specifici,Ricerca Economica & Policy,Project MUSE,https://muse.jhu.edu,,EN,Globale,,Riviste accademiche umanistiche
🧩 Settori Specifici,Ricerca Economica & Policy,Prometeia,https://www.prometeia.com,,IT/EN,IT,,Ricerca economica e consulenza
🧩 Settori Specifici,Ricerca Economica & Policy,QS Top Universities,https://www.topuniversities.com,,EN,Globale,,Ranking QS
🧩 Settori Specifici,Ricerca Economica & Policy,Resolution Foundation,https://www.resolutionfoundation.org,,EN,GB,,Living standards e lavoro
🧩 Settori Specifici,Ricerca Economica & Policy,Scimago,https://www.scimagojr.com,,EN,Globale,,Ranking riviste e istituzioni
🧩 Settori Specifici,Ricerca Economica & Policy,SDA Bocconi,https://www.sdabocconi.it,,IT/EN,IT,,Business school italiana
🧩 Settori Specifici,Ricerca Economica & Policy,Times Higher Education,https://www.timeshighereducation.com,,EN,Globale,,Ranking e news università
🧩 Settori Specifici,Ricerca Economica & Policy,UNU-WIDER,https://www.wider.unu.edu,,EN,Globale,,Ricerca economia dello sviluppo ONU
🧩 Settori Specifici,Ricerca Economica & Policy,wiiw,https://wiiw.ac.at,,EN,AT,,Studi economici comparati internazionali (Est Europa)
🧩 Settori Specifici,Ricerca Economica & Policy,World Bank Open Knowledge,https://openknowledge.worldbank.org,,EN,Globale,,Repository pubblicazioni Banca Mondiale
🧩 Settori Specifici,Ricerca Economica & Policy,ZEW,https://www.zew.de,,DE/EN,DE,,"Ricerca economica europea, Mannheim"
🧩 Settori Specifici,Telecomunicazioni & Regolatori Media,ACMA,https://www.acma.gov.au,,EN,AU,,Regolatore comunicazioni australiano
🧩 Settori Specifici,Telecomunicazioni & Regolatori Media,ANACOM Portugal,https://www.anacom.pt,,PT,PT,,Autorità nazionale comunicazioni Portogallo
🧩 Settori Specifici,Telecomunicazioni & Regolatori Media,Anatel,https://www.gov.br/anatel,,PT,BR,,Regolatore TLC brasiliano
🧩 Settori Specifici,Telecomunicazioni & Regolatori Media,ARCEP,https://www.arcep.fr,,FR/EN,FR,,Regolatore TLC francese
🧩 Settori Specifici,Telecomunicazioni & Regolatori Media,ARCOM,https://www.arcom.fr,,FR,FR,,Regolatore audiovisivo francese
🧩 Settori Specifici,Telecomunicazioni & Regolatori Media,BEREC,https://www.berec.europa.eu,,EN,EU,,Organismo regolatori TLC europei
🧩 Settori Specifici,Telecomunicazioni & Regolatori Media,BTK Turkey,https://www.btk.gov.tr,,TR,TR,,Regolatore TLC turco
🧩 Settori Specifici,Telecomunicazioni & Regolatori Media,CA Kenya,https://www.ca.go.ke,,EN,KE,,Communications Authority keniota
🧩 Settori Specifici,Telecomunicazioni & Regolatori Media,CRC Colombia,https://www.crcom.gov.co,,ES,CO,,Regolatore comunicazioni colombiano
🧩 Settori Specifici,Telecomunicazioni & Regolatori Media,CRTC,https://crtc.gc.ca,,EN/FR,CA,,Regolatore radiotelevisione e TLC canadese
🧩 Settori Specifici,Telecomunicazioni & Regolatori Media,CST Saudi Arabia,https://www.cst.gov.sa,,AR/EN,SA,,Regolatore TLC e spazio saudita
🧩 Settori Specifici,Telecomunicazioni & Regolatori Media,FCC,https://www.fcc.gov,,EN,US,,Federal Communications Commission
🧩 Settori Specifici,Telecomunicazioni & Regolatori Media,ICASA,https://www.icasa.org.za,,EN,ZA,,Regolatore comunicazioni sudafricano
🧩 Settori Specifici,Telecomunicazioni & Regolatori Media,IFT México,https://www.ift.org.mx,,ES,MX,,Regolatore TLC messicano
🧩 Settori Specifici,Telecomunicazioni & Regolatori Media,IMDA Singapore,https://www.imda.gov.sg,,EN,SG,,Regolatore media e TLC Singapore
🧩 Settori Specifici,Telecomunicazioni & Regolatori Media,ITU Datahub,https://datahub.itu.int,,EN,Globale,,Statistiche ICT per Paese — ITU
🧩 Settori Specifici,Telecomunicazioni & Regolatori Media,KCC Korea,https://www.kcc.go.kr,,KO/EN,KR,,Korea Communications Commission
🧩 Settori Specifici,Telecomunicazioni & Regolatori Media,MIC Japan (Soumu),https://www.soumu.go.jp,,JA/EN,JP,,Ministero comunicazioni giapponese
🧩 Settori Specifici,Telecomunicazioni & Regolatori Media,NCC Nigeria,https://www.ncc.gov.ng,,EN,NG,,Regolatore TLC nigeriano
🧩 Settori Specifici,Telecomunicazioni & Regolatori Media,OFCA Hong Kong,https://www.ofca.gov.hk,,EN/ZH,HK,,Regolatore comunicazioni HK
🧩 Settori Specifici,Telecomunicazioni & Regolatori Media,Ofcom,https://www.ofcom.org.uk,,EN,GB,,Regolatore comunicazioni britannico
🧩 Settori Specifici,Telecomunicazioni & Regolatori Media,RTR,https://www.rtr.at,,DE/EN,AT,,Regolatore TLC e media austriaco
🧩 Settori Specifici,Telecomunicazioni & Regolatori Media,Speedtest Global Index (Ookla),https://www.speedtest.net/global-index,,EN,Globale,,Indice velocità internet per Paese — Ookla
🧩 Settori Specifici,Telecomunicazioni & Regolatori Media,TDRA UAE,https://tdra.gov.ae,,AR/EN,AE,,Regolatore TLC emiratino
🧩 Settori Specifici,Agricoltura & Sicurezza Alimentare,AMIS — Agricultural Market Information System,https://www.amis-outlook.org,,EN,Globale,,Mercati agricoli G20
🧩 Settori Specifici,Agricoltura & Sicurezza Alimentare,CGIAR,https://www.cgiar.org,,EN,Globale,,Rete ricerca agricola internazionale
🧩 Settori Specifici,Agricoltura & Sicurezza Alimentare,Codex Alimentarius,https://www.fao.org/fao-who-codexalimentarius,,EN,Globale,,Standard internazionali sicurezza alimentare FAO/WHO
🧩 Settori Specifici,Agricoltura & Sicurezza Alimentare,EFSA,https://www.efsa.europa.eu,,EN,EU,,Autorità europea sicurezza alimentare
🧩 Settori Specifici,Agricoltura & Sicurezza Alimentare,Embrapa,https://www.embrapa.br,,PT,BR,,Ricerca agricola brasiliana
🧩 Settori Specifici,Agricoltura & Sicurezza Alimentare,EudraSurveillance,https://www.eurosurveillance.org,,EN,EU,,Rivista sorveglianza epidemiologica europea
🧩 Settori Specifici,Agricoltura & Sicurezza Alimentare,FEWS NET,https://fews.net,,EN,Globale,,Allerta precoce carestie (USAID)
🧩 Settori Specifici,Agricoltura & Sicurezza Alimentare,FSA — Food Standards Agency,https://www.food.gov.uk,,EN,GB,,Sicurezza alimentare britannica
🧩 Settori Specifici,Agricoltura & Sicurezza Alimentare,FSANZ,https://www.foodstandards.gov.au,,EN,AU/NZ,,Standard alimentari Australia/NZ
🧩 Settori Specifici,Agricoltura & Sicurezza Alimentare,GFSI — Global Food Safety Initiative,https://www.mygfsi.com,,EN,Globale,,Iniziativa globale sicurezza alimentare — standard
🧩 Settori Specifici,Agricoltura & Sicurezza Alimentare,GODAN — Global Open Data for Agriculture,https://www.godan.info,,EN,Globale,,Dati aperti per agricoltura e nutrizione globale
🧩 Settori Specifici,Agricoltura & Sicurezza Alimentare,ICRISAT,https://www.icrisat.org,,EN,Globale,,Ricerca internazionale colture semiaride tropicali
🧩 Settori Specifici,Agricoltura & Sicurezza Alimentare,IFA — International Fertilizer Association,https://www.fertilizer.org,,EN,Globale,,Dati mercato fertilizzanti globale
🧩 Settori Specifici,Agricoltura & Sicurezza Alimentare,IGC — International Grains Council,https://www.igc.int,,EN,Globale,,Consiglio internazionale cereali
🧩 Settori Specifici,Agricoltura & Sicurezza Alimentare,IIASA — Biodiversity & Natural Resources,https://iiasa.ac.at/programs/biodiversity-natural-resources,,EN,Globale,,Ricerca sistemi agricoli e risorse naturali IIASA
🧩 Settori Specifici,Agricoltura & Sicurezza Alimentare,INRAE,https://www.inrae.fr,,FR/EN,FR,,Ricerca agronomica francese
🧩 Settori Specifici,Agricoltura & Sicurezza Alimentare,IPPC,https://www.ippc.int,,EN,Globale,,Convenzione protezione piante
🧩 Settori Specifici,Agricoltura & Sicurezza Alimentare,IRRI — International Rice Research Institute,https://www.irri.org,,EN,Globale,,Ricerca riso globale — sicurezza alimentare Asia
🧩 Settori Specifici,Agricoltura & Sicurezza Alimentare,MASAF,https://www.masaf.gov.it,,IT,IT,,Ministero agricoltura italiano
🧩 Settori Specifici,Agricoltura & Sicurezza Alimentare,USDA,https://www.usda.gov,,EN,US,,"Dipartimento agricoltura USA, WASDE"
🧩 Settori Specifici,Agricoltura & Sicurezza Alimentare,USDA ERS — Economic Research Service,https://www.ers.usda.gov,,EN,US,,Ricerca economica settore agricolo USA
🧩 Settori Specifici,Agricoltura & Sicurezza Alimentare,Wageningen UR,https://www.wur.nl,,NL/EN,NL,,Università e ricerca agroalimentare
🧩 Settori Specifici,Agricoltura & Sicurezza Alimentare,WAHIS — WOAH Animal Disease Data,https://wahis.woah.org,,EN,Globale,,Database sorveglianza malattie animali WOAH
🧩 Settori Specifici,Agricoltura & Sicurezza Alimentare,WOAH — Organizzazione mondiale sanità animale,https://www.woah.org,,EN/FR,Globale,,"Ex OIE, epidemie animali"
🧩 Settori Specifici,Lavoro & Welfare,AIAS — Formatori Sicurezza Lavoro,https://www.aias.it,,IT,IT,,Formazione sicurezza lavoro Italia
🧩 Settori Specifici,Lavoro & Welfare,Bollettino ADAPT,https://www.bollettinoadapt.it,,IT/EN,IT,,Ricerca e documentazione diritto del lavoro
🧩 Settori Specifici,Lavoro & Welfare,CEDEFOP,https://www.cedefop.europa.eu,,EN,EU,,Centro europeo sviluppo formazione professionale
🧩 Settori Specifici,Lavoro & Welfare,DOL — US Department of Labor,https://www.dol.gov,,EN,US,,Dipartimento lavoro USA
🧩 Settori Specifici,Lavoro & Welfare,EEOC,https://www.eeoc.gov,,EN,US,,Pari opportunità lavoro USA
🧩 Settori Specifici,Lavoro & Welfare,ETUC — European Trade Union Confederation,https://www.etuc.org,,EN/FR,EU,,Confederazione sindacati europei
🧩 Settori Specifici,Lavoro & Welfare,ETUI,https://www.etui.org,,EN,EU,,"Istituto sindacale europeo, ricerca"
🧩 Settori Specifici,Lavoro & Welfare,EU-OSHA,https://osha.europa.eu,,EN,EU,,Salute e sicurezza sul lavoro UE
🧩 Settori Specifici,Lavoro & Welfare,Eurofound,https://www.eurofound.europa.eu,,EN,EU,,Condizioni di vita e lavoro UE
🧩 Settori Specifici,Lavoro & Welfare,Global Deal — Social Dialogue,https://www.theglobaldeal.com,,EN,Globale,,Partenariato globale dialogo sociale e lavoro dignitoso
🧩 Settori Specifici,Lavoro & Welfare,ILO NORMLEX,https://normlex.ilo.org,,EN,Globale,,Convenzioni e raccomandazioni ILO — database
🧩 Settori Specifici,Lavoro & Welfare,ILO — Social Protection Platform,https://www.social-protection.org,,EN,Globale,,Piattaforma dati protezione sociale globale ILO
🧩 Settori Specifici,Lavoro & Welfare,ILO — World Employment & Social Outlook,https://www.ilo.org/global/research/global-reports/weso,,EN,Globale,,Rapporto annuale ILO su occupazione e protezione sociale
🧩 Settori Specifici,Lavoro & Welfare,INAIL,https://www.inail.it,,IT,IT,,"Assicurazione infortuni, dati incidenti"
🧩 Settori Specifici,Lavoro & Welfare,ITUC,https://www.ituc-csi.org,,EN/Multi,Globale,,"Confederazione sindacale internazionale, Global Rights Index"
🧩 Settori Specifici,Lavoro & Welfare,Korea Employment Information Service (KEIS),https://www.keis.or.kr,,KO/EN,KR,,Servizio informazioni lavoro Corea del Sud
🧩 Settori Specifici,Lavoro & Welfare,Ministero del Lavoro,https://www.lavoro.gov.it,,IT,IT,,Politiche del lavoro italiane
🧩 Settori Specifici,Lavoro & Welfare,OECD Better Life Index,https://www.oecdbetterlifeindex.org,,EN,Globale,,Indice OCSE benessere e qualità della vita per Paese
🧩 Settori Specifici,Lavoro & Welfare,OECD Employment,https://www.oecd.org/employment,,EN,Globale,,Dati occupazione e lavoro OCSE
🧩 Settori Specifici,Lavoro & Welfare,OSHA — Occupational Safety and Health Admin.,https://www.osha.gov,,EN,US,,"Sicurezza lavoro USA, ispezioni"
🧩 Settori Specifici,Lavoro & Welfare,Social Protection Global Database (WB),https://www.worldbank.org/en/topic/socialprotection,,EN,Globale,,Banca Mondiale — protezione sociale globale
🧩 Settori Specifici,Lavoro & Welfare,WageIndicator,https://wageindicator.org,,EN/Multi,Globale,,Salari e diritto del lavoro comparato
🧩 Settori Specifici,Difesa & Procurement Pubblico,Acquisti in Rete PA (Consip),https://www.acquistinretepa.it,,IT,IT,,Procurement PA italiana
🧩 Settori Specifici,Difesa & Procurement Pubblico,Airforce Technology,https://www.airforce-technology.com,,EN,Globale,,Sistemi e appalti aeronautica militare
🧩 Settori Specifici,Difesa & Procurement Pubblico,Armada International,https://www.armadaint.com,,EN,Globale,,Rivista internazionale sistemi navali e difesa marina
🧩 Settori Specifici,Difesa & Procurement Pubblico,ASD — AeroSpace and Defence Industries EU,https://www.asd-europe.org,,EN,EU,,Associazione industrie aerospazio e difesa europee
🧩 Settori Specifici,Difesa & Procurement Pubblico,BSDI — Baltic Security Defence Index (ICDS),https://icds.ee,,EN,EE,,Istituto studi difesa e sicurezza baltica
🧩 Settori Specifici,Difesa & Procurement Pubblico,C4ISRNET,https://www.c4isrnet.com,,EN,US,,"News C4ISR — comando, controllo, comunicazioni, intelligence"
🧩 Settori Specifici,Difesa & Procurement Pubblico,DARPA,https://www.darpa.mil,,EN,US,,Ricerca avanzata difesa
🧩 Settori Specifici,Difesa & Procurement Pubblico,Defence24,https://defence24.com,,EN/PL,PL,,Difesa Europa centro-orientale
🧩 Settori Specifici,Difesa & Procurement Pubblico,Defense Acquisition University,https://www.dau.edu,,EN,US,,Università appalti difesa USA — policy e formazione
🧩 Settori Specifici,Difesa & Procurement Pubblico,DSCA,https://www.dsca.mil,,EN,US,,Vendite militari estere (FMS)
🧩 Settori Specifici,Difesa & Procurement Pubblico,EDA — European Defence Agency,https://eda.europa.eu,,EN,EU,,Agenzia europea per la difesa
🧩 Settori Specifici,Difesa & Procurement Pubblico,Ministero della Difesa,https://www.difesa.it,,IT,IT,,Difesa italiana
🧩 Settori Specifici,Difesa & Procurement Pubblico,NATO Support and Procurement Agency (NSPA),https://www.nspa.nato.int,,EN,NATO,,Agenzia supporto e approvvigionamento NATO
🧩 Settori Specifici,Difesa & Procurement Pubblico,Naval News,https://www.navalnews.com,,EN,Globale,,News navali e cantieristica
🧩 Settori Specifici,Difesa & Procurement Pubblico,OCDS — Open Contracting Data Standard,https://standard.open-contracting.org,,EN,Globale,,Standard dati appalti aperti — schema globale
🧩 Settori Specifici,Difesa & Procurement Pubblico,Opentender,https://opentender.eu,,EN,EU,,Dati appalti 33 Paesi europei
🧩 Settori Specifici,Difesa & Procurement Pubblico,PESCO — Permanent Structured Cooperation EU,https://www.pesco.europa.eu,,EN,EU,,Cooperazione strutturata permanente difesa UE
🧩 Settori Specifici,Difesa & Procurement Pubblico,SAM.gov,https://sam.gov,,EN,US,,Appalti federali USA e registro contractor
🧩 Settori Specifici,Difesa & Procurement Pubblico,Shephard Media,https://www.shephardmedia.com,,EN,Globale,,Media difesa specializzati
🧩 Settori Specifici,Difesa & Procurement Pubblico,Spend Network,https://spendnetwork.com,,EN,GB,,Analisi spesa pubblica e contratti governativi
🧩 Settori Specifici,Difesa & Procurement Pubblico,Tenders.gov.au,https://www.tenders.gov.au,,EN,AU,,Bandi gara governo australiano
🧩 Settori Specifici,Difesa & Procurement Pubblico,The War Zone,https://www.twz.com,,EN,Globale,,OSINT militare e aviazione
🧩 Settori Specifici,Difesa & Procurement Pubblico,UNGM — UN Global Marketplace,https://www.ungm.org,,EN,Globale,,Appalti sistema ONU
🧩 Settori Specifici,Difesa & Procurement Pubblico,US Department of Defense,https://www.defense.gov,,EN,US,,"Pentagono, contratti e comunicati"
🧩 Settori Specifici,"Cultura, Arte & Patrimonio",Art Loss Register,https://www.artloss.com,,EN,Globale,,Database opere rubate
🧩 Settori Specifici,"Cultura, Arte & Patrimonio",Artnet News,https://news.artnet.com,,EN,Globale,,Mercato dell'arte e aste
🧩 Settori Specifici,"Cultura, Arte & Patrimonio",Artsy,https://www.artsy.net,,EN,Globale,,Mercato e database arte contemporanea online
🧩 Settori Specifici,"Cultura, Arte & Patrimonio",British Museum,https://www.britishmuseum.org,,EN,GB,,"Museo, collezione digitale"
🧩 Settori Specifici,"Cultura, Arte & Patrimonio",Centre Pompidou,https://www.centrepompidou.fr,,FR/EN,FR,,Museo arte moderna e contemporanea Parigi
🧩 Settori Specifici,"Cultura, Arte & Patrimonio",Europeana Pro,https://pro.europeana.eu,,EN/Multi,EU,,Portale professionale patrimonio digitale europeo
🧩 Settori Specifici,"Cultura, Arte & Patrimonio",Gallerie degli Uffizi,https://www.uffizi.it,,IT/EN,IT,,"Museo, collezioni digitali"
🧩 Settori Specifici,"Cultura, Arte & Patrimonio",Getty Research Institute,https://www.getty.edu/research,,EN,US,,Risorse ricerca storia dell'arte e patrimonio
🧩 Settori Specifici,"Cultura, Arte & Patrimonio",ICCROM,https://www.iccrom.org,,EN,Globale,,Conservazione patrimonio culturale
🧩 Settori Specifici,"Cultura, Arte & Patrimonio",ICOM,https://icom.museum,,EN/FR,Globale,,"Consiglio internazionale musei, Red Lists"
🧩 Settori Specifici,"Cultura, Arte & Patrimonio",ICOMOS,https://www.icomos.org,,EN/FR,Globale,,"Monumenti e siti, patrimonio"
🧩 Settori Specifici,"Cultura, Arte & Patrimonio",INTERPOL — Cultural Heritage Crime,https://www.interpol.int/en/Crimes/Cultural-heritage-crime,,EN,Globale,,INTERPOL furti opere d'arte e crimine culturale
🧩 Settori Specifici,"Cultura, Arte & Patrimonio",Louvre,https://www.louvre.fr,,FR/EN,FR,,"Museo, collezioni online"
🧩 Settori Specifici,"Cultura, Arte & Patrimonio",Ministero della Cultura,https://cultura.gov.it,,IT,IT,,MiC italiano
🧩 Settori Specifici,"Cultura, Arte & Patrimonio",MoMA,https://www.moma.org,,EN,US,,Museum of Modern Art — collezione e archivio online
🧩 Settori Specifici,"Cultura, Arte & Patrimonio",Musei Vaticani,https://www.museivaticani.va,,IT/EN,VA,,Musei Vaticani
🧩 Settori Specifici,"Cultura, Arte & Patrimonio",Museo del Prado,https://www.museodelprado.es,,ES/EN,ES,,"Museo, collezione online"
🧩 Settori Specifici,"Cultura, Arte & Patrimonio",Rijksmuseum,https://www.rijksmuseum.nl,,NL/EN,NL,,"Museo, Rijksstudio open data"
🧩 Settori Specifici,"Cultura, Arte & Patrimonio",Smithsonian,https://www.si.edu,,EN,US,,Rete musei e open access
🧩 Settori Specifici,"Cultura, Arte & Patrimonio",Smithsonian Open Access,https://www.si.edu/openaccess,,EN,US,,Collezioni Smithsonian in open access — 4.5M oggetti digitali
🧩 Settori Specifici,"Cultura, Arte & Patrimonio",Tate,https://www.tate.org.uk,,EN,GB,,Galleria nazionale arte britannica — archivio
🧩 Settori Specifici,"Cultura, Arte & Patrimonio",The Art Newspaper,https://www.theartnewspaper.com,,EN,Globale,,News mondo dell'arte
🧩 Settori Specifici,"Cultura, Arte & Patrimonio",The Met,https://www.metmuseum.org,,EN,US,,"Metropolitan Museum, open access"
🧩 Settori Specifici,"Cultura, Arte & Patrimonio",UNESCO World Heritage,https://whc.unesco.org,,EN/FR,Globale,,Lista patrimonio mondiale UNESCO
🧩 Settori Specifici,"Cultura, Arte & Patrimonio",V&A — Victoria and Albert Museum,https://www.vam.ac.uk,,EN,GB,,Museo arti decorative — collezione online
🧩 Settori Specifici,Sport & Governance Sportiva,FIBA — Basketball,https://www.fiba.basketball,,EN,Globale,,Federazione internazionale pallacanestro
🧩 Settori Specifici,Sport & Governance Sportiva,FIDE — Chess,https://www.fide.com,,EN,Globale,,Federazione internazionale scacchi — governance e rating
🧩 Settori Specifici,Sport & Governance Sportiva,FIFA,https://www.fifa.com,,EN/Multi,Globale,,Federazione calcio mondiale
🧩 Settori Specifici,Sport & Governance Sportiva,FISA — World Rowing,https://worldrowing.com,,EN,Globale,,Federazione internazionale canottaggio
🧩 Settori Specifici,Sport & Governance Sportiva,Football Leaks / EIC,https://www.eic.network,,EN,Globale,,Rete investigativa europea — Football Leaks e oltre
🧩 Settori Specifici,Sport & Governance Sportiva,Front Office Sports,https://frontofficesports.com,,EN,US,,Business dello sport
🧩 Settori Specifici,Sport & Governance Sportiva,GAISF — Federazioni Sportive INT,https://www.gaisf.sport,,EN,Globale,,Federazione ombrello federazioni sportive internazionali
🧩 Settori Specifici,Sport & Governance Sportiva,IBA — Boxing,https://www.iba.sport,,EN,Globale,,Associazione internazionale boxe — governance
🧩 Settori Specifici,Sport & Governance Sportiva,ICSS — International Centre for Sport Security,https://www.theicss.org,,EN,Globale,,Centro internazionale sicurezza nello sport
🧩 Settori Specifici,Sport & Governance Sportiva,Inside the Games,https://www.insidethegames.biz,,EN,Globale,,Politica sportiva e olimpica
🧩 Settori Specifici,Sport & Governance Sportiva,IOC — Olympics,https://olympics.com,,EN/Multi,Globale,,Comitato olimpico internazionale
🧩 Settori Specifici,Sport & Governance Sportiva,ITTF — Table Tennis,https://www.ittf.com,,EN,Globale,,Federazione internazionale tennis tavolo
🧩 Settori Specifici,Sport & Governance Sportiva,Play the Game,https://www.playthegame.org,,EN,Globale,,Governance e integrità sportiva
🧩 Settori Specifici,Sport & Governance Sportiva,SIGA — Sport Integrity Global Alliance,https://siga-sport.com,,EN,Globale,,Alleanza globale integrità sportiva
🧩 Settori Specifici,Sport & Governance Sportiva,SportBusiness,https://www.sportbusiness.com,,EN,Globale,,Industria sportiva (commerciale)
🧩 Settori Specifici,Sport & Governance Sportiva,Sportico,https://www.sportico.com,,EN,US,,Business e valutazioni sportive
🧩 Settori Specifici,Sport & Governance Sportiva,SportRadar Integrity Services,https://www.sportradar.com/services/integrity-services,,EN,Globale,,Integrità sport e match-fixing monitoring
🧩 Settori Specifici,Sport & Governance Sportiva,TAS-CAS,https://www.tas-cas.org,,EN/FR,Globale,,Tribunale arbitrale dello sport
🧩 Settori Specifici,Sport & Governance Sportiva,TAS-CAS — Jurisprudence,https://jurisprudence.tas-cas.org,,EN/FR,Globale,,Decisioni Tribunale arbitrale dello sport
🧩 Settori Specifici,Sport & Governance Sportiva,UCI — Cycling,https://www.uci.org,,EN/FR,Globale,,Unione ciclistica internazionale
🧩 Settori Specifici,Sport & Governance Sportiva,UEFA,https://www.uefa.com,,EN/Multi,Europa,,Calcio europeo
🧩 Settori Specifici,Sport & Governance Sportiva,WA — World Athletics,https://worldathletics.org,,EN,Globale,,Federazione mondiale atletica leggera
🧩 Settori Specifici,Sport & Governance Sportiva,WADA,https://www.wada-ama.org,,EN/FR,Globale,,Agenzia mondiale antidoping
🧩 Settori Specifici,Sport & Governance Sportiva,World Rugby,https://www.world.rugby,,EN,Globale,,Federazione mondiale rugby — governance e regole
🧩 Settori Specifici,Ordini & Associazioni Professionali,ABA — American Bar Association,https://www.americanbar.org,,EN,US,,Ordine avvocati USA
🧩 Settori Specifici,Ordini & Associazioni Professionali,ACCA,https://www.accaglobal.com,,EN,Globale,,Association of Chartered Certified Accountants
🧩 Settori Specifici,Ordini & Associazioni Professionali,AICPA & CIMA,https://www.aicpa-cima.com,,EN,US,,Commercialisti USA
🧩 Settori Specifici,Ordini & Associazioni Professionali,AMA — American Medical Association,https://www.ama-assn.org,,EN,US,,Associazione medica USA
🧩 Settori Specifici,Ordini & Associazioni Professionali,BMA — British Medical Association,https://www.bma.org.uk,,EN,GB,,Associazione medica britannica
🧩 Settori Specifici,Ordini & Associazioni Professionali,Bundesärztekammer,https://www.bundesaerztekammer.de,,DE,DE,,Ordine medici federale tedesco
🧩 Settori Specifici,Ordini & Associazioni Professionali,CA ANZ,https://www.charteredaccountantsanz.com,,EN,AU/NZ,,Chartered accountants Australia/NZ
🧩 Settori Specifici,Ordini & Associazioni Professionali,CCBE,https://www.ccbe.eu,,EN/FR,EU,,Consiglio ordini forensi europei
🧩 Settori Specifici,Ordini & Associazioni Professionali,CNDCEC,https://commercialisti.it,,IT,IT,,Consiglio nazionale commercialisti
🧩 Settori Specifici,Ordini & Associazioni Professionali,CNF — Consiglio Nazionale Forense,https://www.consiglionazionaleforense.it,,IT,IT,,Ordine forense italiano
🧩 Settori Specifici,Ordini & Associazioni Professionali,Consiglio Nazionale del Notariato,https://www.notariato.it,,IT,IT,,Notariato italiano
🧩 Settori Specifici,Ordini & Associazioni Professionali,CPA Canada,https://www.cpacanada.ca,,EN/FR,CA,,Commercialisti canadesi
🧩 Settori Specifici,Ordini & Associazioni Professionali,EFJ — European Federation of Journalists,https://europeanjournalists.org,,EN,EU,,Federazione europea giornalisti
🧩 Settori Specifici,Ordini & Associazioni Professionali,Engineers Australia,https://www.engineersaustralia.org.au,,EN,AU,,Ordine ingegneri australiano
🧩 Settori Specifici,Ordini & Associazioni Professionali,FNOMCeO,https://portale.fnomceo.it,,IT,IT,,Federazione ordini medici italiani
🧩 Settori Specifici,Ordini & Associazioni Professionali,IBA — International Bar Association,https://www.ibanet.org,,EN,Globale,,Associazione internazionale avvocati
🧩 Settori Specifici,Ordini & Associazioni Professionali,ICAEW,https://www.icaew.com,,EN,GB,,Chartered accountants Inghilterra/Galles
🧩 Settori Specifici,Ordini & Associazioni Professionali,ICAI,https://www.icai.org,,EN,IN,,Institute of Chartered Accountants of India
🧩 Settori Specifici,Ordini & Associazioni Professionali,ICE — Institution of Civil Engineers,https://www.ice.org.uk,,EN,GB,,Ingegneri civili britannici
🧩 Settori Specifici,Ordini & Associazioni Professionali,IFAC,https://www.ifac.org,,EN,Globale,,Federazione internazionale commercialisti
🧩 Settori Specifici,Ordini & Associazioni Professionali,NSPE,https://www.nspe.org,,EN,US,,Professional engineers USA
🧩 Settori Specifici,Ordini & Associazioni Professionali,NUJ,https://www.nuj.org.uk,,EN,GB,,Sindacato giornalisti UK/IE
🧩 Settori Specifici,Ordini & Associazioni Professionali,RIBA,https://www.architecture.com,,EN,GB,,Royal Institute of British Architects
🧩 Settori Specifici,Ordini & Associazioni Professionali,The Law Society,https://www.lawsociety.org.uk,,EN,GB,,Ordine solicitor Inghilterra/Galles
🧩 Settori Specifici,Ordini & Associazioni Professionali,UIA — Union Internationale des Architectes,https://www.uia-architectes.org,,EN/FR,Globale,,Unione internazionale architetti
🧩 Settori Specifici,Ordini & Associazioni Professionali,UINL,https://www.uinl.org,,ES/FR/EN,Globale,,Unione internazionale notariato
🧩 Settori Specifici,Ordini & Associazioni Professionali,VDI,https://www.vdi.de,,DE/EN,DE,,Associazione ingegneri tedeschi
🧩 Settori Specifici,Ordini & Associazioni Professionali,WFEO,https://www.wfeo.org,,EN,Globale,,Federazione mondiale organizzazioni ingegneri
🧩 Settori Specifici,Ordini & Associazioni Professionali,WMA — World Medical Association,https://www.wma.net,,EN,Globale,,Associazione medica mondiale
🧩 Settori Specifici,"Fondazioni, Filantropia & Nonprofit",ACNC,https://www.acnc.gov.au,,EN,AU,,Registro charity australiano
🧩 Settori Specifici,"Fondazioni, Filantropia & Nonprofit",Aga Khan Development Network (AKDN),https://www.akdn.org,,EN,Globale,,Rete sviluppo Aga Khan — filantropia Paesi in via di sviluppo
🧩 Settori Specifici,"Fondazioni, Filantropia & Nonprofit",Bloomberg Philanthropies,https://www.bloomberg.org,,EN,Globale,,"Filantropie Bloomberg — salute, ambiente, arte, governance"
🧩 Settori Specifici,"Fondazioni, Filantropia & Nonprofit",CAF — Charities Aid Foundation,https://www.cafonline.org,,EN,GB,,Fondazione supporto filantropia globale
🧩 Settori Specifici,"Fondazioni, Filantropia & Nonprofit",Calouste Gulbenkian Foundation,https://gulbenkian.pt,,PT/EN,PT,,"Fondazione Gulbenkian — arte, scienza, sviluppo"
🧩 Settori Specifici,"Fondazioni, Filantropia & Nonprofit",Candid,https://candid.org,,EN,US,,Database fondazioni e nonprofit (990)
🧩 Settori Specifici,"Fondazioni, Filantropia & Nonprofit",Charities Services NZ,https://www.charities.govt.nz,,EN,NZ,,Registro charity neozelandese
🧩 Settori Specifici,"Fondazioni, Filantropia & Nonprofit",Charity Commission Register,https://register-of-charities.charitycommission.gov.uk,,EN,GB,,Registro charity Inghilterra/Galles
🧩 Settori Specifici,"Fondazioni, Filantropia & Nonprofit",Charity Navigator,https://www.charitynavigator.org,,EN,US,,Rating nonprofit USA
🧩 Settori Specifici,"Fondazioni, Filantropia & Nonprofit",CIVICUS Monitor,https://monitor.civicus.org,,EN,Globale,,Monitor spazio civico per Paese
🧩 Settori Specifici,"Fondazioni, Filantropia & Nonprofit",Compagnia di San Paolo,https://www.compagniadisanpaolo.it,,IT,IT,,Fondazione bancaria torinese
🧩 Settori Specifici,"Fondazioni, Filantropia & Nonprofit",Fondazione Cariplo,https://www.fondazionecariplo.it,,IT,IT,,"Fondazione bancaria, grant"
🧩 Settori Specifici,"Fondazioni, Filantropia & Nonprofit",Fondazione con il Sud,https://www.fondazioneconilsud.it,,IT,IT,,Filantropia e coesione sociale Sud Italia
🧩 Settori Specifici,"Fondazioni, Filantropia & Nonprofit",Ford Foundation,https://www.fordfoundation.org,,EN,Globale,,"Giustizia sociale, grant database"
🧩 Settori Specifici,"Fondazioni, Filantropia & Nonprofit",Gates Foundation,https://www.gatesfoundation.org,,EN,Globale,,"Filantropia salute/sviluppo, Goalkeepers"
🧩 Settori Specifici,"Fondazioni, Filantropia & Nonprofit",GuideStar USA,https://www.guidestar.org,,EN,US,,Database nonprofit USA con trasparenza finanziaria
🧩 Settori Specifici,"Fondazioni, Filantropia & Nonprofit",Hewlett Foundation,https://hewlett.org,,EN,US,,"Filantropia, trasparenza grant"
🧩 Settori Specifici,"Fondazioni, Filantropia & Nonprofit",King Baudouin Foundation,https://www.kbs-frb.be,,FR/NL/EN,BE,,"Fondazione belga, filantropia europea"
🧩 Settori Specifici,"Fondazioni, Filantropia & Nonprofit",MacArthur Foundation,https://www.macfound.org,,EN,US,,"Grant, giustizia, clima"
🧩 Settori Specifici,"Fondazioni, Filantropia & Nonprofit",OSCR,https://www.oscr.org.uk,,EN,GB,,Registro charity scozzese
🧩 Settori Specifici,"Fondazioni, Filantropia & Nonprofit",Philea — Philanthropy Europe,https://philea.eu,,EN,EU,,Associazione europea fondazioni e filantropia
🧩 Settori Specifici,"Fondazioni, Filantropia & Nonprofit",Robert Bosch Stiftung,https://www.bosch-stiftung.de,,DE/EN,DE,,Fondazione tedesca
🧩 Settori Specifici,"Fondazioni, Filantropia & Nonprofit",Rockefeller Foundation,https://www.rockefellerfoundation.org,,EN,Globale,,"Filantropia, resilienza"
🧩 Settori Specifici,"Fondazioni, Filantropia & Nonprofit",Voluntaris,https://www.voluntaris.de,,EN/DE,DE,,Rivista scientifica internazionale volontariato corporate
🧩 Settori Specifici,"Fondazioni, Filantropia & Nonprofit",Wellcome,https://wellcome.org,,EN,GB,,"Ricerca sanitaria, grant"
🧩 Settori Specifici,Promozione Investimenti & Fondi Sovrani,ADIA,https://www.adia.ae,,EN/AR,AE,,Abu Dhabi Investment Authority
🧩 Settori Specifici,Promozione Investimenti & Fondi Sovrani,ApexBrasil,https://apexbrasil.com.br,,PT/EN,BR,,Promozione export brasiliana
🧩 Settori Specifici,Promozione Investimenti & Fondi Sovrani,Austrade,https://www.austrade.gov.au,,EN,AU,,Promozione commercio australiana
🧩 Settori Specifici,Promozione Investimenti & Fondi Sovrani,BKPM — Kementerian Investasi,https://www.bkpm.go.id,,ID/EN,ID,,Ministero investimenti indonesiano
🧩 Settori Specifici,Promozione Investimenti & Fondi Sovrani,BOI Philippines,https://boi.gov.ph,,EN,PH,,Board of Investments filippino
🧩 Settori Specifici,Promozione Investimenti & Fondi Sovrani,Business France,https://www.businessfrance.fr,,FR/EN,FR,,Promozione investimenti francese
🧩 Settori Specifici,Promozione Investimenti & Fondi Sovrani,CIC — China Investment Corporation,http://www.china-inv.cn,,ZH/EN,CN,,Fondo sovrano cinese
🧩 Settori Specifici,Promozione Investimenti & Fondi Sovrani,CzechInvest,https://www.czechinvest.org,,CS/EN,CZ,,Promozione investimenti ceca
🧩 Settori Specifici,Promozione Investimenti & Fondi Sovrani,Enterprise Singapore,https://www.enterprisesg.gov.sg,,EN,SG,,Agenzia imprese di Singapore
🧩 Settori Specifici,Promozione Investimenti & Fondi Sovrani,GIC,https://www.gic.com.sg,,EN,SG,,Fondo sovrano di Singapore
🧩 Settori Specifici,Promozione Investimenti & Fondi Sovrani,GIPC Ghana,https://www.gipc.gov.gh,,EN,GH,,Centro promozione investimenti ghanese
🧩 Settori Specifici,Promozione Investimenti & Fondi Sovrani,GTAI — Germany Trade & Invest,https://www.gtai.de,,DE/EN,DE,,Promozione investimenti tedesca
🧩 Settori Specifici,Promozione Investimenti & Fondi Sovrani,HIPA,https://hipa.hu,,HU/EN,HU,,Agenzia investimenti ungherese
🧩 Settori Specifici,Promozione Investimenti & Fondi Sovrani,ICEX,https://www.icex.es,,ES/EN,ES,,Promozione export/investimenti spagnola
🧩 Settori Specifici,Promozione Investimenti & Fondi Sovrani,IDA Ireland,https://www.idaireland.com,,EN,IE,,Promozione IDE irlandese
🧩 Settori Specifici,Promozione Investimenti & Fondi Sovrani,Invest in Canada,https://www.investcanada.ca,,EN/FR,CA,,Promozione investimenti canadese
🧩 Settori Specifici,Promozione Investimenti & Fondi Sovrani,Invest India,https://www.investindia.gov.in,,EN,IN,,Promozione investimenti indiana
🧩 Settori Specifici,Promozione Investimenti & Fondi Sovrani,Invest Lithuania,https://investlithuania.com,,EN,LT,,Promozione investimenti lituana
🧩 Settori Specifici,Promozione Investimenti & Fondi Sovrani,Invest Qatar,https://www.invest.qa,,EN/AR,QA,,Promozione investimenti qatariota
🧩 Settori Specifici,Promozione Investimenti & Fondi Sovrani,InvestChile,https://investchile.gob.cl,,ES/EN,CL,,Promozione investimenti cilena
🧩 Settori Specifici,Promozione Investimenti & Fondi Sovrani,InvestHK,https://www.investhk.gov.hk,,EN/ZH,HK,,Promozione investimenti HK
🧩 Settori Specifici,Promozione Investimenti & Fondi Sovrani,Invitalia,https://www.invitalia.it,,IT,IT,,Agenzia nazionale investimenti e sviluppo
🧩 Settori Specifici,Promozione Investimenti & Fondi Sovrani,KenInvest,https://www.invest.go.ke,,EN,KE,,Autorità investimenti keniota
🧩 Settori Specifici,Promozione Investimenti & Fondi Sovrani,KOTRA,https://www.kotra.or.kr,,KO/EN,KR,,Promozione commercio coreana
🧩 Settori Specifici,Promozione Investimenti & Fondi Sovrani,MIDA,https://www.mida.gov.my,,EN,MY,,Autorità sviluppo industriale malese
🧩 Settori Specifici,Promozione Investimenti & Fondi Sovrani,Mubadala,https://www.mubadala.com,,EN/AR,AE,,Fondo sovrano di Abu Dhabi
🧩 Settori Specifici,Promozione Investimenti & Fondi Sovrani,NBIM — Norges Bank Investment Management,https://www.nbim.no,,EN,NO,,"Fondo sovrano norvegese, holdings pubbliche"
🧩 Settori Specifici,Promozione Investimenti & Fondi Sovrani,NIPC Nigeria,https://www.nipc.gov.ng,,EN,NG,,Commissione promozione investimenti nigeriana
🧩 Settori Specifici,Promozione Investimenti & Fondi Sovrani,PAIH,https://www.paih.gov.pl,,PL/EN,PL,,Agenzia investimenti polacca
🧩 Settori Specifici,Promozione Investimenti & Fondi Sovrani,PIF — Public Investment Fund,https://www.pif.gov.sa,,AR/EN,SA,,Fondo sovrano saudita
🧩 Settori Specifici,Promozione Investimenti & Fondi Sovrani,ProColombia,https://procolombia.co,,ES/EN,CO,,Promozione investimenti colombiana
🧩 Settori Specifici,Promozione Investimenti & Fondi Sovrani,QIA — Qatar Investment Authority,https://www.qia.qa,,EN/AR,QA,,Fondo sovrano qatariota
🧩 Settori Specifici,Promozione Investimenti & Fondi Sovrani,Temasek,https://www.temasek.com.sg,,EN,SG,,Holding statale di Singapore
🧩 Settori Specifici,Ambiente & Vigilanza Ambientale,ADEME,https://www.ademe.fr,,FR,FR,,Agenzia transizione ecologica francese
🧩 Settori Specifici,Ambiente & Vigilanza Ambientale,CARB — California Air Resources Board,https://ww2.arb.ca.gov,,EN,US,,Regolatore emissioni California — standard riferimento globale
🧩 Settori Specifici,Ambiente & Vigilanza Ambientale,Climate Action Tracker,https://climateactiontracker.org,,EN,Globale,,Monitoraggio impegni climatici per Paese vs. Accordo di Parigi
🧩 Settori Specifici,Ambiente & Vigilanza Ambientale,CREA — Centre for Research on Energy and Clean Air,https://energyandcleanair.org,,EN,Globale,,Ricerca indipendente su inquinamento aria e politiche energetiche
🧩 Settori Specifici,Ambiente & Vigilanza Ambientale,DCCEEW,https://www.dcceew.gov.au,,EN,AU,,"Clima, energia e ambiente australiano"
🧩 Settori Specifici,Ambiente & Vigilanza Ambientale,DFFE South Africa,https://www.dffe.gov.za,,EN,ZA,,"Foreste, pesca e ambiente sudafricano"
🧩 Settori Specifici,Ambiente & Vigilanza Ambientale,EPA Ireland,https://www.epa.ie,,EN,IE,,Agenzia ambiente irlandese
🧩 Settori Specifici,Ambiente & Vigilanza Ambientale,EPA USA,https://www.epa.gov,,EN,US,,Agenzia protezione ambiente USA
🧩 Settori Specifici,Ambiente & Vigilanza Ambientale,IPBES — Biodiversity & Ecosystem Services,https://www.ipbes.net,,EN,Globale,,Piattaforma intergovernativa biodiversità ed ecosistemi
🧩 Settori Specifici,Ambiente & Vigilanza Ambientale,IRDAI,https://irdai.gov.in,,EN,IN,,Vigilanza assicurativa indiana
🧩 Settori Specifici,Ambiente & Vigilanza Ambientale,IUCN Red List,https://www.iucnredlist.org,,EN,Globale,,Lista rossa specie minacciate IUCN
🧩 Settori Specifici,Ambiente & Vigilanza Ambientale,Miljødirektoratet,https://www.miljodirektoratet.no,,NO/EN,NO,,Agenzia ambiente norvegese
🧩 Settori Specifici,Ambiente & Vigilanza Ambientale,MITECO,https://www.miteco.gob.es,,ES,ES,,Ministero transizione ecologica spagnolo
🧩 Settori Specifici,Ambiente & Vigilanza Ambientale,MOE Japan,https://www.env.go.jp,,JA/EN,JP,,Ministero ambiente giapponese
🧩 Settori Specifici,Ambiente & Vigilanza Ambientale,Naturvårdsverket,https://www.naturvardsverket.se,,SV/EN,SE,,Agenzia ambiente svedese
🧩 Settori Specifici,Ambiente & Vigilanza Ambientale,NESREA,https://www.nesrea.gov.ng,,EN,NG,,Enforcement ambientale nigeriano
🧩 Settori Specifici,Ambiente & Vigilanza Ambientale,Plastic Pollution Coalition,https://www.plasticpollutioncoalition.org,,EN,Globale,,Monitoraggio e advocacy inquinamento da plastica
🧩 Settori Specifici,Ambiente & Vigilanza Ambientale,RIVM,https://www.rivm.nl,,NL/EN,NL,,Sanità pubblica e ambiente olandese
🧩 Settori Specifici,Ambiente & Vigilanza Ambientale,SEPA — Scottish EPA,https://www.sepa.org.uk,,EN,GB,,Agenzia ambiente scozzese
🧩 Settori Specifici,Ambiente & Vigilanza Ambientale,SYKE,https://www.syke.fi,,FI/EN,FI,,Istituto ambiente finlandese
🧩 Settori Specifici,Ambiente & Vigilanza Ambientale,UBA — Umweltbundesamt,https://www.umweltbundesamt.de,,DE/EN,DE,,Agenzia ambiente tedesca
🧩 Settori Specifici,Ambiente & Vigilanza Ambientale,UNEP GRID-Arendal,https://www.grida.no,,EN,Globale,,Dati ambientali e visualizzazioni UNEP
🧩 Settori Specifici,Ambiente & Vigilanza Ambientale,UNEP-WCMC,https://www.unep-wcmc.org,,EN,Globale,,Centro monitoraggio conservazione UNEP
🧩 Settori Specifici,Associazioni Bancarie & Infrastrutture di Mercato,ABA — American Bankers Association,https://www.aba.com,,EN,US,,Banche statunitensi
🧩 Settori Specifici,Associazioni Bancarie & Infrastrutture di Mercato,ABA — Australian Banking Association,https://www.ausbanking.org.au,,EN,AU,,Banche australiane
🧩 Settori Specifici,Associazioni Bancarie & Infrastrutture di Mercato,ABI — Association of British Insurers,https://www.abi.org.uk,,EN,GB,,Assicuratori britannici
🧩 Settori Specifici,Associazioni Bancarie & Infrastrutture di Mercato,ABI — Associazione Bancaria Italiana,https://www.abi.it,,IT,IT,,Associazione banche italiane
🧩 Settori Specifici,Associazioni Bancarie & Infrastrutture di Mercato,ABM — Asociación de Bancos de México,https://www.abm.org.mx,,ES,MX,,Banche messicane
🧩 Settori Specifici,Associazioni Bancarie & Infrastrutture di Mercato,AEB — Asociación Española de Banca,https://www.aebanca.es,,ES,ES,,Banche spagnole
🧩 Settori Specifici,Associazioni Bancarie & Infrastrutture di Mercato,AFME,https://www.afme.eu,,EN,EU,,Mercati finanziari europei
🧩 Settori Specifici,Associazioni Bancarie & Infrastrutture di Mercato,ANIA,https://www.ania.it,,IT,IT,,Assicuratori italiani
🧩 Settori Specifici,Associazioni Bancarie & Infrastrutture di Mercato,Asobancaria,https://www.asobancaria.com,,ES,CO,,Banche colombiane
🧩 Settori Specifici,Associazioni Bancarie & Infrastrutture di Mercato,Bankenverband (BdB),https://bankenverband.de,,DE/EN,DE,,Banche private tedesche
🧩 Settori Specifici,Associazioni Bancarie & Infrastrutture di Mercato,BASA — Banking Association South Africa,https://www.banking.org.za,,EN,ZA,,Banche sudafricane
🧩 Settori Specifici,Associazioni Bancarie & Infrastrutture di Mercato,CBA — Canadian Bankers Association,https://cba.ca,,EN/FR,CA,,Banche canadesi
🧩 Settori Specifici,Associazioni Bancarie & Infrastrutture di Mercato,Clearstream,https://www.clearstream.com,,EN,EU,,Depositario centrale (Deutsche Börse)
🧩 Settori Specifici,Associazioni Bancarie & Infrastrutture di Mercato,CLS Group,https://www.cls-group.com,,EN,Globale,,Settlement valutario globale
🧩 Settori Specifici,Associazioni Bancarie & Infrastrutture di Mercato,DTCC,https://www.dtcc.com,,EN,US,,Clearing e settlement USA
🧩 Settori Specifici,Associazioni Bancarie & Infrastrutture di Mercato,EBF — European Banking Federation,https://www.ebf.eu,,EN,EU,,Federazione bancaria europea
🧩 Settori Specifici,Associazioni Bancarie & Infrastrutture di Mercato,Euroclear,https://www.euroclear.com,,EN,EU,,Depositario centrale europeo
🧩 Settori Specifici,Associazioni Bancarie & Infrastrutture di Mercato,FBF — Fédération Bancaire Française,https://www.fbf.fr,,FR,FR,,Federazione bancaria francese
🧩 Settori Specifici,Associazioni Bancarie & Infrastrutture di Mercato,Febelfin,https://www.febelfin.be,,FR/NL,BE,,Settore finanziario belga
🧩 Settori Specifici,Associazioni Bancarie & Infrastrutture di Mercato,Febraban,https://portal.febraban.org.br,,PT,BR,,Federazione banche brasiliane
🧩 Settori Specifici,Associazioni Bancarie & Infrastrutture di Mercato,GDV,https://www.gdv.de,,DE/EN,DE,,Assicuratori tedeschi
🧩 Settori Specifici,Associazioni Bancarie & Infrastrutture di Mercato,IBA — Indian Banks' Association,https://www.iba.org.in,,EN,IN,,Banche indiane
🧩 Settori Specifici,Associazioni Bancarie & Infrastrutture di Mercato,ICMA,https://www.icmagroup.org,,EN,Globale,,Mercati capitali internazionali
🧩 Settori Specifici,Associazioni Bancarie & Infrastrutture di Mercato,III — Insurance Information Institute,https://www.iii.org,,EN,US,,Dati assicurativi USA
🧩 Settori Specifici,Associazioni Bancarie & Infrastrutture di Mercato,Insurance Europe,https://www.insuranceeurope.eu,,EN,EU,,Federazione assicuratori europei
🧩 Settori Specifici,Associazioni Bancarie & Infrastrutture di Mercato,ISDA,https://www.isda.org,,EN,Globale,,"Derivati OTC, documentazione standard"
🧩 Settori Specifici,Associazioni Bancarie & Infrastrutture di Mercato,LCH,https://www.lch.com,,EN,GB,,Clearing house (LSEG)
🧩 Settori Specifici,Associazioni Bancarie & Infrastrutture di Mercato,NVB,https://www.nvb.nl,,NL,NL,,Banche olandesi
🧩 Settori Specifici,Associazioni Bancarie & Infrastrutture di Mercato,SIFMA,https://www.sifma.org,,EN,US,,Industria titoli USA
🧩 Settori Specifici,Associazioni Bancarie & Infrastrutture di Mercato,Swiss Bankers Association,https://www.swissbanking.ch,,DE/EN,CH,,Banche svizzere
🧩 Settori Specifici,Associazioni Bancarie & Infrastrutture di Mercato,The Geneva Association,https://www.genevaassociation.org,,EN,Globale,,Think tank assicurativo
🧩 Settori Specifici,Associazioni Bancarie & Infrastrutture di Mercato,UK Finance,https://www.ukfinance.org.uk,,EN,GB,,Settore finanziario britannico
🧩 Settori Specifici,Associazioni Bancarie & Infrastrutture di Mercato,Zenginkyo — Japanese Bankers Association,https://www.zenginkyo.or.jp,,JA/EN,JP,,Banche giapponesi
🧩 Settori Specifici,"Associazioni Industriali, di Categoria & Turismo",ACEA,https://www.acea.auto,,EN,EU,,"Costruttori auto europei, dati immatricolazioni"
🧩 Settori Specifici,"Associazioni Industriali, di Categoria & Turismo",ACI — Airports Council International,https://aci.aero,,EN,Globale,,"Aeroporti mondiali, traffico"
🧩 Settori Specifici,"Associazioni Industriali, di Categoria & Turismo",American Chemistry Council,https://www.americanchemistry.com,,EN,US,,Chimica USA
🧩 Settori Specifici,"Associazioni Industriali, di Categoria & Turismo",American Farm Bureau,https://www.fb.org,,EN,US,,Agricoltori USA
🧩 Settori Specifici,"Associazioni Industriali, di Categoria & Turismo",ANCE,https://ance.it,,IT,IT,,Costruttori edili italiani
🧩 Settori Specifici,"Associazioni Industriali, di Categoria & Turismo",ANFIA,https://www.anfia.it,,IT,IT,,Filiera automotive italiana
🧩 Settori Specifici,"Associazioni Industriali, di Categoria & Turismo",Atout France,https://www.atout-france.fr,,FR,FR,,Ente turismo francese
🧩 Settori Specifici,"Associazioni Industriali, di Categoria & Turismo",Austria Info,https://www.austria.info,,Multi,AT,,Ente turismo austriaco
🧩 Settori Specifici,"Associazioni Industriali, di Categoria & Turismo",BDI,https://bdi.eu,,DE/EN,DE,,Industria tedesca
🧩 Settori Specifici,"Associazioni Industriali, di Categoria & Turismo",Bitkom,https://www.bitkom.org,,DE/EN,DE,,Digitale tedesco
🧩 Settori Specifici,"Associazioni Industriali, di Categoria & Turismo",BUSA — Business Unity South Africa,https://busa.org.za,,EN,ZA,,Imprese sudafricane
🧩 Settori Specifici,"Associazioni Industriali, di Categoria & Turismo",Business Roundtable,https://www.businessroundtable.org,,EN,US,,CEO grandi imprese USA
🧩 Settori Specifici,"Associazioni Industriali, di Categoria & Turismo",BusinessEurope,https://www.businesseurope.eu,,EN,EU,,Confederazione imprese europee
🧩 Settori Specifici,"Associazioni Industriali, di Categoria & Turismo",CBI — Confederation of British Industry,https://www.cbi.org.uk,,EN,GB,,Industria britannica
🧩 Settori Specifici,"Associazioni Industriali, di Categoria & Turismo",CCE — Consejo Coordinador Empresarial,https://cce.org.mx,,ES,MX,,Imprese messicane
🧩 Settori Specifici,"Associazioni Industriali, di Categoria & Turismo",Cefic,https://cefic.org,,EN,EU,,Industria chimica europea
🧩 Settori Specifici,"Associazioni Industriali, di Categoria & Turismo",CEOE,https://www.ceoe.es,,ES,ES,,Imprese spagnole
🧩 Settori Specifici,"Associazioni Industriali, di Categoria & Turismo",Confagricoltura,https://www.confagricoltura.it,,IT,IT,,Imprese agricole italiane
🧩 Settori Specifici,"Associazioni Industriali, di Categoria & Turismo",Confesercenti,https://www.confesercenti.it,,IT,IT,,PMI commercio italiane
🧩 Settori Specifici,"Associazioni Industriali, di Categoria & Turismo",Confindustria,https://www.confindustria.it,,IT,IT,,Industria italiana
🧩 Settori Specifici,"Associazioni Industriali, di Categoria & Turismo",Copa-Cogeca,https://copa-cogeca.eu,,EN,EU,,Agricoltori e cooperative europee
🧩 Settori Specifici,"Associazioni Industriali, di Categoria & Turismo",DigitalEurope,https://www.digitaleurope.org,,EN,EU,,Industria digitale europea
🧩 Settori Specifici,"Associazioni Industriali, di Categoria & Turismo",EFPIA,https://www.efpia.eu,,EN,EU,,Industria farmaceutica europea
🧩 Settori Specifici,"Associazioni Industriali, di Categoria & Turismo",Embratur,https://embratur.com.br,,PT,BR,,Ente turismo brasiliano
🧩 Settori Specifici,"Associazioni Industriali, di Categoria & Turismo",ENIT,https://www.enit.it,,IT,IT,,Agenzia nazionale turismo italiana
🧩 Settori Specifici,"Associazioni Industriali, di Categoria & Turismo",EuroCommerce,https://www.eurocommerce.eu,,EN,EU,,Commercio e retail europei
🧩 Settori Specifici,"Associazioni Industriali, di Categoria & Turismo",Farmindustria,https://www.farmindustria.it,,IT,IT,,Farmaceutica italiana
🧩 Settori Specifici,"Associazioni Industriali, di Categoria & Turismo",Federalimentare,https://www.federalimentare.it,,IT,IT,,Alimentare italiano
🧩 Settori Specifici,"Associazioni Industriali, di Categoria & Turismo",Federchimica,https://www.federchimica.it,,IT,IT,,Chimica italiana
🧩 Settori Specifici,"Associazioni Industriali, di Categoria & Turismo",FIATA,https://fiata.org,,EN,Globale,,Spedizionieri internazionali
🧩 Settori Specifici,"Associazioni Industriali, di Categoria & Turismo",FIEC,https://www.fiec.eu,,EN,EU,,Costruzioni europee
🧩 Settori Specifici,"Associazioni Industriali, di Categoria & Turismo",FIESP,https://www.fiesp.com.br,,PT,BR,,Industria di San Paolo
🧩 Settori Specifici,"Associazioni Industriali, di Categoria & Turismo",FoodDrinkEurope,https://www.fooddrinkeurope.eu,,EN,EU,,Industria alimentare europea
🧩 Settori Specifici,"Associazioni Industriali, di Categoria & Turismo",German National Tourist Board,https://www.germany.travel,,Multi,DE,,Ente turismo tedesco
🧩 Settori Specifici,"Associazioni Industriali, di Categoria & Turismo",HOTREC,https://www.hotrec.eu,,EN,EU,,Ospitalità europea
🧩 Settori Specifici,"Associazioni Industriali, di Categoria & Turismo",IFPMA,https://www.ifpma.org,,EN,Globale,,Farmaceutica mondiale
🧩 Settori Specifici,"Associazioni Industriali, di Categoria & Turismo",IRU,https://www.iru.org,,EN,Globale,,Trasporto stradale mondiale
🧩 Settori Specifici,"Associazioni Industriali, di Categoria & Turismo",ITI — Information Technology Industry Council,https://www.itic.org,,EN,US,,Big Tech policy
🧩 Settori Specifici,"Associazioni Industriali, di Categoria & Turismo",JAMA,https://www.jama.or.jp,,JA/EN,JP,,Costruttori auto giapponesi
🧩 Settori Specifici,"Associazioni Industriali, di Categoria & Turismo",JNTO,https://www.japan.travel,,Multi,JP,,Ente turismo giapponese
🧩 Settori Specifici,"Associazioni Industriali, di Categoria & Turismo",Keidanren,https://www.keidanren.or.jp,,JA/EN,JP,,Federazione imprese giapponesi
🧩 Settori Specifici,"Associazioni Industriali, di Categoria & Turismo",MEDEF,https://www.medef.com,,FR,FR,,Imprese francesi
🧩 Settori Specifici,"Associazioni Industriali, di Categoria & Turismo",NAHB,https://www.nahb.org,,EN,US,,Home builders USA
🧩 Settori Specifici,"Associazioni Industriali, di Categoria & Turismo",NAM — National Association of Manufacturers,https://nam.org,,EN,US,,Manifattura USA
🧩 Settori Specifici,"Associazioni Industriali, di Categoria & Turismo",NAR — National Association of Realtors,https://www.nar.realtor,,EN,US,,"Agenti immobiliari USA, dati mercato"
🧩 Settori Specifici,"Associazioni Industriali, di Categoria & Turismo",NFU,https://www.nfuonline.com,,EN,GB,,Agricoltori britannici
🧩 Settori Specifici,"Associazioni Industriali, di Categoria & Turismo",NRF — National Retail Federation,https://nrf.com,,EN,US,,Retail USA
🧩 Settori Specifici,"Associazioni Industriali, di Categoria & Turismo",OICA,https://www.oica.net,,EN,Globale,,"Costruttori auto mondiali, statistiche produzione"
🧩 Settori Specifici,"Associazioni Industriali, di Categoria & Turismo",PhRMA,https://phrma.org,,EN,US,,Farmaceutica USA
🧩 Settori Specifici,"Associazioni Industriali, di Categoria & Turismo",RICS,https://www.rics.org,,EN,Globale,,"Chartered surveyors, standard immobiliari"
🧩 Settori Specifici,"Associazioni Industriali, di Categoria & Turismo",SEMI,https://www.semi.org,,EN,Globale,,"Industria semiconduttori, dati fab"
🧩 Settori Specifici,"Associazioni Industriali, di Categoria & Turismo",SIA — Semiconductor Industry Association,https://www.semiconductors.org,,EN,US,,Semiconduttori USA
🧩 Settori Specifici,"Associazioni Industriali, di Categoria & Turismo",SMMT,https://www.smmt.co.uk,,EN,GB,,Automotive britannico
🧩 Settori Specifici,"Associazioni Industriali, di Categoria & Turismo",STB — Singapore Tourism Board,https://www.stb.gov.sg,,EN,SG,,Ente turismo di Singapore
🧩 Settori Specifici,"Associazioni Industriali, di Categoria & Turismo",Switzerland Tourism,https://www.myswitzerland.com,,Multi,CH,,Ente turismo svizzero
🧩 Settori Specifici,"Associazioni Industriali, di Categoria & Turismo",TAT Newsroom,https://www.tatnews.org,,EN,TH,,"Ente turismo thailandese, newsroom"
🧩 Settori Specifici,"Associazioni Industriali, di Categoria & Turismo",techUK,https://www.techuk.org,,EN,GB,,Settore tech britannico
🧩 Settori Specifici,"Associazioni Industriali, di Categoria & Turismo",Tourism Australia,https://www.tourism.australia.com,,EN,AU,,Ente turismo australiano
🧩 Settori Specifici,"Associazioni Industriali, di Categoria & Turismo",Turespaña,https://www.tourspain.es,,ES,ES,,Ente turismo spagnolo
🧩 Settori Specifici,"Associazioni Industriali, di Categoria & Turismo",TÜSİAD,https://tusiad.org,,TR/EN,TR,,Industria e business turchi
🧩 Settori Specifici,"Associazioni Industriali, di Categoria & Turismo",UIA — Unión Industrial Argentina,https://uia.org.ar,,ES,AR,,Industria argentina
🧩 Settori Specifici,"Associazioni Industriali, di Categoria & Turismo",UIC — International Union of Railways,https://uic.org,,EN/FR,Globale,,Ferrovie mondiali
🧩 Settori Specifici,"Associazioni Industriali, di Categoria & Turismo",UITP,https://www.uitp.org,,EN,Globale,,Trasporto pubblico internazionale
🧩 Settori Specifici,"Associazioni Industriali, di Categoria & Turismo",ULI — Urban Land Institute,https://uli.org,,EN,Globale,,Real estate e uso del suolo
🧩 Settori Specifici,"Associazioni Industriali, di Categoria & Turismo",VCI,https://www.vci.de,,DE,DE,,Chimica tedesca
🧩 Settori Specifici,"Associazioni Industriali, di Categoria & Turismo",VDA,https://www.vda.de,,DE/EN,DE,,Industria automobilistica tedesca
🧩 Settori Specifici,"Associazioni Industriali, di Categoria & Turismo",VisitBritain,https://www.visitbritain.org,,EN,GB,,"Ente turismo britannico, dati"
🧩 Settori Specifici,"Associazioni Industriali, di Categoria & Turismo",VNO-NCW,https://www.vno-ncw.nl,,NL,NL,,Imprese olandesi
🧩 Settori Specifici,"Associazioni Industriali, di Categoria & Turismo",WTTC,https://wttc.org,,EN,Globale,,Consiglio mondiale viaggi e turismo
